allocated_segments,disk,payload_bytes,records,seconds,segments
38,0,81151296620,95135,30.00022245,14307
71,0,151277413140,177345,60.000921141,14307
110,0,235789577040,276420,90.001066593,14307
147,0,313742078660,367805,120.002410122,14307
178,0,381748460360,447530,150.002882038,14307
211,0,451981203380,529865,180.00305097,14307
244,0,522380283740,612395,210.004430779,14307
277,0,592250496660,694305,240.006236389,14307
312,0,668492709220,783685,270.006501531,14307
347,0,743438343540,871545,300.007070946,14307
380,0,813436508260,953605,330.007433956,14307
414,0,886812600500,1039625,360.008767707,14307
446,0,955731705040,1120420,390.009605657,14307
482,0,1033470953660,1211555,420.01128023,14307
514,0,1100607263120,1290260,450.012293876,14307
545,0,1169176632740,1370645,480.013444324,14307
579,0,1240791255200,1454600,510.014786005,14307
612,0,1311753323480,1537790,540.014977251,14307
646,0,1384988668740,1623645,570.016725507,14307
678,0,1452734881780,1703065,600.017265583,14307
711,0,1524712034340,1787445,630.018003202,14307
743,0,1592910343740,1867395,660.018796139,14307
774,0,1658379014740,1944145,690.019698823,14307
812,0,1741914479900,2042075,720.021748178,14307
843,0,1806628235280,2117940,750.021995116,14307
875,0,1875355412120,2198510,780.023744795,14307
909,0,1948036299580,2283715,810.025055459,14307
947,0,2030641981660,2380555,840.025342384,14307
981,0,2103954098000,2466500,870.025487193,14307
1020,0,2186312406600,2563050,900.025968803,14307
1060,0,2272214980060,2663755,930.027717423,14307
1093,0,2344682614520,2748710,960.028195922,14307
1130,0,2422221405320,2839610,990.030353255,14307
1173,0,2516202002420,2949785,1020.032651021,14307
1209,0,2591697829480,3038290,1050.03310448,14307
1243,0,2665137897620,3124385,1080.033365669,14307
1276,0,2737396544140,3209095,1110.033572989,14307
1308,0,2805697214980,3289165,1140.035005005,14307
1343,0,2879947644520,3376210,1170.035615995,14307
1375,0,2948960580380,3457115,1200.036316891,14307
1406,0,3016148070560,3535880,1230.036506693,14307
1444,0,3096898451540,3630545,1260.037503159,14307
1475,0,3163603989940,3708745,1290.039053161,14307
1507,0,3232578540260,3789605,1320.039958142,14307
1540,0,3302858198940,3871995,1350.040586398,14307
1571,0,3370126725260,3950855,1380.041818703,14307
1602,0,3436806673300,4029025,1410.042609755,14307
1634,0,3504787464640,4108720,1440.043005781,14307
1666,0,3573919822180,4189765,1470.044757012,14307
1698,0,3641388806320,4268860,1500.045965841,14307
1736,0,3722838657140,4364345,1530.047421194,14307
1774,0,3803896122440,4459370,1560.048089536,14307
1812,0,3886066768400,4555700,1590.04861307,14307
1846,0,3958794571520,4640960,1620.048919415,14307
1877,0,4025359362940,4718995,1650.049627337,14307
1911,0,4098057310640,4804220,1680.050352434,14307
1956,0,4196012943660,4919055,1710.052151003,14307
1999,0,4286530312040,5025170,1740.053420582,14307
2032,0,4357671512840,5108570,1770.053512965,14307
2064,0,4426965942660,5189805,1800.055138822,14307
2099,0,4502568396220,5278435,1830.055372847,14307
2141,0,4591051330980,5382165,1860.055461301,14307
2173,0,4660136772860,5463155,1890.056464818,14307
2204,0,4726240937800,5540650,1920.057212089,14307
2234,0,4791598717240,5617270,1950.057284172,14307
2263,0,4854806906440,5691370,1980.057908322,14307
2295,0,4922941239940,5771245,2010.059497816,14307
2330,0,4996611621320,5857610,2040.0598302,14307
2363,0,5067940484760,5941230,2070.06071685,14307
2394,0,5133886842480,6018540,2100.062133865,14307
2428,0,5206934525100,6104175,2130.06265327,14307
2459,0,5274825750180,6183765,2160.062779293,14307
2495,0,5352193938580,6274465,2190.063837199,14307
2527,0,5420396513040,6354420,2220.065535729,14307
2577,0,5527918675640,6480470,2250.066290579,14307
2609,0,5596402744060,6560755,2280.067052822,14307
2642,0,5666951101520,6643460,2310.067776683,14307
2678,0,5743167723720,6732810,2340.0692333,14307
2710,0,5812909984840,6814570,2370.070051338,14307
2742,0,5881052848460,6894455,2400.070877748,14307
2776,0,5953307229920,6979160,2430.071839103,14307
2807,0,6020857250200,7058350,2460.073077641,14307
2840,0,6091388547420,7141035,2490.073212459,14307
2872,0,6161292880820,7222985,2520.074384242,14307
2919,0,6261807549840,7340820,2550.076357341,14307
2951,0,6330347064040,7421170,2580.078203411,14307
2985,0,6402204794920,7505410,2610.079506722,14307
3019,0,6474770525760,7590480,2640.081360117,14307
3050,0,6542457027960,7669830,2670.083377473,14307
3084,0,6615376758780,7755315,2700.083944581,14307
3117,0,6686436923440,7838620,2730.084657644,14307
3149,0,6755338967740,7919395,2760.086172698,14307
3183,0,6826996240800,8003400,2790.087181218,14307
3220,0,6907827657920,8098160,2820.08765964,14307
3256,0,6983639099420,8187035,2850.088220584,14307
3289,0,7055799649560,8271630,2880.08992814,14307
3327,0,7136686512460,8366455,2910.092173878,14307
3359,0,7205473400140,8447095,2940.092374511,14307
3391,0,7274537516720,8528060,2970.092563976,14307
3423,0,7341840163520,8606960,3000.093526132,14307
3454,0,7409624762100,8686425,3030.093797963,14307
3487,0,7479533360560,8768380,3060.094781549,14307
3519,0,7548217886800,8848900,3090.096077586,14307
3559,0,7634052219300,8949525,3120.096169099,14307
3599,0,7719818310840,9050070,3150.096465149,14307
3631,0,7787794837120,9129760,3180.097383072,14307
3666,0,7863550832840,9218570,3210.099491333,14307
3700,0,7935975816700,9303475,3240.100665492,14307
3731,0,8002869017740,9381895,3270.100757212,14307
3763,0,8072044025880,9462990,3300.101620204,14307
3795,0,8140468383460,9543205,3330.102009943,14307
3829,0,8212462596260,9627605,3360.103582246,14307
3867,0,8293848471180,9723015,3390.1043394,14307
3903,0,8372632659500,9815375,3420.105861024,14307
3936,0,8443112776000,9898000,3450.105963871,14307
3978,0,8532649180580,10002965,3480.106426706,14307
4025,0,8633138259240,10120770,3510.106711428,14307
4056,0,8700956978300,10200275,3540.107373434,14307
4085,0,8761554950780,10271315,3570.109297713,14307
4119,0,8834534392440,10356870,3600.110362776,14307
4153,0,8909531207480,10444790,3630.110602504,14307
4188,0,8984297709280,10532440,3660.111695711,14307
4220,0,9052790307820,10612735,3690.112010061,14307
4252,0,9121308496720,10693060,3720.112892996,14307
4292,0,9206921046100,10793425,3750.113042218,14307
4324,0,9274257813380,10872365,3780.11423083,14307
4358,0,9347258580340,10957945,3810.116008345,14307
4389,0,9415409974080,11037840,3840.116736727,14307
4435,0,9512465679440,11151620,3870.117920742,14307
4466,0,9579081651580,11229715,3900.119393605,14307
4497,0,9647160539300,11309525,3930.120795788,14307
4532,0,9720630462860,11395655,3960.121053327,14307
4564,0,9790564651680,11477640,3990.123153346,14307
4603,0,9873737586740,11575145,4020.123382616,14307
4637,0,9947019847660,11661055,4050.123505246,14307
4668,0,10012846783700,11738225,4080.124998232,14307
4698,0,10078306924580,11814965,4110.12535761,14307
4731,0,10148381860380,11897115,4140.126525226,14307
4770,0,10232672241160,11995930,4170.127233743,14307
4801,0,10299100550660,12073805,4200.127600596,14307
4832,0,10365315607160,12151430,4230.128897584,14307
4866,0,10437817362100,12236425,4260.130472978,14307
4899,0,10509338153240,12320270,4290.130749928,14307
4932,0,10579421619160,12402430,4320.13261075,14307
4963,0,10647210482800,12481900,4350.132746452,14307
4997,0,10719315587160,12566430,4380.133269887,14307
5027,0,10784489969020,12642835,4410.135015104,14307
5059,0,10851519651980,12721415,4440.13520662,14307
5090,0,10917645142220,12798935,4470.136457989,14307
5128,0,10999905354440,12895370,4500.138274952,14307
5162,0,11074002241820,12982235,4530.140081426,14307
5199,0,11152939972300,13074775,4560.141940193,14307
5231,0,11221517872040,13155170,4590.14269689,14307
5262,0,11288696832100,13233925,4620.143574106,14307
5298,0,11363962345920,13322160,4650.145685714,14307
5329,0,11432071089060,13402005,4680.146775754,14307
5360,0,11497706097400,13478950,4710.147101045,14307
5390,0,11563072406960,13555580,4740.148665153,14307
5423,0,11632098138000,13636500,4770.149356216,14307
5455,0,11702744591840,13719320,4800.150273517,14307
5489,0,11773945503480,13802790,4830.151876655,14307
5523,0,11848575523360,13890280,4860.153248071,14307
5556,0,11917643905000,13971250,4890.153736403,14307
5586,0,11983752335000,14048750,4920.154229171,14307
5620,0,12055575945400,14132950,4950.155519478,14307
5652,0,12125377917360,14214780,4980.15691071,14307
5683,0,12191059841360,14291780,5010.157312402,14307
5714,0,12258336897800,14370650,5040.158639579,14307
5750,0,12334566315180,14460015,5070.159982325,14307
5784,0,12407682238760,14545730,5100.160768911,14307
5820,0,12484559945260,14635855,5130.16159654,14307
5852,0,12553474784740,14716645,5160.163410937,14307
5886,0,12625771816800,14801400,5190.165251685,14307
5921,0,12701288969160,14889930,5220.166892175,14307
5953,0,12769709061680,14970140,5250.167815647,14307
5982,0,12832793564140,15044095,5280.168587317,14307
6015,0,12902045343360,15125280,5310.169876378,14307
6051,0,12979925338960,15216580,5340.170275793,14307
6083,0,13048341166420,15296785,5370.171488534,14307
6115,0,13117247475780,15377565,5400.172439942,14307
6147,0,13185450050240,15457520,5430.172692424,14307
6179,0,13255098480040,15539170,5460.173090638,14307
6214,0,13329566427640,15626470,5490.173666663,14307
6247,0,13400775869400,15709950,5520.175090485,14307
6286,0,13484183382760,15807730,5550.176095404,14307
6318,0,13553695330640,15889220,5580.176765921,14307
6349,0,13620567206380,15967615,5610.177305744,14307
6381,0,13687528648380,16046115,5640.178526372,14307
6413,0,13757769921520,16128460,5670.179626857,14307
6444,0,13823984978020,16206085,5700.181650353,14307
6484,0,13908932178040,16305670,5730.182959736,14307
6519,0,13984035619580,16393715,5760.185237649,14307
6552,0,14054502940900,16476325,5790.186597332,14307
6584,0,14123746190000,16557500,5820.187324804,14307
6617,0,14195023872720,16641060,5850.187441671,14307
6652,0,14269005603480,16727790,5880.187918957,14307
6687,0,14344062129360,16815780,5910.188667276,14307
6717,0,14408204366700,16890975,5940.189380165,14307
6749,0,14477464676040,16972170,5970.190890087,14307
6781,0,14545616069780,17052065,6000.191408197,14307
6812,0,14613528620160,17131680,6030.193368114,14307
6844,0,14681445435600,17211300,6060.195166908,14307
6875,0,14748372757120,17289760,6090.195866702,14307
6907,0,14817099933960,17370330,6120.197755945,14307
6938,0,14883063351920,17447660,6150.19798598,14307
6970,0,14952899444360,17529530,6180.199110626,14307
7002,0,15020022958640,17608220,6210.199312705,14307
7033,0,15087884328300,17687775,6240.199604737,14307
7066,0,15158014709880,17769990,6270.199836057,14307
7099,0,15227547983060,17851505,6300.200653001,14307
7131,0,15297733810420,17933785,6330.202120077,14307
7165,0,15369621396720,18018060,6360.203248907,14307
7203,0,15450806813820,18113235,6390.204181976,14307
7234,0,15518493316020,18192585,6420.205314114,14307
7266,0,15587207697680,18273140,6450.205770866,14307
7300,0,15658788199660,18357055,6480.206579437,14307
7335,0,15734019593000,18445250,6510.20714581,14307
7369,0,15806952119000,18530750,6540.208932951,14307
7400,0,15874489344100,18609925,6570.209879519,14307
7430,0,15939761822340,18686445,6600.211754296,14307
7461,0,16006121890880,18764240,6630.212687185,14307
7492,0,16071232296840,18840570,6660.213488704,14307
7523,0,16137234100340,18917945,6690.21443146,14307
7554,0,16204971783260,18997355,6720.216192136,14307
7586,0,16273396140840,19077570,6750.216507772,14307
7618,0,16342494377900,19158575,6780.218092629,14307
7650,0,16411660855920,19239660,6810.219926523,14307
7681,0,16477411020880,19316740,6840.221571739,14307
7718,0,16555589570680,19408390,6870.223377145,14307
7753,0,16631029951960,19496830,6900.224328959,14307
7786,0,16702444116600,19580550,6930.224757942,14307
7824,0,16783194497580,19675215,6960.226611459,14307
7859,0,16860072204080,19765340,6990.228656762,14307
7892,0,16930330537460,19847705,7020.229328382,14307
7923,0,16996434702400,19925200,7050.230107394,14307
7954,0,17063353493800,20003650,7080.231684262,14307
7986,0,17131645634520,20083710,7110.231759301,14307
8019,0,17201626739000,20165750,7140.233778828,14307
8050,0,17268217120780,20243815,7170.234567627,14307
8080,0,17334082442360,20321030,7200.234760981,14307
8114,0,17405249233520,20404460,7230.236549694,14307
8145,0,17472091253840,20482820,7260.236918535,14307
8175,0,17537095033300,20559025,7290.237245036,14307
8206,0,17604154571680,20637640,7320.237679652,14307
8237,0,17669960182420,20714785,7350.238004914,14307
8268,0,17736537769020,20792835,7380.238919629,14307
8298,0,17801085187060,20868505,7410.240880064,14307
8332,0,17874004917880,20953990,7440.241149335,14307
8364,0,17942075275480,21033790,7470.243257508,14307
8397,0,18013186620860,21117155,7500.243703085,14307
8428,0,18079427267720,21194810,7530.244276886,14307
8459,0,18146712854280,21273690,7560.245628027,14307
8495,0,18222984922260,21363105,7590.246576183,14307
8527,0,18291490315980,21443415,7620.248318747,14307
8559,0,18360673854240,21524520,7650.248668224,14307
8593,0,18432808814020,21609085,7680.250808027,14307
8626,0,18505127171380,21693865,7710.253220477,14307
8658,0,18573351071140,21773845,7740.254657868,14307
8690,0,18641323332360,21853530,7770.254854977,14307
8720,0,18705781184140,21929095,7800.255983566,14307
8752,0,18774201276660,22009305,7830.256275302,14307
8782,0,18839942911500,22086375,7860.258274523,14307
8813,0,18906123847520,22163960,7890.258851041,14307
8852,0,18989544156060,22261755,7920.259845821,14307
8885,0,19059738513540,22344045,7950.260791437,14307
8924,0,19143632243740,22442395,7980.26230996,14307
8957,0,19215447324020,22526585,8010.263829369,14307
8988,0,19281798862440,22604370,8040.264424473,14307
9021,0,19351809822340,22686445,8070.265511753,14307
9054,0,19421658709960,22768330,8100.265761397,14307
9083,0,19485365911180,22843015,8130.267524475,14307
9117,0,19557803690220,22927935,8160.268003984,14307
9153,0,19635517348480,23019040,8190.26889322,14307
9182,0,19697753104000,23092000,8220.270542275,14307
9219,0,19776938207960,23184830,8250.272235914,14307
9254,0,19852173866360,23273030,8280.272496915,14307
9286,0,19921459766060,23354255,8310.274957746,14307
9323,0,19999045472520,23445210,8340.276702335,14307
9361,0,20080371636600,23540550,8370.278665554,14307
9397,0,20158208981600,23631800,8400.280118065,14307
9433,0,20235969555520,23722960,8430.281968561,14307
9464,0,20302124901180,23800515,8460.282217723,14307
9497,0,20373125355000,23883750,8490.282892689,14307
9529,0,20441758700520,23964210,8520.283348244,14307
9565,0,20519118358800,24054900,8550.283638792,14307
9602,0,20598431414560,24147880,8580.285448432,14307
9641,0,20681442277340,24245195,8610.287216593,14307
9682,0,20769720489220,24348685,8640.288108705,14307
9715,0,20839859400920,24430910,8670.288221734,14307
9747,0,20909802119860,24512905,8700.290315002,14307
9782,0,20984240212040,24600170,8730.291230335,14307
9814,0,21053538906920,24681410,8760.292648439,14307
9850,0,21129751264060,24770755,8790.292847812,14307
9887,0,21209460970400,24864200,8820.29311809,14307
9920,0,21279582821860,24946405,8850.293561184,14307
9957,0,21359075010140,25039595,8880.293932382,14307
9987,0,21424356018500,25116125,8910.295758655,14307
10021,0,21496358761420,25200535,8940.296723056,14307
10053,0,21564821504540,25280795,8970.299119402,14307
10094,0,21653291644120,25384510,9000.300153235,14307
10133,0,21736686362300,25482275,9030.300540095,14307
10175,0,21828641055900,25590075,9060.301317006,14307
10210,0,21902934136040,25677170,9090.303244257,14307
10240,0,21967861144420,25753285,9120.304299927,14307
10272,0,22036208730920,25833410,9150.306376672,14307
10302,0,22100739088720,25909060,9180.307788394,14307
10333,0,22166280265740,25985895,9210.309100236,14307
10364,0,22233049780040,26064170,9240.310036311,14307
10396,0,22301644740020,26144585,9270.310864492,14307
10427,0,22368043194100,26222425,9300.311335798,14307
10458,0,22434765792740,26300645,9330.311758373,14307
10490,0,22503974921360,26381780,9360.313297799,14307
10523,0,22573956025840,26463820,9390.31513167,14307
10555,0,22642559515940,26544245,9420.315791594,14307
10589,0,22716434620200,26630850,9450.316897466,14307
10624,0,22790429146140,26717595,9480.31762831,14307
10654,0,22856012973760,26794480,9510.31926113,14307
10689,0,22931308343000,26882750,9540.319480598,14307
10721,0,22999088676520,26962210,9570.320076348,14307
10752,0,23065725973960,27040330,9600.320498679,14307
10784,0,23133229078580,27119465,9630.322985794,14307
10816,0,23202489387920,27200660,9660.32460425,14307
10852,0,23280228636540,27291795,9690.325614012,14307
10884,0,23347770126700,27370975,9720.326171306,14307
10917,0,23419128845560,27454630,9750.326733139,14307
10948,0,23486277950200,27533350,9780.327001139,14307
10982,0,23559410934020,27619085,9810.327263036,14307
11014,0,23628342833740,27699895,9840.329126808,14307
11053,0,23710398323080,27796090,9870.329720932,14307
11084,0,23777504777120,27874760,9900.330476038,14307
11115,0,23843762484220,27952435,9930.330821848,14307
11146,0,23910544793700,28030725,9960.332338057,14307
11179,0,23980666645160,28112930,9990.333898257,14307
11212,0,24051918737520,28196460,10020.334107057,14307
11243,0,24119319480700,28275475,10050.336107822,14307
11274,0,24186050609460,28353705,10080.337032571,14307
11308,0,24258057617440,28438120,10110.338014247,14307
11340,0,24326307107560,28518130,10140.338859526,14307
11372,0,24396062163860,28599905,10170.340530767,14307
11403,0,24461918955320,28677110,10200.34154523,14307
11434,0,24527762951600,28754300,10230.341866576,14307
11465,0,24595871694740,28834145,10260.343336125,14307
11497,0,24663839690900,28913825,10290.345205273,14307
11530,0,24733496650820,28995485,10320.345590359,14307
11570,0,24819501585720,29096310,10350.347587208,14307
11601,0,24886254039780,29174565,10380.348536344,14307
11636,0,24961093047600,29262300,10410.35029494,14307
11672,0,25039092464880,29353740,10440.350621849,14307
11708,0,25115816629220,29443685,10470.351828066,14307
11739,0,25182517902560,29521880,10500.352022769,14307
11775,0,25259532090980,29612165,10530.353728915,14307
11808,0,25331027291760,29695980,10560.354014374,14307
11841,0,25401916854020,29779085,10590.355044312,14307
11873,0,25469526585140,29858345,10620.356028824,14307
11903,0,25534986726020,29935085,10650.356360781,14307
11935,0,25604276890780,30016315,10680.357309284,14307
11973,0,25684903585020,30110835,10710.359578534,14307
12005,0,25753831219680,30191640,10740.360702708,14307
12039,0,25825509818040,30275670,10770.362971184,14307
12069,0,25891196007100,30352675,10800.364631064,14307
12100,0,25957914340680,30430890,10830.365958955,14307
12131,0,26022888264720,30507060,10860.367684929,14307
12164,0,26094464501640,30590970,10890.367815631,14307
12199,0,26169273654040,30678670,10920.368694862,14307
12233,0,26243754396820,30765985,10950.371166362,14307
12270,0,26322662271880,30858490,10980.372780599,14307
12303,0,26391965231820,30939735,11010.373049624,14307
12338,0,26468608360020,31029585,11040.374113947,14307
12369,0,26534866067120,31107260,11070.374594377,14307
12401,0,26602804207860,31186905,11100.376309137,14307
12432,0,26669872276360,31265530,11130.377677674,14307
12465,0,26741320561480,31349290,11160.379024345,14307
12500,0,26816278990980,31437165,11190.380758243,14307
12535,0,26890576336180,31524265,11220.381541423,14307
12570,0,26966430428280,31613190,11250.381867081,14307
12602,0,27033843966640,31692220,11280.383681443,14307
12632,0,27098340203960,31767830,11310.384439202,14307
12665,0,27169191380680,31850890,11340.386111199,14307
12694,0,27232015714480,31924540,11370.386320249,14307
12726,0,27299996505820,32004235,11400.388014692,14307
12758,0,27369167248900,32085325,11430.388301801,14307
12791,0,27439933124420,32168285,11460.389283367,14307
12821,0,27504723650880,32244240,11490.389750378,14307
12854,0,27574981984260,32326605,11520.389811662,14307
12886,0,27642732462360,32406030,11550.3909512,14307
12918,0,27712274265660,32487555,11580.391387828,14307
12958,0,27798603345120,32588760,11610.392761218,14307
12989,0,27863944064320,32665360,11640.392978002,14307
13026,0,27943875553780,32759065,11670.393114224,14307
13055,0,28006439718920,32832410,11700.394205528,14307
13086,0,28073358510320,32910860,11730.394407164,14307
13119,0,28143288434080,32992840,11760.394673748,14307
13151,0,28212698020520,33074210,11790.396428683,14307
13188,0,28290902160680,33165890,11820.397729199,14307
13219,0,28358435120720,33245060,11850.399442421,14307
13250,0,28424257791700,33322225,11880.401074009,14307
13280,0,28488881980820,33397985,11910.401264594,14307
13315,0,28564740337980,33486915,11940.402110547,14307
13347,0,28632785105220,33566685,11970.402640079,14307
13378,0,28698654691860,33643905,12000.403143593,14307
13409,0,28766085290460,33722955,12030.403451051,14307
13446,0,28844860948660,33815305,12060.40359161,14307
13480,0,28918309546920,33901410,12090.405430687,14307
13512,0,28985727350340,33980445,12120.406435411,14307
13549,0,29066426550600,34075050,12150.407668617,14307
13581,0,29134565149160,34154930,12180.408280709,14307
13616,0,29209480928060,34242755,12210.408408149,14307
13648,0,29277547020600,34322550,12240.408786636,14307
13689,0,29366767810740,34427145,12270.409406297,14307
13734,0,29462710335440,34539620,12300.409919392,14307
13782,0,29564837197140,34659345,12330.410255759,14307
13828,0,29664921095100,34776675,12360.411522578,14307
13875,0,29766258920700,34895475,12390.412466789,14307
13918,0,29858439662480,35003540,12420.414107045,14307
13960,0,29947016428560,35107380,12450.415096656,14307
14007,0,30048290278260,35226105,12480.415881637,14307
14051,0,30142676056060,35336755,12510.416766325,14307
14097,0,30242201231160,35453430,12540.417088337,14307
14141,0,30336087996940,35563495,12570.418910732,14307
14188,0,30436078063580,35680715,12600.420223495,14307
14233,0,30532860805100,35794175,12630.421032557,14307
14276,0,30625804992620,35903135,12660.422889191,14307
35,1,74706790960,87580,30.000391936,14307
71,1,151554642040,177670,60.001590437,14307
102,1,218575794880,256240,90.003243869,14307
137,1,292890200320,343360,120.003482209,14307
174,1,372002798260,436105,150.004448236,14307
205,1,439041011340,514695,180.006457951,14307
237,1,507601850840,595070,210.008046315,14307
269,1,575842810840,675070,240.009902414,14307
303,1,648020421220,759685,270.010653516,14307
339,1,726173380660,851305,300.012426647,14307
370,1,792311666080,928840,330.013323856,14307
404,1,866378698040,1015670,360.013840184,14307
443,1,948293440400,1111700,390.015742963,14307
479,1,1026868640780,1203815,420.01593199,14307
511,1,1095945552540,1284795,450.016762703,14307
549,1,1177395403360,1380280,480.016826297,14307
585,1,1253036242460,1468955,510.017656392,14307
618,1,1325691539560,1554130,540.017970687,14307
653,1,1399536788400,1640700,570.01897835,14307
685,1,1468481483300,1721525,600.020608334,14307
718,1,1540262443100,1805675,630.021930201,14307
756,1,1620987233720,1900310,660.022364577,14307
798,1,1709854023880,2004490,690.022424671,14307
828,1,1775578598480,2081540,720.023955529,14307
864,1,1851611823100,2170675,750.025309783,14307
897,1,1922369168500,2253625,780.027499374,14307
929,1,1992661622360,2336030,810.02785864,14307
962,1,2062894365380,2418365,840.029230752,14307
1001,1,2145781541420,2515535,870.030497028,14307
1035,1,2219494573400,2601950,900.031613435,14307
1068,1,2289309340540,2683795,930.031861199,14307
1104,1,2368259866200,2776350,960.032681371,14307
1136,1,2436283308140,2856095,990.034722956,14307
1167,1,2502583665840,2933820,1020.03480466,14307
1208,1,2589467203100,3035675,1050.035178592,14307
1243,1,2665709415660,3125055,1080.036972569,14307
1276,1,2737362423660,3209055,1110.037042972,14307
1310,1,2809697841260,3293855,1140.03842347,14307
1342,1,2878339716900,3374325,1170.038995231,14307
1375,1,2948730267140,3456845,1200.039177529,14307
1407,1,3017615251200,3537600,1230.041259661,14307
1438,1,3084474331760,3615980,1260.043010892,14307
1471,1,3153683460380,3697115,1290.045080123,14307
1503,1,3223988709420,3779535,1320.0462028,14307
1542,1,3307750222760,3877730,1350.048034161,14307
1576,1,3379211303060,3961505,1380.048811536,14307
1607,1,3445665202920,4039410,1410.049838494,14307
1638,1,3513176837660,4118555,1440.051372636,14307
1670,1,3581562809700,4198725,1470.051656359,14307
1707,1,3660901455820,4291735,1500.052178822,14307
1740,1,3730827114520,4373710,1530.052388891,14307
1776,1,3808284869180,4464515,1560.052825279,14307
1811,1,3883708190220,4552935,1590.054446999,14307
1844,1,3954329053700,4635725,1620.056070668,14307
1891,1,4056699023820,4755735,1650.057178692,14307
1925,1,4129281814900,4840825,1680.058135543,14307
1958,1,4199130702520,4922710,1710.058587921,14307
1989,1,4265277518060,5000255,1740.059610355,14307
2027,1,4347930115800,5097150,1770.06110474,14307
2060,1,4418858063600,5180300,1800.061619469,14307
2092,1,4487077698300,5260275,1830.063156648,14307
2125,1,4558022706340,5343445,1860.065088494,14307
2168,1,4649388821660,5450555,1890.065295917,14307
2199,1,4716367323900,5529075,1920.066976509,14307
2240,1,4803400138260,5631105,1950.06716589,14307
2273,1,4874596784840,5714570,1980.067446577,14307
2306,1,4945831816960,5798080,2010.069387273,14307
2338,1,5013833933600,5877800,2040.070762787,14307
2372,1,5087005302960,5963580,2070.071279094,14307
2411,1,5170267804280,6061190,2100.071368937,14307
2441,1,5236269607780,6138565,2130.072040859,14307
2477,1,5313002302240,6228520,2160.072141692,14307
2509,1,5380859406840,6308070,2190.072508793,14307
2569,1,5510321038080,6459840,2220.074456098,14307
2599,1,5575653227160,6536430,2250.074883994,14307
2639,1,5659410475440,6634620,2280.075105628,14307
2672,1,5730952591880,6718490,2310.075871278,14307
2703,1,5797329720660,6796305,2340.07763244,14307
2739,1,5875367523480,6887790,2370.079499766,14307
2781,1,5964093566660,6991805,2400.079784898,14307
2823,1,6055805151840,7099320,2430.081837939,14307
2856,1,6126336449060,7182005,2460.082081786,14307
2889,1,6197797529360,7265780,2490.083590845,14307
2924,1,6272858320300,7353775,2520.085598412,14307
2956,1,6341129135720,7433810,2550.086314439,14307
2996,1,6426460191140,7533845,2580.088518962,14307
3029,1,6497371078700,7616975,2610.088830085,14307
3063,1,6569454857760,7701480,2640.089732201,14307
3096,1,6641333913940,7785745,2670.091700139,14307
3130,1,6713622415880,7870490,2700.093485662,14307
3162,1,6782596966200,7951350,2730.095055187,14307
3198,1,6859909708820,8041985,2760.096982414,14307
3234,1,6937167005660,8132555,2790.099320226,14307
3267,1,7007118254720,8214560,2820.10071468,14307
3301,1,7080366395160,8300430,2850.102578256,14307
3333,1,7149694945460,8381705,2880.104624996,14307
3366,1,7219313519840,8463320,2910.105618642,14307
3399,1,7290761804960,8547080,2940.107489979,14307
3439,1,7375747390520,8646710,2970.10793024,14307
3473,1,7449605434540,8733295,3000.108959504,14307
3511,1,7530927333560,8828630,3030.110328573,14307
3543,1,7600686654920,8910410,3060.110699922,14307
3575,1,7667899735460,8989205,3090.112619057,14307
3608,1,7738256165220,9071685,3120.112812378,14307
3639,1,7804803896400,9149700,3150.113417422,14307
3673,1,7877719362160,9235180,3180.114510142,14307
3707,1,7951675502560,9321880,3210.115945877,14307
3751,1,8045148557520,9431460,3240.116322434,14307
3783,1,8114037806640,9512220,3270.116504722,14307
3823,1,8200614259580,9613715,3300.117687198,14307
3858,1,8274595990340,9700445,3330.119663723,14307
3900,1,8365002467160,9806430,3360.121233457,14307
3940,1,8451007402060,9907255,3390.12204706,14307
3975,1,8525752578560,9994880,3420.122817341,14307
4008,1,8597000405860,10078405,3450.122950927,14307
4043,1,8673306594320,10167860,3480.124611757,14307
4076,1,8742767361480,10249290,3510.12485531,14307
4114,1,8824481646020,10345085,3540.125090695,14307
4150,1,8901977786220,10435935,3570.125546415,14307
4186,1,8979409950520,10526710,3600.125897263,14307
4217,1,9046827753940,10605745,3630.127516462,14307
4251,1,9118152352320,10689360,3660.129614378,14307
4290,1,9201717672900,10787325,3690.130454418,14307
4326,1,9279247933580,10878215,3720.131530259,14307
4359,1,9349408170580,10960465,3750.132410426,14307
4389,1,9414467395820,11036735,3780.133782775,14307
4422,1,9485109584600,11119550,3810.134199448,14307
4462,1,9570585652060,11219755,3840.136259252,14307
4497,1,9646055888760,11308230,3870.136530426,14307
4539,1,9736351474020,11414085,3900.136859833,14307
4571,1,9805756795400,11495450,3930.138279176,14307
4609,1,9887343128140,11591095,3960.139111223,14307
4647,1,9969257870500,11687125,3990.140929788,14307
4680,1,10038889240060,11768755,4020.142297844,14307
4717,1,10118065813900,11861575,4050.144476572,14307
4757,1,10203294507880,11961490,4080.144809502,14307
4793,1,10281212889020,12052835,4110.146368255,14307
4825,1,10350703511600,12134300,4140.148150198,14307
4859,1,10424126519500,12220375,4170.148571392,14307
4899,1,10509265647220,12320185,4200.149595451,14307
4930,1,10574580776060,12396755,4230.151154374,14307
4962,1,10644694097400,12478950,4260.151921215,14307
4999,1,10723499611020,12571335,4290.152034578,14307
5031,1,10791360980680,12650890,4320.153549327,14307
5068,1,10872482421880,12745990,4350.15506539,14307
5101,1,10942399550460,12827955,4380.15678259,14307
5140,1,11026331666200,12926350,4410.157557088,14307
5172,1,11093792120220,13005435,4440.159089487,14307
5210,1,11176380742060,13102255,4470.159374745,14307
5242,1,11245112183960,13182830,4500.159716971,14307
5276,1,11318727119560,13269130,4530.160490137,14307
5311,1,11393638633400,13356950,4560.161474353,14307
5345,1,11466635135300,13442525,4590.163204249,14307
5376,1,11533016529140,13520345,4620.163640927,14307
5412,1,11609506115180,13610015,4650.164633441,14307
5447,1,11684174520600,13697550,4680.16660171,14307
5484,1,11763786130560,13790880,4710.166919048,14307
5521,1,11843790126040,13884670,4740.167013199,14307
5553,1,11911067182480,13963540,4770.167866185,14307
5585,1,11979700528000,14044000,4800.168304632,14307
5618,1,12051669150440,14128370,4830.169783369,14307
5652,1,12124222086100,14213425,4860.170709121,14307
5684,1,12191938443720,14292810,4890.172731561,14307
5715,1,12259607885680,14372140,4920.173966303,14307
5755,1,12345139398920,14472410,4950.174414083,14307
5794,1,12427877297860,14569405,4980.174699853,14307
5823,1,12491209173800,14643650,5010.175003295,14307
5854,1,12558238856760,14722230,5040.176467717,14307
5888,1,12631653334540,14808295,5070.178011568,14307
5925,1,12709784968680,14899890,5100.179394141,14307
5960,1,12785378892120,14988510,5130.180003492,14307
5993,1,12856498767620,15071885,5160.181841547,14307
6026,1,12927418185300,15155025,5190.18232984,14307
6061,1,13001451096780,15241815,5220.183037926,14307
6093,1,13070323285660,15322555,5250.183664223,14307
6130,1,13150497883540,15416545,5280.184931422,14307
6162,1,13217587277340,15495195,5310.186108634,14307
6196,1,13290404646720,15580560,5340.18691787,14307
6232,1,13369316786840,15673070,5370.187773127,14307
6270,1,13449516975080,15767090,5400.189247034,14307
6302,1,13519365862700,15848975,5430.190107883,14307
6337,1,13592810195900,15935075,5460.192110734,14307
6377,1,13679894190980,16037165,5490.193408394,14307
6409,1,13749359223200,16118600,5520.193685978,14307
6449,1,13833355314840,16217070,5550.195061988,14307
6481,1,13901980130240,16297520,5580.195844622,14307
6522,1,13990987667380,16401865,5610.19612799,14307
6553,1,14058187952740,16480645,5640.196432285,14307
6585,1,14125665467000,16559750,5670.19802401,14307
6628,1,14217620160600,16667550,5700.199907759,14307
6660,1,14287507433760,16749480,5730.200151582,14307
6696,1,14364449116160,16839680,5760.20117129,14307
6728,1,14433517497800,16920650,5790.202987793,14307
6766,1,14513999180000,17015000,5820.203051799,14307
6798,1,14582461923120,17095260,5850.203527718,14307
6833,1,14657394762260,17183105,5880.203596741,14307
6866,1,14728160637780,17266065,5910.205023037,14307
6908,1,14818985090480,17372540,5940.205410612,14307
6946,1,14899398531720,17466810,5970.206969532,14307
6978,1,14968245130240,17547520,6000.207711588,14307
7014,1,15047259631800,17640150,6030.208053978,14307
7046,1,15115184977360,17719780,6060.208695254,14307
7084,1,15196762779980,17815415,6090.209562104,14307
7120,1,15274250390060,17906255,6120.21184107,14307
7167,1,15373536721800,18022650,6150.2127576,14307
7200,1,15445842283980,18107415,6180.214536273,14307
7232,1,15514974641520,18188460,6210.215722622,14307
7265,1,15584955746000,18270500,6240.215995104,14307
7298,1,15655431597440,18353120,6270.216338431,14307
7331,1,15725434027220,18435185,6300.217236724,14307
7366,1,15801872432540,18524795,6330.218307838,14307
7404,1,15882652668940,18619495,6360.218535766,14307
7436,1,15951456616860,18700155,6390.218578903,14307
7469,1,16021979383960,18782830,6420.220032144,14307
7501,1,16091192777640,18863970,6450.22077935,14307
7534,1,16162636797700,18947725,6480.221737238,14307
7571,1,16241728070340,19040445,6510.222884909,14307
7604,1,16310928668840,19121570,6540.224794684,14307
7637,1,16382278857580,19205215,6570.226270011,14307
7670,1,16452929576480,19288040,6600.227946412,14307
7702,1,16522846705060,19370005,6630.228042599,14307
7732,1,16586920701440,19445120,6660.228883306,14307
7772,1,16673399058000,19546500,6690.229127797,14307
7804,1,16741541921620,19626385,6720.229210477,14307
7836,1,16809603749100,19706175,6750.230578812,14307
7868,1,16877341432020,19785585,6780.230763538,14307
7906,1,16960207282760,19882730,6810.232604441,14307
7951,1,17057280048360,19996530,6840.234563451,14307
7986,1,17130843803240,20082770,6870.234810319,14307
8020,1,17203520425640,20167970,6900.235062808,14307
8055,1,17279387312920,20256910,6930.236257005,14307
8090,1,17354183670140,20344595,6960.237293678,14307
8124,1,17428199521380,20431365,6990.239004008,14307
8158,1,17501225878700,20516975,7020.239504671,14307
8192,1,17573330983060,20601505,7050.239797054,14307
8232,1,17658602327640,20701470,7080.240728915,14307
8264,1,17728088685160,20782930,7110.241213776,14307
8296,1,17797058970420,20863785,7140.243208344,14307
8329,1,17866361930360,20945030,7170.244721197,14307
8360,1,17934308601220,21024685,7200.245607757,14307
8393,1,18004784452660,21107305,7230.24638749,14307
8434,1,18092729989860,21210405,7260.246732103,14307
8469,1,18166856732660,21297305,7290.247288009,14307
8509,1,18254269137360,21399780,7320.248863701,14307
8548,1,18337527373620,21497385,7350.249711593,14307
8584,1,18413991369300,21587025,7380.249938161,14307
8619,1,18489922232480,21676040,7410.251847878,14307
8657,1,18571747408580,21771965,7440.253689537,14307
8692,1,18646795404340,21859945,7470.2538309,14307
8728,1,18722286966340,21948445,7500.25465739,14307
8761,1,18794554142980,22033165,7530.256407606,14307
8798,1,18873551584300,22125775,7560.257390015,14307
8837,1,18957517820520,22224210,7590.257658414,14307
8873,1,19034591719780,22314565,7620.258548406,14307
8906,1,19105421571200,22397600,7650.260216876,14307
8940,1,19178917085120,22483760,7680.260808801,14307
8973,1,19248556984800,22565400,7710.261068064,14307
9004,1,19315177222000,22643500,7740.262516366,14307
9042,1,19396405289700,22738725,7770.263655755,14307
9076,1,19470024490360,22825030,7800.264789944,14307
9108,1,19539259209340,22906195,7830.265938873,14307
9142,1,19612106434140,22991595,7860.266121591,14307
9175,1,19681963851880,23073490,7890.267445683,14307
9207,1,19750226137180,23153515,7920.268357425,14307
9239,1,19820011048900,23235325,7950.269636815,14307
9274,1,19894751960340,23322945,7980.270681387,14307
9306,1,19964135956420,23404285,8010.272580628,14307
9341,1,20038185928140,23491095,8040.27378631,14307
9376,1,20113349080520,23579210,8070.27537103,14307
9408,1,20181871534480,23659540,8100.276483236,14307
9459,1,20291573142740,23788145,8130.278022318,14307
9493,1,20364091957920,23873160,8160.278512278,14307
9534,1,20452796675800,23977150,8190.278886874,14307
9566,1,20521707250220,24057935,8220.279090129,14307
9601,1,20596891727900,24146075,8250.28064534,14307
9635,1,20670161193640,24231970,8280.282132437,14307
9670,1,20743592731660,24318055,8310.283279984,14307
9709,1,20828940847320,24418110,8340.283868177,14307
9743,1,20900116168600,24501550,8370.285303916,14307
9774,1,20967849586460,24580955,8400.285611161,14307
9804,1,21032226402100,24656425,8430.287114814,14307
9840,1,21109718277240,24747270,8460.288866175,14307
9878,1,21190093332940,24841495,8490.290699998,14307
9912,1,21263827690220,24927935,8520.291400137,14307
9945,1,21333877035660,25010055,8550.293227485,14307
9982,1,21413940741980,25103915,8580.294486246,14307
10014,1,21481998304400,25183700,8610.296398671,14307
10048,1,21555681480960,25270080,8640.298269483,14307
10081,1,21626613693820,25353235,8670.299225455,14307
10114,1,21695899593520,25434460,8700.300743335,14307
10146,1,21764793107700,25515225,8730.300997961,14307
10181,1,21840583223900,25604075,8760.302247429,14307
10231,1,21947226784140,25729095,8790.302408583,14307
10262,1,22014891961040,25808420,8820.304099282,14307
10297,1,22090328077260,25896855,8850.304193353,14307
10329,1,22158718314360,25977030,8880.3050742,14307
10363,1,22230699731980,26061415,8910.306479683,14307
10394,1,22298258282380,26140615,8940.307097221,14307
10426,1,22365488423160,26219430,8970.307141115,14307
10463,1,22445048852400,26312700,9000.307831405,14307
10499,1,22522481016700,26403475,9030.308172156,14307
10534,1,22598458795540,26492545,9060.309528745,14307
10569,1,22673775490080,26580840,9090.309721041,14307
10610,1,22760339147840,26682320,9120.311153344,14307
10641,1,22828072565700,26761725,9150.311796298,14307
10684,1,22919272343680,26868640,9180.312464035,14307
10716,1,22988221303640,26949470,9210.313840646,14307
10758,1,23077489009440,27054120,9240.315604325,14307
10796,1,23160559583060,27151505,9270.315713739,14307
10831,1,23233901554820,27237485,9300.317292324,14307
10863,1,23303144803920,27318660,9330.319277617,14307
10898,1,23379352896000,27408000,9360.320469249,14307
10933,1,23453471108680,27494890,9390.322059815,14307
10966,1,23523998140840,27577570,9420.323747089,14307
11001,1,23600645534100,27667425,9450.325612105,14307
11039,1,23681715794580,27762465,9480.327248491,14307
11077,1,23763221091180,27858015,9510.327879421,14307
11112,1,23837049279780,27944565,9540.329004181,14307
11144,1,23905912938540,28025295,9570.329312157,14307
11177,1,23978069223620,28109885,9600.329743267,14307
11209,1,24046369894460,28189955,9630.330199174,14307
11241,1,24114009481000,28269250,9660.33180775,14307
11279,1,24196133211300,28365525,9690.332580117,14307
11310,1,24262186195520,28442960,9720.334281517,14307
11346,1,24339712191140,28533845,9750.336402359,14307
11381,1,24414585319440,28621620,9780.336759117,14307
11413,1,24484199628760,28703230,9810.337958495,14307
11446,1,24555063600660,28786305,9840.338156171,14307
11486,1,24640292294640,28886220,9870.338567359,14307
11522,1,24717046314400,28976200,9900.338965103,14307
11560,1,24798287177280,29071440,9930.340673624,14307
11594,1,24871629149040,29157420,9960.342235782,14307
11629,1,24945879578580,29244465,9990.343491919,14307
11667,1,25028199501640,29340970,10020.344085981,14307
11701,1,25101613979420,29427035,10050.344841811,14307
11733,1,25169146939460,29506205,10080.345314059,14307
11765,1,25238339007840,29587320,10110.346737107,14307
11797,1,25307680353320,29668610,10140.348627814,14307
11829,1,25376369144620,29749135,10170.34960703,14307
11862,1,25447830224920,29832910,10200.35076016,14307
11895,1,25516830365600,29913800,10230.351932348,14307
11928,1,25588508963960,29997830,10260.35372566,14307
11969,1,25676885272220,30101435,10290.353779256,14307
12000,1,25743356232320,30179360,10320.354477625,14307
12038,1,25823974396440,30273870,10350.355902485,14307
12068,1,25889677645740,30350895,10380.356674596,14307
12104,1,25966461520920,30440910,10410.358425411,14307
12136,1,26035457396540,30521795,10440.360060934,14307
12169,1,26105992958820,30604485,10470.361607694,14307
12200,1,26171866810520,30681710,10500.362427014,14307
12236,1,26248663480880,30771740,10530.362922995,14307
12268,1,26317923790220,30852935,10560.363122835,14307
12302,1,26390144051200,30937600,10590.363432418,14307
12340,1,26473048287480,31034790,10620.364823642,14307
12379,1,26555683824980,31131665,10650.366159426,14307
12411,1,26624615724700,31212475,10680.367257404,14307
12445,1,26698533479560,31299130,10710.369274218,14307
12481,1,26775202198120,31389010,10740.369475619,14307
12515,1,26848181639780,31474565,10770.370733884,14307
12550,1,26921898936820,31560985,10800.371729375,14307
12584,1,26996234667560,31648130,10830.371966386,14307
12627,1,27088074204540,31755795,10860.372999353,14307
12660,1,27158375188520,31838210,10890.373913439,14307
12701,1,27247028725680,31942140,10920.375815799,14307
12737,1,27324460889980,32032915,10950.37772214,14307
12773,1,27402153222940,32123995,10980.379320147,14307
12813,1,27486481989260,32222855,11010.380379035,14307
12846,1,27557444057540,32306045,11040.380853069,14307
12877,1,27624883186260,32385105,11070.381201351,14307
12913,1,27700741543420,32474035,11100.382228854,14307
12950,1,27780673032880,32567740,11130.38412332,14307
12985,1,27855708233460,32655705,11160.385896962,14307
13033,1,27957984372260,32775605,11190.387398655,14307
13067,1,28031991693380,32862365,11220.3883831,14307
13099,1,28100595183480,32942790,11250.389247057,14307
13139,1,28186267443700,33043225,11280.389877662,14307
13171,1,28255433921720,33124310,11310.391323668,14307
13207,1,28331236833100,33213175,11340.392572462,14307
13245,1,28413599406760,33309730,11370.393046637,14307
13281,1,28490558149400,33399950,11400.394567193,14307
13313,1,28560215109320,33481610,11430.396544048,14307
13345,1,28627705418760,33560730,11460.39722393,14307
13382,1,28707995173260,33654855,11490.398942455,14307
13416,1,28781192132980,33740665,11520.399386601,14307
13448,1,28849462948400,33820700,11550.40052088,14307
13483,1,28925227474240,33909520,11580.402269391,14307
13517,1,28998215446020,33995085,11610.402615441,14307
13550,1,29067893731240,34076770,11640.403682898,14307
13586,1,29144903654600,34167050,11670.405173933,14307
13632,1,29243085335800,34282150,11700.405429363,14307
13664,1,29313693404100,34364925,11730.406797505,14307
13697,1,29382522942380,34445615,11760.407688797,14307
13730,1,29455037492500,34530625,11790.408962531,14307
13769,1,29538645463680,34628640,11820.409232988,14307
13805,1,29615966736420,34719285,11850.410269393,14307
13837,1,29683597792840,34798570,11880.410610358,14307
13874,1,29763721210000,34892500,11910.412040957,14307
13910,1,29841200289960,34983330,11940.412813841,14307
13947,1,29920432309580,35076215,11970.41301659,14307
13983,1,29997344136560,35166380,12000.413294389,14307
14017,1,30071023048060,35252755,12030.415041187,14307
14051,1,30142799742800,35336900,12060.416069808,14307
14086,1,30218662365020,35425835,12090.41618782,14307
14122,1,30294896047460,35515205,12120.417760862,14307
14168,1,30392992427460,35630205,12150.417960539,14307
14200,1,30462965001820,35712235,12180.419017852,14307
14234,1,30535765310960,35797580,12210.419055924,14307
14266,1,30604044656500,35877625,12240.420841212,14307
14299,1,30674349905540,35960045,12270.422474292,14307
32,2,68607755160,80430,30.000547403,14307
63,2,133965534600,157050,60.002457429,14307
99,2,211235626620,247635,90.003618131,14307
129,2,276307647040,323920,120.005659895,14307
160,2,342484318000,401500,150.006131641,14307
195,2,416896819820,488735,180.006938631,14307
227,2,486540984560,570380,210.00880125,14307
263,2,562322570640,659220,240.010244227,14307
292,2,625876229700,733725,270.01096965,14307
322,2,689591961040,808420,300.011494636,14307
357,2,764563185720,896310,330.011962824,14307
391,2,838579036960,983080,360.012643088,14307
428,2,916625369900,1074575,390.013069227,14307
459,2,983475920340,1152945,420.014680271,14307
491,2,1052322518860,1233655,450.016608407,14307
522,2,1118392563320,1311110,480.017964312,14307
553,2,1184842198120,1389010,510.018089681,14307
583,2,1250507061880,1465990,540.01953062,14307
614,2,1317041997880,1543990,570.020620041,14307
645,2,1382340066480,1620540,600.021394392,14307
677,2,1452090857720,1702310,630.022651901,14307
708,2,1516881384180,1778265,660.02427214,14307
740,2,1586606585060,1860005,690.025998247,14307
771,2,1652915472880,1937740,720.026255642,14307
802,2,1718981252280,2015190,750.026732765,14307
842,2,1805886114840,2117070,780.026934459,14307
876,2,1878294038460,2201955,810.027241625,14307
909,2,1949657022380,2285615,840.028079498,14307
941,2,2017484271560,2365130,870.030052309,14307
976,2,2092992893800,2453650,900.03189857,14307
1006,2,2157787685320,2529610,930.032086684,14307
1040,2,2229538789700,2613725,960.03270056,14307
1071,2,2295719725720,2691310,990.033992261,14307
1101,2,2361141481060,2768005,1020.034112884,14307
1136,2,2435741645520,2855460,1050.035883486,14307
1167,2,2502425858620,2933635,1080.036240403,14307
1203,2,2580084071100,3024675,1110.037345174,14307
1237,2,2652875850120,3110010,1140.038912858,14307
1267,2,2717205750100,3185425,1170.040402719,14307
1300,2,2787203914820,3267485,1200.04089166,14307
1343,2,2880506367380,3376865,1230.041075762,14307
1376,2,2950619688720,3459060,1260.04198686,14307
1407,2,3017696287340,3537695,1290.042169151,14307
1440,2,3089016620660,3621305,1320.04269893,14307
1471,2,3155483315700,3699225,1350.043973403,14307
1503,2,3222538589020,3777835,1380.044930564,14307
1535,2,3292268054960,3859580,1410.045457562,14307
1566,2,3358120581360,3936780,1440.046103902,14307
1597,2,3424442264360,4014530,1470.048091519,14307
1627,2,3488976887220,4090185,1500.048303289,14307
1657,2,3554466883520,4166960,1530.049900849,14307
1689,2,3621543482140,4245595,1560.051561691,14307
1719,2,3686146345960,4321330,1590.053194691,14307
1754,2,3761693353740,4409895,1620.054238731,14307
1794,2,3848423348840,4511570,1650.054434124,14307
1825,2,3913218140360,4587530,1680.056323786,14307
1866,2,4002136111240,4691770,1710.057772383,14307
1896,2,4067063119620,4767885,1740.059390204,14307
1929,2,4138310946920,4851410,1770.061284261,14307
1965,2,4214642725740,4940895,1800.061775041,14307
1997,2,4284188794100,5022425,1830.063603723,14307
2028,2,4349358910900,5098825,1860.064372083,14307
2060,2,4417501774520,5178710,1890.06586991,14307
2094,2,4490732854720,5264560,1920.066378606,14307
2124,2,4556090634160,5341180,1950.068557215,14307
2153,2,4618727305320,5414610,1980.070720984,14307
2188,2,4692807132460,5501455,2010.072953174,14307
2218,2,4757478237240,5577270,2040.075179389,14307
2249,2,4824188040700,5655475,2070.076572938,14307
2280,2,4891187868240,5734020,2100.078134121,14307
2315,2,4964807068900,5820325,2130.080116746,14307
2345,2,5030071017020,5896835,2160.08066918,14307
2385,2,5115790192900,5997325,2190.081705156,14307
2418,2,5186393996140,6080095,2220.082781139,14307
2450,2,5254468618800,6159900,2250.083644537,14307
2481,2,5320419241580,6237215,2280.084363331,14307
2510,2,5384356756040,6312170,2310.084766248,14307
2548,2,5465034631000,6406750,2340.086097529,14307
2578,2,5529859277940,6482745,2370.08627966,14307
2608,2,5594773491140,6558845,2400.087532331,14307
2640,2,5661943921080,6637590,2430.087956457,14307
2670,2,5725971001800,6712650,2460.088630937,14307
2704,2,5800242756640,6799720,2490.088816015,14307
2735,2,5866184849300,6877025,2520.090010388,14307
2767,2,5935602965860,6958405,2550.09144339,14307
2800,2,6005579805280,7040440,2580.093225202,14307
2831,2,6072178717180,7118515,2610.094130572,14307
2861,2,6137084400260,7194605,2640.094876411,14307
2892,2,6204114083220,7273185,2670.096551186,14307
2923,2,6269599814460,7349955,2700.097698922,14307
2954,2,6335375569780,7427065,2730.098893325,14307
2987,2,6406047613980,7509915,2760.100118976,14307
3018,2,6473486742700,7588975,2790.101857991,14307
3049,2,6539923582320,7666860,2820.10346248,14307
3093,2,6634130227600,7777300,2850.104492324,14307
3132,2,6717567596380,7875115,2880.106579003,14307
3162,2,6782669472220,7951435,2910.108057258,14307
3194,2,6850744094880,8031240,2940.109888646,14307
3229,2,6925638548480,8119040,2970.112112589,14307
3259,2,6990979267680,8195640,3000.112967117,14307
3292,2,7061148034800,8277900,3030.113643191,14307
3323,2,7127972994880,8356240,3060.113720196,14307
3354,2,7194793689900,8434575,3090.115147681,14307
3384,2,7259097999520,8509960,3120.116913039,14307
3415,2,7324404598240,8586520,3150.118441073,14307
3449,2,7397465076040,8672170,3180.120023843,14307
3479,2,7462814325360,8748780,3210.121770111,14307
3509,2,7527284972320,8824360,3240.122267635,14307
3540,2,7594233619140,8902845,3270.123780995,14307
3572,2,7662363687580,8982715,3300.124121159,14307
3608,2,7739945128980,9073665,3330.124790892,14307
3639,2,7806650667380,9151865,3360.125861517,14307
3675,2,7882739337780,9241065,3390.126075442,14307
3709,2,7955688924020,9326585,3420.126336973,14307
3742,2,8027798293440,9411120,3450.128111204,14307
3773,2,8093795831880,9488490,3480.128705187,14307
3811,2,8175343779080,9584090,3510.129312853,14307
3849,2,8257271316620,9680135,3540.130750753,14307
3881,2,8325904662140,9760595,3570.132518435,14307
3914,2,8395224682320,9841860,3600.134557358,14307
3949,2,8469820581720,9929310,3630.134932753,14307
3979,2,8535284987660,10006055,3660.136135088,14307
4010,2,8602331730860,10084655,3690.137652513,14307
4041,2,8668798425900,10162575,3720.139588646,14307
4071,2,8733542036700,10238475,3750.140293357,14307
4108,2,8811758972040,10330170,3780.141138307,14307
4138,2,8876912028600,10406550,3810.142133528,14307
4169,2,8942005374320,10482860,3840.14237396,14307
4198,2,9005913033360,10557780,3870.143655603,14307
4239,2,9092054450180,10658765,3900.143835373,14307
4269,2,9157143530840,10735070,3930.144011701,14307
4301,2,9225823792020,10815585,3960.145175992,14307
4331,2,9290993908820,10891985,3990.145929959,14307
4363,2,9359094121840,10971820,4020.147720387,14307
4396,2,9428780937180,11053515,4050.147796038,14307
4426,2,9494697439480,11130790,4080.148750984,14307
4457,2,9559829170740,11207145,4110.149854357,14307
4487,2,9624794564660,11283305,4140.151816047,14307
4517,2,9689452874260,11359105,4170.152983615,14307
4551,2,9763157376120,11445510,4200.154723439,14307
4582,2,9828331757980,11521915,4230.15495594,14307
4614,2,9896888332420,11602285,4260.155908516,14307
4644,2,9962753654000,11679500,4290.157681435,14307
4676,2,10029740686360,11758030,4320.157835113,14307
4708,2,10098548899340,11838695,4350.159833676,14307
4738,2,10164448341400,11915950,4380.16138042,14307
4769,2,10229507566640,11992220,4410.163100428,14307
4802,2,10300175345780,12075065,4440.164781803,14307
4832,2,10365422233660,12151555,4470.16657541,14307
4864,2,10434341338200,12232350,4500.167712377,14307
4897,2,10505154129380,12315365,4530.1692377,14307
4928,2,10570891499160,12392430,4560.17117405,14307
4959,2,10637238772520,12470210,4590.17147012,14307
4995,2,10714871394640,12561220,4620.172064706,14307
5025,2,10779661921100,12637175,4650.173460703,14307
5066,2,10866873867980,12739415,4680.175439652,14307
5096,2,10931924563100,12815675,4710.176060294,14307
5127,2,10997892246120,12893010,4740.177540699,14307
5159,2,11065591543500,12972375,4770.179636412,14307
5190,2,11132318407200,13050600,4800.181328055,14307
5220,2,11196827439700,13126225,4830.182135934,14307
5251,2,11264292158780,13205315,4860.183206013,14307
5281,2,11329253287640,13281470,4890.184435779,14307
5312,2,11394137645420,13357535,4920.186355987,14307
5342,2,11460275930840,13435070,4950.18662879,14307
5373,2,11525851228340,13511945,4980.188597318,14307
5406,2,11597401874900,13595825,5010.189529837,14307
5437,2,11662068714620,13671635,5040.191248324,14307
5467,2,11728177144620,13749135,5070.191381192,14307
5498,2,11794294104740,13826645,5100.192396351,14307
5530,2,11863140703260,13907355,5130.192633699,14307
5562,2,11931211060860,13987155,5160.192682039,14307
5598,2,12007436213180,14076515,5190.193332829,14307
5632,2,12080876281320,14162610,5220.19376454,14307
5666,2,12154324879580,14248715,5250.195348129,14307
5710,2,12249205404340,14359945,5280.197186456,14307
5741,2,12314575978960,14436580,5310.199275879,14307
5772,2,12382172914900,14515825,5340.200809011,14307
5802,2,12446528405240,14591270,5370.200974091,14307
5833,2,12513067606300,14669275,5400.202529467,14307
5868,2,12587987650260,14757105,5430.20266927,14307
5905,2,12667211139760,14849980,5460.204335238,14307
5936,2,12733349425180,14927515,5490.206187397,14307
5975,2,12818168673400,15026950,5520.206620997,14307
6005,2,12882592404700,15102475,5550.207253293,14307
6040,2,12956761798100,15189425,5580.20837213,14307
6071,2,13023224228080,15267340,5610.210346834,14307
6105,2,13095785693860,15352405,5640.212124519,14307
6136,2,13161936774460,15429955,5670.213879191,14307
6168,2,13230365397100,15510175,5700.215133422,14307
6198,2,13296247778920,15587410,5730.216584991,14307
6228,2,13360675775280,15662940,5760.216758716,14307
6259,2,13427104084780,15740815,5790.216837304,14307
6290,2,13493937574980,15819165,5820.217910569,14307
6330,2,13578419883460,15918205,5850.219618993,14307
6360,2,13642660217180,15993515,5880.220881972,14307
6391,2,13709839177240,16072270,5910.22219555,14307
6422,2,13775256667520,16148960,5940.222657583,14307
6452,2,13841224350540,16226295,5970.223748373,14307
6484,2,13908838346720,16305560,6000.224662055,14307
6515,2,13975160029720,16383310,6030.226136452,14307
6545,2,14040718266980,16460165,6060.226264659,14307
6580,2,14114162600180,16546265,6090.226673098,14307
6613,2,14184975391360,16629280,6120.226706249,14307
6643,2,14251228833400,16706950,6150.22710501,14307
6674,2,14316565287540,16783545,6180.227202297,14307
6705,2,14382639597060,16861005,6210.228033083,14307
6738,2,14453149568980,16943665,6240.229398623,14307
6768,2,14519206818260,17021105,6270.229461426,14307
6799,2,14585306718140,17098595,6300.230526515,14307
6832,2,14656823244220,17182435,6330.231785695,14307
6864,2,14723486132020,17260585,6360.231885626,14307
6894,2,14789014513860,17337405,6390.232739586,14307
6928,2,14860821064020,17421585,6420.233291276,14307
6959,2,14928055469860,17500405,6450.235248467,14307
6989,2,14993536936040,17577170,6480.235517029,14307
7020,2,15058463944420,17653285,6510.236043692,14307
7057,2,15139470229000,17748250,6540.237531996,14307
7088,2,15203932345840,17823820,6570.237817567,14307
7118,2,15269200559020,17900335,6600.238150155,14307
7149,2,15336025519100,17978675,6630.23981781,14307
7187,2,15417385803660,18074055,6660.241368243,14307
7218,2,15484918763700,18153225,6690.241424638,14307
7250,2,15552758808060,18232755,6720.242976068,14307
7282,2,15621797334280,18313690,6750.243578028,14307
7317,2,15697003137260,18401855,6780.245536718,14307
7348,2,15763452772060,18479755,6810.246925061,14307
7379,2,15830081539380,18557865,6840.248415339,14307
7414,2,15903841487020,18644335,6870.250279285,14307
7444,2,15968768495400,18720450,6900.250447815,14307
7475,2,16035712877160,18798930,6930.251703561,14307
7506,2,16102444005920,18877160,6960.253024799,14307
7537,2,16168586556400,18954700,6990.254872446,14307
7568,2,16235492552620,19033135,7020.256192472,14307
7602,2,16307712813600,19117800,7050.256864167,14307
7633,2,16373689026740,19195145,7080.25819195,14307
7666,2,16445154372100,19278925,7110.258977085,14307
7697,2,16511719163520,19356960,7140.260521712,14307
7729,2,16579290509100,19436175,7170.262011756,14307
7762,2,16651651517060,19521005,7200.263273128,14307
7795,2,16721287151680,19602640,7230.264220008,14307
7829,2,16794906352340,19688945,7260.265508471,14307
7861,2,16864328733960,19770330,7290.266218024,14307
7893,2,16931059862720,19848560,7320.268151149,14307
7923,2,16996029521700,19924725,7350.268951042,14307
7953,2,17060922409600,20000800,7380.270552263,14307
7983,2,17124813008400,20075700,7410.271484489,14307
8016,2,17195190763460,20158205,7440.273017044,14307
8046,2,17259631555000,20233750,7470.273822674,14307
8077,2,17325974563300,20311525,7500.274934348,14307
8118,2,17414146148680,20414890,7530.276130446,14307
8150,2,17482950096600,20495550,7560.277694293,14307
8181,2,17549084116960,20573080,7590.278938822,14307
8211,2,17615154161420,20650535,7620.279772764,14307
8243,2,17682606085320,20729610,7650.280113442,14307
8275,2,17752096707900,20811075,7680.281701156,14307
8307,2,17820917716060,20891755,7710.282207045,14307
8339,2,17888100941180,20970515,7740.283175446,14307
8370,2,17954345853100,21048175,7770.285138649,14307
8401,2,18021328620400,21126700,7800.28569634,14307
8431,2,18085522038460,21201955,7830.287151562,14307
8462,2,18151779745560,21279630,7860.287843689,14307
8491,2,18215320609440,21354120,7890.288884778,14307
8522,2,18281339473180,21431515,7920.290170042,14307
8553,2,18347853083880,21509490,7950.291281635,14307
8586,2,18419092381060,21593005,7980.293281377,14307
8621,2,18492937629900,21679575,8010.295298896,14307
8652,2,18560666782700,21758975,8040.29642547,14307
8684,2,18630003863120,21840260,8070.296689947,14307
8716,2,18697588003880,21919490,8100.296848302,14307
8751,2,18772281999660,22007055,8130.298497353,14307
8781,2,18837686694760,22083730,8160.300006091,14307
8811,2,18902310883880,22159490,8190.30025352,14307
8847,2,18977674494080,22247840,8220.301842487,14307
8878,2,19046107381780,22328065,8250.303601724,14307
8912,2,19117184606680,22411390,8280.305184808,14307
8947,2,19192428795200,22499600,8310.306063401,14307
8977,2,19258029683060,22576505,8340.30731247,14307
9007,2,19322926836020,22652585,8370.30822323,14307
9039,2,19390455531000,22731750,8400.309616293,14307
9071,2,19458171888620,22811135,8430.310859102,14307
9101,2,19523904993340,22888195,8460.310991486,14307
9134,2,19594598362840,22971070,8490.312072194,14307
9165,2,19661427587980,23049415,8520.31243594,14307
9196,2,19727979584220,23127435,8550.314376265,14307
9229,2,19797964953760,23209480,8580.315210345,14307
9263,2,19870560540020,23294585,8610.315305706,14307
9298,2,19946747306800,23383900,8640.315888084,14307
9331,2,20017589953400,23466950,8670.317302987,14307
9371,2,20103155587120,23567260,8700.318627061,14307
9401,2,20167545197940,23642745,8730.320251879,14307
9432,2,20234323242360,23721030,8760.3223261,14307
9462,2,20297463190600,23795050,8790.32315978,14307
9493,2,20364522728980,23873665,8820.323730303,14307
9525,2,20432802074520,23953710,8850.324264455,14307
9560,2,20507197516100,24040925,8880.325990575,14307
9598,2,20589018427140,24136845,8910.32724041,14307
9630,2,20658393893100,24218175,8940.32826899,14307
9671,2,20746910948340,24321945,8970.329443421,14307
9702,2,20813906510820,24400485,9000.330153101,14307
9736,2,20885086097160,24483930,9030.332170677,14307
9766,2,20950426816360,24560530,9060.333270142,14307
9803,2,21028963631200,24652600,9090.333955848,14307
9833,2,21094351266060,24729255,9120.334526408,14307
9875,2,21182974947800,24833150,9150.335197882,14307
9906,2,21249855353660,24911555,9180.335767111,14307
9938,2,21318437518460,24991955,9210.336451006,14307
9972,2,21391997008280,25078190,9240.338096117,14307
10010,2,21473510835000,25173750,9270.34026922,14307
10050,2,21559417673520,25274460,9300.34056432,14307
10081,2,21626997549220,25353685,9330.340973305,14307
10112,2,21692274292520,25430210,9360.342384224,14307
10145,2,21763620216200,25513850,9390.344034098,14307
10179,2,21835546188040,25598170,9420.345351259,14307
10209,2,21900178907280,25673940,9450.345610419,14307
10242,2,21971985457440,25758120,9480.345747195,14307
10273,2,22037134248940,25834495,9510.347342205,14307
10308,2,22112450943480,25922790,9540.347588093,14307
10342,2,22185003879140,26007845,9570.347979217,14307
10374,2,22253897393320,26088610,9600.349202282,14307
10405,2,22321622281060,26168005,9630.350205717,14307
10439,2,22394315963700,26253225,9660.350889932,14307
10471,2,22461972610480,26332540,9690.352691829,14307
10502,2,22529667642800,26411900,9720.353051106,14307
10533,2,22596347590840,26490070,9750.354720957,14307
10564,2,22663129900320,26568360,9780.356645983,14307
10595,2,22729054932740,26645645,9810.356875561,14307
10627,2,22797807699940,26726245,9840.357310492,14307
10657,2,22862576901100,26802175,9870.358062943,14307
10688,2,22928979620240,26880020,9900.359798489,14307
10719,2,22993838387660,26956055,9930.361264546,14307
10754,2,23070178696600,27045550,9960.361837174,14307
10788,2,23142262475660,27130055,9990.363158269,14307
10819,2,23209902062200,27209350,10020.36331692,14307
10850,2,23276773937940,27287745,10050.364560391,14307
10882,2,23343342994420,27365785,10080.364988579,14307
10912,2,23409404508760,27443230,10110.366376448,14307
10944,2,23477355444680,27522890,10140.366495501,14307
10979,2,23551584548920,27609910,10170.368426867,14307
11021,2,23642511363060,27716505,10200.369089707,14307
11070,2,23748152634200,27840350,10230.369907262,14307
11103,2,23817749883280,27921940,10260.371146496,14307
11133,2,23882519084440,27997870,10290.37278631,14307
11173,2,23968216935020,28098335,10320.373310582,14307
11205,2,24036295822740,28178145,10350.375306521,14307
11236,2,24102817963560,28256130,10380.37564296,14307
11270,2,24175677983540,28341545,10410.376383066,14307
11302,2,24246260461480,28424290,10440.378180176,14307
11333,2,24312884963740,28502395,10470.378466572,14307
11368,2,24387873248660,28590305,10500.379905079,14307
11399,2,24454374064180,28668265,10530.381662084,14307
11436,2,24532194348940,28759495,10560.382475822,14307
11467,2,24599083284920,28837910,10590.382753075,14307
11498,2,24665110678780,28915315,10620.384868445,14307
11528,2,24731048506380,28992615,10650.385044574,14307
11559,2,24796026695480,29068790,10680.386067743,14307
11592,2,24867927076960,29153080,10710.386779902,14307
11623,2,24933425603380,29229865,10740.388008342,14307
11654,2,25000067165880,29307990,10770.38855157,14307
11684,2,25065604077840,29384820,10800.390197499,14307
11718,2,25136945736460,29468455,10830.39193934,14307
11759,2,25225488382060,29572255,10860.393407418,14307
11792,2,25295964233500,29654875,10890.394103858,14307
11824,2,25364405651320,29735110,10920.395632145,14307
11856,2,25434745020840,29817570,10950.396673972,14307
11888,2,25502376077260,29896855,10980.398450185,14307
11918,2,25567136748300,29972775,11010.400337317,14307
11950,2,25635275346860,30052655,11040.400660253,14307
11984,2,25709406354720,30139560,11070.400979346,14307
12020,2,25785328687780,30228565,11100.401065867,14307
12050,2,25851159888880,30305740,11130.402691119,14307
12081,2,25917426126100,30383425,11160.40347585,14307
12112,2,25982532267000,30459750,11190.40408322,14307
12144,2,26052406744980,30541665,11220.404740332,14307
12176,2,26121035825440,30622120,11250.406276705,14307
12207,2,26186768930160,30699180,11280.406537768,14307
12243,2,26265199118500,30791125,11310.407457163,14307
12277,2,26336566367480,30874790,11340.409461683,14307
12307,2,26402354917980,30951915,11370.410517236,14307
12345,2,26483860214580,31047465,11400.410777327,14307
12377,2,26551179921620,31126385,11430.411676583,14307
12408,2,26618456978060,31205255,11460.411998052,14307
12439,2,26685589022460,31283955,11490.413189228,14307
12470,2,26751279476580,31360965,11520.414042836,14307
12502,2,26818727135420,31440035,11550.415210843,14307
12532,2,26885091469020,31517835,11580.417125881,14307
12564,2,26953221537460,31597705,11610.418652318,14307
12595,2,27018715798820,31674485,11640.418811363,14307
12625,2,27084146084280,31751190,11670.419127431,14307
12657,2,27151303719040,31829920,11700.420786813,14307
12687,2,27216375739460,31906205,11730.421052247,14307
12718,2,27284198723580,31985715,11760.421670345,14307
12750,2,27350976768000,32064000,11790.422650004,14307
12780,2,27415281077620,32139385,11820.42399407,14307
12810,2,27481589965440,32217120,11850.424589354,14307
12845,2,27555703913060,32304005,11880.425702963,14307
12879,2,27629131186020,32390085,11910.42720641,14307
12911,2,27696898724360,32469530,11940.427454555,14307
12942,2,27762853612200,32546850,11970.428770812,14307
12984,2,27854134426320,32653860,12000.429108819,14307
13017,2,27925412109040,32737420,12030.429621082,14307
13048,2,27990731502940,32813995,12060.430957267,14307
13081,2,28062265089260,32897855,12090.43201643,14307
13115,2,28134276362300,32982275,12120.43270653,14307
13150,2,28210684912200,33071850,12150.433225251,14307
13188,2,28291017317300,33166025,12180.435067387,14307
13219,2,28358230397840,33244820,12210.436077809,14307
13255,2,28435436513960,33335330,12240.437506515,14307
13286,2,28501480968060,33412755,12270.439042937,14307
13323,2,28580209710600,33505050,12300.43921046,14307
13364,2,28668688380300,33608775,12330.44083621,14307
13403,2,28752936110480,33707540,12360.441269206,14307
13441,2,28834752756460,33803455,12390.441680608,14307
13483,2,28924796703180,33909015,12420.442754645,14307
13523,2,29010494553760,34009480,12450.443467562,14307
13561,2,29091803657600,34104800,12480.444218083,14307
13601,2,29177070737120,34204760,12510.445472094,14307
13637,2,29255010443560,34296130,12540.446123469,14307
13676,2,29338477667760,34393980,12570.446970904,14307
13714,2,29420379614940,34489995,12600.448300106,14307
13755,2,29507664067840,34592320,12630.449162588,14307
13796,2,29595997725500,34695875,12660.449354744,14307
13835,2,29680249720740,34794645,12690.450197682,14307
13886,2,29789303039880,34922490,12720.450258574,14307
13974,2,29978036209940,35143745,12750.450516529,14307
14067,2,30176591813180,35376515,12780.451202267,14307
14118,2,30285990602180,35504765,12810.45224574,14307
14201,2,30464798977620,35714385,12840.452459861,14307
14282,2,30638839015980,35918415,12870.452503128,14307
32,3,68121538320,79860,30.00019483,14307
65,3,137889389800,161650,60.001336122,14307
96,3,204522422180,239765,90.002506904,14307
128,3,273420201420,320535,120.003514989,14307
160,3,341789113220,400685,150.005028514,14307
192,3,411373567120,482260,180.005343673,14307
224,3,478505611520,560960,210.006892829,14307
255,3,546059896860,640155,240.008906224,14307
289,3,618527531320,725110,270.009567158,14307
326,3,698953767740,819395,300.010473827,14307
358,3,766648800060,898755,330.010633931,14307
390,3,835930434700,979975,360.011910003,14307
422,3,903595611600,1059300,390.012746213,14307
452,3,968872354900,1135825,420.012920678,14307
484,3,1038026037740,1216895,450.013781199,14307
517,3,1107162660340,1297945,480.014325351,14307
556,3,1191308029080,1396590,510.015000078,14307
590,3,1264910169500,1482875,540.015495498,14307
622,3,1332430334360,1562030,570.016399753,14307
657,3,1408011462620,1650635,600.01734647,14307
695,3,1489793988120,1746510,630.01850358,14307
727,3,1558755743260,1827355,660.020214247,14307
759,3,1626403859920,1906660,690.021711309,14307
790,3,1694435831980,1986415,720.02216915,14307
823,3,1764775201500,2068875,750.023814477,14307
853,3,1829540137600,2144800,780.024366653,14307
886,3,1899107531260,2226355,810.025610999,14307
918,3,1968982009240,2308270,840.026349844,14307
949,3,2034680993480,2385290,870.027028312,14307
980,3,2100896049980,2462915,900.028634048,14307
1014,3,2175359732520,2550210,930.02942165,14307
1047,3,2245686306860,2632655,960.030794949,14307
1083,3,2322512832640,2722720,990.03213569,14307
1115,3,2390668491440,2802620,1020.032754972,14307
1146,3,2457612873200,2881100,1050.033011096,14307
1186,3,2543809735800,2982150,1080.035088396,14307
1219,3,2613923057140,3064345,1110.036274806,14307
1251,3,2683545896580,3145965,1140.037669953,14307
1284,3,2753962037180,3228515,1170.039455378,14307
1316,3,2821750900820,3307985,1200.041210822,14307
1348,3,2890546318620,3388635,1230.042166279,14307
1379,3,2956492676340,3465945,1260.043513527,14307
1411,3,3026414069980,3547915,1290.044740786,14307
1444,3,3096744909380,3630365,1320.045135528,14307
1477,3,3167809339100,3713675,1350.045397012,14307
1510,3,3237308491800,3795150,1380.046410912,14307
1544,3,3310795475600,3881300,1410.047673335,14307
1575,3,3377923254940,3959995,1440.047802176,14307
1609,3,3450599877340,4045195,1470.049050198,14307
1641,3,3519309993940,4125745,1500.050661839,14307
1673,3,3588655604480,4207040,1530.05219229,14307
1704,3,3655216130840,4285070,1560.053342653,14307
1738,3,3727560078560,4369880,1590.055177899,14307
1770,3,3797123207160,4451430,1620.056848116,14307
1800,3,3861235589080,4526590,1650.058056628,14307
1834,3,3933920741600,4611800,1680.059570048,14307
1864,3,3998289027120,4687260,1710.059998306,14307
1899,3,4072454155460,4774205,1740.061066869,14307
1930,3,4139513693840,4852820,1770.061989516,14307
1963,3,4210663424760,4936230,1800.062633923,14307
1999,3,4287835420400,5026700,1830.063930876,14307
2032,3,4358119344140,5109095,1860.064600478,14307
2064,3,4426420014980,5189165,1890.066517176,14307
2100,3,4504227504560,5280380,1920.067859585,14307
2131,3,4570873332120,5358510,1950.067943227,14307
2161,3,4635292798360,5434030,1980.068168406,14307
2195,3,4708511083380,5519865,2010.068953646,14307
2233,3,4788984235460,5614205,2040.071012065,14307
2264,3,4856606761760,5693480,2070.072803656,14307
2296,3,4925466155460,5774205,2100.073133554,14307
2339,3,5017890005660,5882555,2130.074941533,14307
2380,3,5105558313960,5985330,2160.075507186,14307
2412,3,5173577490840,6065070,2190.076326027,14307
2442,3,5238867029320,6141610,2220.077682004,14307
2476,3,5310178832520,6225210,2250.079083121,14307
2510,3,5384011286180,6311765,2280.079308735,14307
2545,3,5458368342220,6398935,2310.079894659,14307
2577,3,5526404579340,6478695,2340.080376267,14307
2610,3,5598492623460,6563205,2370.081345602,14307
2641,3,5664874017300,6641025,2400.08274905,14307
2672,3,5730253122040,6717670,2430.083543398,14307
2703,3,5797901238700,6796975,2460.084400677,14307
2736,3,5868688439520,6879960,2490.085754249,14307
2769,3,5938567182560,6961880,2520.086883664,14307
2800,3,6006833732920,7041910,2550.087327577,14307
2831,3,6073134090620,7119635,2580.087499094,14307
2864,3,6142142761420,7200535,2610.087992333,14307
2897,3,6213309552580,7283965,2640.090002984,14307
2929,3,6283179765500,7365875,2670.091310097,14307
2962,3,6354103448240,7449020,2700.09162841,14307
2995,3,6425163612900,7532325,2730.092169127,14307
3034,3,6507713849200,7629100,2760.092322331,14307
3067,3,6578684447600,7712300,2790.09242931,14307
3100,3,6649411937580,7795215,2820.09303617,14307
3131,3,6716445885600,7873800,2850.093479937,14307
3164,3,6786431255140,7955845,2880.093562607,14307
3195,3,6854164673000,8035250,2910.093882937,14307
3229,3,6925531921980,8118915,2940.094445992,14307
3259,3,6991474014640,8196220,2970.095171396,14307
3290,3,7057411842240,8273520,3000.096575262,14307
3322,3,7126403452800,8354400,3030.097344783,14307
3357,3,7200867135340,8441695,3060.098045455,14307
3388,3,7268259348400,8520700,3090.098299545,14307
3426,3,7348945753480,8615290,3120.099245279,14307
3459,3,7420155195240,8698770,3150.100049739,14307
3490,3,7486647480640,8776720,3180.101414922,14307
3523,3,7557596753740,8859895,3210.101588954,14307
3556,3,7628153641320,8942610,3240.103102136,14307
3587,3,7695119348380,9021115,3270.104682555,14307
3619,3,7763701513180,9101515,3300.105478458,14307
3651,3,7831498906940,9180995,3330.105975145,14307
3682,3,7898908180240,9260020,3360.107534029,14307
3713,3,7964875863260,9337355,3390.108408261,14307
3754,3,8052040894480,9439540,3420.109056413,14307
3786,3,8120605999040,9519920,3450.109966093,14307
3819,3,8192860380500,9604625,3480.11080017,14307
3855,3,8268219725640,9692970,3510.112361776,14307
3885,3,8333146734020,9769085,3540.113894864,14307
3916,3,8399694465200,9847100,3570.114603578,14307
3949,3,8471458364760,9931230,3600.115026065,14307
3983,3,8543994240180,10016265,3630.116229103,14307
4015,3,8613292935060,10097505,3660.117326589,14307
4052,3,8690929822240,10188520,3690.118915403,14307
4084,3,8760667818300,10270275,3720.119142032,14307
4116,3,8829267043340,10350695,3750.119320934,14307
4151,3,8903496147580,10437715,3780.11981657,14307
4183,3,8972756456920,10518910,3810.121067696,14307
4215,3,9041313031360,10599280,3840.121760508,14307
4249,3,9114130400740,10684645,3870.12357613,14307
4281,3,9182409746280,10764690,3900.124908336,14307
4314,3,9253649043460,10848205,3930.126501785,14307
4349,3,9329089424740,10936645,3960.12796106,14307
4386,3,9409033709380,11030365,3990.128922762,14307
4419,3,9479599127080,11113090,4020.130046634,14307
4451,3,9547362400360,11192530,4050.131674653,14307
4483,3,9615778227820,11272735,4080.131742698,14307
4533,3,9724656679500,11400375,4110.13284449,14307
4566,3,9794987518900,11482825,4140.133671764,14307
4599,3,9865945322120,11566010,4170.134305993,14307
4632,3,9935099004960,11647080,4200.135850381,14307
4671,3,10019717795360,11746280,4230.136530992,14307
4704,3,10089980393800,11828650,4260.137964379,14307
4737,3,10161211160860,11912155,4290.138885905,14307
4775,3,10242515999640,12007470,4320.139620851,14307
4811,3,10319112212180,12097265,4350.141149974,14307
4849,3,10401009894300,12193275,4380.141302216,14307
4881,3,10470355504840,12274570,4410.142662582,14307
4916,3,10545953693340,12363195,4440.143547664,14307
4955,3,10629672556080,12461340,4470.144959479,14307
4988,3,10700647419540,12544545,4500.145038092,14307
5021,3,10770786331240,12626770,4530.14643104,14307
5054,3,10842473459720,12710810,4560.146522966,14307
5087,3,10911580226900,12791825,4590.146572675,14307
5118,3,10978703741180,12870515,4620.147140425,14307
5149,3,11045784604860,12949155,4650.148507715,14307
5181,3,11114302793760,13029480,4680.150078765,14307
5212,3,11180279006900,13106825,4710.152436838,14307
5243,3,11246651870620,13184635,4740.154056474,14307
5275,3,11316014541400,13265950,4770.155502631,14307
5308,3,11385300441100,13347175,4800.156299463,14307
5341,3,11457068605720,13431310,4830.158269223,14307
5373,3,11525949324720,13512060,4860.159617409,14307
5408,3,11600353296420,13599285,4890.161488924,14307
5440,3,11670355726200,13681350,4920.162965002,14307
5475,3,11744584830440,13768370,4950.164459604,14307
5506,3,11811000344760,13846230,4980.165274616,14307
5536,3,11875645859180,13922015,5010.165879482,14307
5567,3,11940926867540,13998545,5040.167356266,14307
5602,3,12017813104160,14088680,5070.16876125,14307
5636,3,12089577003720,14172810,5100.169580415,14307
5674,3,12172421529160,14269930,5130.170372803,14307
5709,3,12245627019000,14355750,5160.171339696,14307
5745,3,12324496508520,14448210,5190.172023206,14307
5779,3,12396256143020,14532335,5220.173510288,14307
5810,3,12463076838040,14610670,5250.174068097,14307
5842,3,12531181316120,14690510,5280.174331617,14307
5881,3,12615974973980,14789915,5310.175019609,14307
5915,3,12688553500000,14875000,5340.176401824,14307
5954,3,12772199856720,14973060,5370.176938668,14307
5988,3,12845149442960,15058580,5400.17769831,14307
6035,3,12945254666220,15175935,5430.179108819,14307
6067,3,13014374228580,15256965,5460.179372965,14307
6098,3,13081002995900,15335075,5490.180845972,14307
6130,3,13148924076400,15414700,5520.182523268,14307
6163,3,13220261469960,15498330,5550.183983307,14307
6197,3,13292596887560,15583130,5580.184939308,14307
6228,3,13360146907840,15662320,5610.185692487,14307
6260,3,13429172638880,15743240,5640.18713435,14307
6292,3,13496633092900,15822325,5670.18746815,14307
6326,3,13569731956240,15908020,5700.188528436,14307
6356,3,13635085470620,15984635,5730.189517084,14307
6389,3,13705672213620,16067385,5760.190844077,14307
6420,3,13772548354420,16145785,5790.192799517,14307
6453,3,13842431362520,16227710,5820.192884093,14307
6485,3,13912066997140,16309345,5850.194782463,14307
6516,3,13978866366860,16387655,5880.195766119,14307
6557,3,14065285012580,16488965,5910.196869701,14307
6593,3,14143169273240,16580270,5940.197746836,14307
6626,3,14214028980080,16663340,5970.198405625,14307
6660,3,14286065843480,16747790,6000.199432875,14307
6695,3,14360828080220,16835435,6030.201277284,14307
6729,3,14435048654340,16922445,6060.201330963,14307
6768,3,14518076577360,17019780,6090.202288861,14307
6801,3,14589388380560,17103380,6120.204136156,14307
6838,3,14668257870080,17195840,6150.205683383,14307
6873,3,14744056516400,17284700,6180.207238641,14307
6906,3,14813713476320,17366360,6210.208778463,14307
6938,3,14883344845880,17447990,6240.209630883,14307
6970,3,14952553974500,17529125,6270.2105151,14307
7007,3,15031197415840,17621320,6300.211601068,14307
7039,3,15100299917960,17702330,6330.212184092,14307
7072,3,15170178661000,17784250,6360.213313473,14307
7104,3,15239029524580,17864965,6390.214461807,14307
7136,3,15307799352020,17945585,6420.215671693,14307
7168,3,15377115107140,18026845,6450.216182894,14307
7204,3,15453677199200,18116600,6480.216648612,14307
7236,3,15522958833840,18197820,6510.217470419,14307
7268,3,15590244420400,18276700,6540.219259309,14307
7299,3,15658728488820,18356985,6570.219925692,14307
7333,3,15730897569080,18441590,6600.220960756,14307
7371,3,15811247034420,18535785,6630.221139521,14307
7413,3,15902506523240,18642770,6660.22289297,14307
7445,3,15969949917020,18721835,6690.224018953,14307
7476,3,16038088515580,18801715,6720.224330348,14307
7514,3,16117930438780,18895315,6750.224901449,14307
7550,3,16196172964480,18987040,6780.225513136,14307
7581,3,16263061900460,19065455,6810.226131035,14307
7615,3,16335623366240,19150520,6840.226725692,14307
7647,3,16404708808120,19231510,6870.227754554,14307
7679,3,16472911382580,19311465,6900.2286384,14307
7717,3,16553789715360,19406280,6930.230345297,14307
7748,3,16619932265840,19483820,6960.232132565,14307
7780,3,16690301490780,19566315,6990.233366245,14307
7818,3,16771640450040,19661670,7020.233828328,14307
7852,3,16844543120620,19747135,7050.234545842,14307
7887,3,16919736128420,19835285,7080.23566628,14307
7921,3,16991755931580,19919715,7110.235904475,14307
7955,3,17065323951520,20005960,7140.236760816,14307
7986,3,17132447465800,20084650,7170.237824799,14307
8024,3,17212430135980,20178415,7200.239256817,14307
8057,3,17284309192160,20262680,7230.240043241,14307
8091,3,17357348344660,20348305,7260.241008911,14307
8129,3,17438043279860,20442905,7290.242312902,14307
8162,3,17509372143300,20526525,7320.243758716,14307
8197,3,17584142910160,20614180,7350.243812145,14307
8229,3,17653373364080,20695340,7380.244966294,14307
8266,3,17732187407820,20787735,7410.247066827,14307
8300,3,17805392897660,20873555,7440.248966724,14307
8331,3,17872648628800,20952400,7470.250788053,14307
8363,3,17940450287620,21031885,7500.251461316,14307
8396,3,18011983873940,21115745,7530.251665814,14307
8430,3,18083440689180,21199515,7560.252138393,14307
8462,3,18152078299760,21279980,7590.253390432,14307
8495,3,18223756898120,21364010,7620.255406721,14307
8529,3,18297013568680,21449890,7650.25663112,14307
8567,3,18378386648420,21545285,7680.25797794,14307
8601,3,18451199752740,21630645,7710.259668294,14307
8633,3,18519154953720,21710310,7740.261583436,14307
8665,3,18587395913720,21790310,7770.263655556,14307
8699,3,18660716560180,21876265,7800.26504864,14307
8732,3,18731687158580,21959465,7830.266219098,14307
8765,3,18802167275080,22042090,7860.267863156,14307
8798,3,18873798957780,22126065,7890.269198689,14307
8832,3,18946125845260,22210855,7920.270183559,14307
8865,3,19017382202680,22294390,7950.271534427,14307
8898,3,19087350511980,22376415,7980.273524,14307
8937,3,19171227181940,22474745,8010.274078629,14307
8970,3,19242010117700,22557725,8040.274746132,14307
9001,3,19309965318680,22637390,8070.276072917,14307
9034,3,19380044519540,22719545,8100.276970927,14307
9064,3,19444131311100,22794675,8130.278424211,14307
9105,3,19531880655540,22897545,8160.279791903,14307
9138,3,19601998241940,22979745,8190.280216658,14307
9169,3,19668870117680,23058140,8220.280907233,14307
9205,3,19746980426520,23149710,8250.282272908,14307
9238,3,19817230229780,23232065,8280.282618458,14307
9271,3,19887398996900,23314325,8310.282831274,14307
9303,3,19955912920740,23394645,8340.283202761,14307
9340,3,20036501229440,23489120,8370.283723719,14307
9375,3,20111203755340,23576695,8400.284871227,14307
9406,3,20178698329840,23655820,8430.285462159,14307
9442,3,20255627217060,23746005,8460.286961955,14307
9474,3,20324490875820,23826735,8490.288755229,14307
9510,3,20402012606380,23917615,8520.289903009,14307
9544,3,20474339493860,24002405,8550.291729286,14307
9585,3,20560907416680,24103890,8580.293155044,14307
9618,3,20632202159640,24187470,8610.293333576,14307
9649,3,20699436565480,24266290,8640.293515932,14307
9682,3,20769788730180,24348765,8670.294427775,14307
9714,3,20838588413040,24429420,8700.295361707,14307
9749,3,20912723685960,24516330,8730.297103162,14307
9784,3,20987822862440,24604370,8760.297755073,14307
9817,3,21059825605360,24688780,8790.298821418,14307
9849,3,21128770300260,24769605,8820.299525327,14307
9882,3,21198427260180,24851265,8850.301320064,14307
9915,3,21270007762160,24935180,8880.301890437,14307
9948,3,21341076456940,25018495,8910.303643122,14307
9980,3,21410072332560,25099380,8940.305329779,14307
10012,3,21478402858820,25179485,8970.307585968,14307
10044,3,21547138565780,25260065,9000.308918814,14307
10076,3,21615405116140,25340095,9030.309292195,14307
10108,3,21683838003840,25420320,9060.311361929,14307
10142,3,21757525445460,25506705,9090.312963287,14307
10175,3,21826807080100,25587925,9120.313993697,14307
10209,3,21900396425340,25674195,9150.315484424,14307
10241,3,21970074710560,25755880,9180.315674391,14307
10274,3,22039544007840,25837320,9210.316857716,14307
10308,3,22112920100080,25923340,9240.318786021,14307
10345,3,22191721348640,26015720,9270.32064797,14307
10376,3,22259813031540,26095545,9300.321847792,14307
10412,3,22336703533220,26185685,9330.323687968,14307
10450,3,22418400757520,26281460,9360.32391431,14307
10482,3,22486957331960,26361830,9390.325867659,14307
10515,3,22556836075000,26443750,9420.327000334,14307
10551,3,22633423757420,26533535,9450.328267713,14307
10583,3,22703750331760,26615980,9480.329491567,14307
10615,3,22772204544760,26696230,9510.329558478,14307
10646,3,22837434372400,26772700,9540.330248877,14307
10678,3,22906417452840,26853570,9570.331936325,14307
10714,3,22983209858140,26943595,9600.332042732,14307
10749,3,23059665323700,27033225,9630.332586946,14307
10783,3,23132286500320,27118360,9660.334111055,14307
10815,3,23200254496480,27198040,9690.335879601,14307
10847,3,23269450829920,27279160,9720.336279968,14307
10878,3,23335175404520,27356210,9750.336517268,14307
10912,3,23409400243700,27443225,9780.338433894,14307
10945,3,23480400697520,27526460,9810.339540145,14307
10978,3,23550091777920,27608160,9840.341495355,14307
11009,3,23617006304260,27686605,9870.342382103,14307
11043,3,23690604179620,27772885,9900.342677058,14307
11079,3,23767140681320,27862610,9930.344713133,14307
11113,3,23840158508520,27948210,9960.345568875,14307
11146,3,23910254769620,28030385,9990.346086607,14307
11178,3,23978811344060,28110755,10020.346331707,14307
11210,3,24047525725720,28191310,10050.347266183,14307
11242,3,24117054733840,28272820,10080.347530745,14307
11275,3,24186826850380,28354615,10110.349359974,14307
11307,3,24255153111580,28434715,10140.351656734,14307
11340,3,24326499035260,28518355,10170.352728827,14307
11372,3,24394910597660,28598555,10200.354108543,14307
11402,3,24460703413220,28675685,10230.354732702,14307
11434,3,24527835457620,28754385,10260.354958666,14307
11468,3,24601548489600,28840800,10290.356730877,14307
11502,3,24674446895120,28926260,10320.357499684,14307
11534,3,24742427686460,29005955,10350.358406325,14307
11566,3,24812383200580,29087965,10380.35997983,14307
11598,3,24881008015980,29168415,10410.361121707,14307
11630,3,24948894976000,29248000,10440.36231829,14307
11662,3,25017562442000,29328500,10470.364041256,14307
11699,3,25097562172420,29422285,10500.364341546,14307
11735,3,25173407734400,29511200,10530.365801117,14307
11767,3,25242390814840,29592070,10560.366358941,14307
11800,3,25313813509600,29675800,10590.367748421,14307
11836,3,25390350011300,29765525,10620.368347382,14307
11867,3,25457669718340,29844445,10650.370355668,14307
11904,3,25535976219940,29936245,10680.371380408,14307
11937,3,25607104625560,30019630,10710.372266354,14307
11970,3,25679103103420,30104035,10740.373571033,14307
12002,3,25747041244160,30183680,10770.375030264,14307
12033,3,25814335360840,30262570,10800.37581281,14307
12066,3,25883578609940,30343745,10830.376317496,14307
12097,3,25950471810980,30422165,10860.378129628,14307
12128,3,26018401421600,30501800,10890.379508305,14307
12162,3,26090536381380,30586365,10920.381033593,14307
12200,3,26172152569540,30682045,10950.38158302,14307
12233,3,26241762613800,30763650,10980.382253345,14307
12264,3,26309291308780,30842815,11010.382766664,14307
12300,3,26385785159880,30932490,11040.384074612,14307
12344,3,26480874672580,31043965,11070.3851534,14307
12377,3,26551721584240,31127020,11100.387096645,14307
12411,3,26624577339160,31212430,11130.388065419,14307
12450,3,26708590491040,31310920,11160.38939337,14307
12482,3,26777381643780,31391565,11190.390184447,14307
12518,3,26853960796080,31481340,11220.390700422,14307
12551,3,26925161707720,31564810,11250.392247585,14307
12587,3,27002883896100,31655925,11280.393370211,14307
12621,3,27074839723360,31740280,11310.393830595,14307
12654,3,27145831647060,31823505,11340.395190138,14307
12684,3,27211057209640,31899970,11370.395689123,14307
12716,3,27277886434780,31978315,11400.396838536,14307
12747,3,27345717949020,32057835,11430.397329801,14307
12780,3,27416262041420,32140535,11460.398959323,14307
12811,3,27481777628080,32217340,11490.400379625,14307
12843,3,27550837479600,32298300,11520.402518367,14307
12875,3,27620537090120,32380010,11550.403283993,14307
12910,3,27696101158140,32468595,11580.403424177,14307
12942,3,27764755828960,32549080,11610.403759387,14307
12974,3,27832049945640,32627970,11640.405438442,14307
13006,3,27900593724900,32708325,11670.406204881,14307
13040,3,27973052829240,32793270,11700.406944281,14307
13073,3,28045290150460,32877955,11730.408470221,14307
13112,3,28128360724080,32975340,11760.4089865,14307
13144,3,28197467491260,33056355,11790.410091118,14307
13176,3,28265064427200,33135600,11820.41205053,14307
13207,3,28332490760740,33214645,11850.412557017,14307
13250,3,28424795189260,33322855,11880.41393706,14307
13282,3,28492648028800,33402400,11910.415010427,14307
13314,3,28561217398420,33482785,11940.415444718,14307
13350,3,28639830984340,33574945,11970.4159603,14307
13383,3,28710541414080,33657840,12000.417810757,14307
13415,3,28778726928300,33737775,12030.41785938,14307
13451,3,28855310345660,33827555,12060.418984339,14307
13488,3,28934823859240,33920770,12090.421009902,14307
13521,3,29005854168480,34004040,12120.421282391,14307
13555,3,29078974357120,34089760,12150.421827641,14307
13595,3,29165469773920,34191160,12180.423416183,14307
13627,3,29234090324260,34271605,12210.4251644,14307
13659,3,29302561597500,34351875,12240.426486248,14307
13693,3,29374513159700,34436225,12270.427638518,14307
13732,3,29458099805580,34534215,12300.429276321,14307
13778,3,29556929775900,34650075,12330.430164286,14307
13822,3,29651076710340,34760445,12360.431669461,14307
13865,3,29743129500320,34868360,12390.432124151,14307
13906,3,29831343736300,34971775,12420.432516222,14307
13947,3,29918956598820,35074485,12450.432982774,14307
13993,3,30017961436600,35190550,12480.43499689,14307
14038,3,30114104419120,35303260,12510.435085834,14307
14083,3,30211450148560,35417380,12540.436312257,14307
14128,3,30308262745500,35530875,12570.437681982,14307
14174,3,30407297438700,35646975,12600.438694811,14307
14217,3,30498283963680,35753640,12630.439348366,14307
14263,3,30598568319460,35871205,12660.439965605,14307
32,4,67916815440,79620,30.000764948,14307
73,4,155785581560,182630,60.001026858,14307
103,4,220132541780,258065,90.002605401,14307
133,4,283396176760,332230,120.004046188,14307
163,4,347862558660,407805,150.005511264,14307
192,4,411569759880,482490,180.007217205,14307
229,4,490746333720,575310,210.007580464,14307
262,4,561610305620,658385,240.007976273,14307
293,4,628524831960,736830,270.008221345,14307
323,4,691814057300,811025,300.008400119,14307
364,4,780079474000,914500,330.010309867,14307
394,4,844656747460,990205,360.010815174,14307
423,4,907020454780,1063315,390.011710864,14307
453,4,971162692120,1138510,420.011916094,14307
485,4,1038614616020,1217585,450.013076329,14307
520,4,1113662611780,1305565,480.015175747,14307
549,4,1176337668480,1379040,510.016836522,14307
581,4,1246323038020,1461085,540.018208203,14307
613,4,1313651275180,1540015,570.019037441,14307
650,4,1394422981460,1634705,600.020229384,14307
682,4,1461623266820,1713485,630.021623459,14307
714,4,1531510539980,1795415,660.023795617,14307
744,4,1594961837600,1869800,690.024294811,14307
775,4,1660874074840,1947070,720.025148794,14307
812,4,1740012263140,2039845,750.025187017,14307
841,4,1804013753500,2114875,780.025616376,14307
872,4,1869358737760,2191480,810.027106347,14307
901,4,1932306758300,2265275,840.027868433,14307
930,4,1993395212680,2336890,870.029113669,14307
959,4,2055682148920,2409910,900.029810545,14307
991,4,2125206891980,2491415,930.031590725,14307
1022,4,2190428189500,2567875,960.031711702,14307
1051,4,2254399824440,2642870,990.033309937,14307
1081,4,2317548302800,2716900,1020.034911789,14307
1109,4,2378990757160,2788930,1050.035541775,14307
1144,4,2453445909580,2876215,1080.035756325,14307
1173,4,2516329954220,2949935,1110.036016035,14307
1204,4,2581197251760,3025980,1140.03749691,14307
1234,4,2645557007160,3101430,1170.039217907,14307
1264,4,2710735654080,3177840,1200.040597669,14307
1295,4,2777099987680,3255640,1230.041756291,14307
1325,4,2840419068440,3329870,1260.042990193,14307
1355,4,2905068847920,3405660,1290.044063905,14307
1384,4,2969066073220,3480685,1320.046072503,14307
1414,4,3031463901020,3553835,1350.046747149,14307
1444,4,3097713078000,3631500,1380.048359287,14307
1476,4,3164866447700,3710225,1410.050221346,14307
1506,4,3228931913960,3785330,1440.051479474,14307
1537,4,3296580030620,3864635,1470.052442793,14307
1571,4,3368420701260,3948855,1500.05280497,14307
1601,4,3433919227680,4025640,1530.054715943,14307
1630,4,3496393826560,4098880,1560.056531222,14307
1661,4,3561977654180,4175765,1590.056762452,14307
1691,4,3626350204760,4251230,1620.058619245,14307
1719,4,3686717864000,4322000,1650.059696139,14307
1749,4,3751913571160,4398430,1680.061049143,14307
1777,4,3811087013600,4467800,1710.063057108,14307
1808,4,3877259419500,4545375,1740.064629971,14307
1841,4,3949377319040,4629920,1770.066191834,14307
1873,4,4017588423620,4709885,1800.067438469,14307
1903,4,4081952444080,4785340,1830.068239722,14307
1933,4,4146828271740,4861395,1860.070346425,14307
1965,4,4214318581180,4940515,1890.072358651,14307
2001,4,4291882962340,5031445,1920.072521474,14307
2046,4,4387424571400,5143450,1950.073530428,14307
2080,4,4461163193740,5229895,1980.074769226,14307
2112,4,4529532105540,5310045,2010.074935019,14307
2141,4,4592800005580,5384215,2040.076340451,14307
2171,4,4655833327320,5458110,2070.078403726,14307
2208,4,4734775322860,5550655,2100.079905051,14307
2241,4,4806325969420,5634535,2130.080260339,14307
2271,4,4871334013940,5710745,2160.081795912,14307
2300,4,4932251865920,5782160,2190.083186782,14307
2327,4,4991297356560,5851380,2220.083466551,14307
2357,4,5056484533600,5927800,2250.084327829,14307
2392,4,5130423613760,6014480,2280.085389976,14307
2431,4,5215016813800,6113650,2310.08645653,14307
2469,4,5296334447760,6208980,2340.08778262,14307
2500,4,5361615456120,6285510,2370.087852334,14307
2533,4,5434070295400,6370450,2400.088761622,14307
2565,4,5501688556640,6449720,2430.089293215,14307
2607,4,5591028768460,6554455,2460.0897877,14307
2637,4,5655879005760,6630480,2490.091542325,14307
2667,4,5720072423820,6705735,2520.092599082,14307
2696,4,5782824251600,6779300,2550.094051723,14307
2734,4,5865033283100,6875675,2580.096420803,14307
2765,4,5930301496280,6952190,2610.09799917,14307
2795,4,5995364986580,7028465,2640.098792448,14307
2825,4,6058517730000,7102500,2670.099812747,14307
2855,4,6122924401060,7178005,2700.100850976,14307
2886,4,6191118445400,7257950,2730.102217556,14307
2916,4,6255465405620,7333385,2760.102329861,14307
2948,4,6322452437980,7411915,2790.103905779,14307
2978,4,6387601229480,7488290,2820.104196316,14307
3007,4,6450809418680,7562390,2850.105352418,14307
3039,4,6517979848620,7641135,2880.10729176,14307
3075,4,6594989771980,7731415,2910.107447324,14307
3110,4,6671820562820,7821485,2940.108149016,14307
3139,4,6733071089480,7893290,2970.109885289,14307
3172,4,6803372073460,7975705,3000.11016467,14307
3202,4,6868793828800,8052400,3030.111388882,14307
3240,4,6948895920660,8146305,3060.111718742,14307
3275,4,7025163723580,8235715,3090.112418182,14307
3305,4,7088184250140,8309595,3120.113409766,14307
3334,4,7150961668280,8383190,3150.114203786,14307
3379,4,7247676168840,8496570,3180.115364784,14307
3409,4,7311596623060,8571505,3210.116891928,14307
3439,4,7375743125460,8646705,3240.118386081,14307
3475,4,7453136904220,8737435,3270.11852953,14307
3504,4,7516891021100,8812175,3300.120251664,14307
3539,4,7590608318140,8898595,3330.120549285,14307
3568,4,7652643615840,8971320,3360.122182408,14307
3597,4,7715604431560,9045130,3390.122714967,14307
3633,4,7792273150120,9135010,3420.123408559,14307
3662,4,7855225435720,9208810,3450.124166612,14307
3696,4,7928277383400,9294450,3480.125491039,14307
3724,4,7988022343880,9364490,3510.127586464,14307
3754,4,8053277761880,9440990,3540.129228509,14307
3807,4,8165709008540,9572795,3570.131431092,14307
3838,4,8231966715640,9650470,3600.132942057,14307
3867,4,8294944591600,9724300,3630.134886129,14307
3896,4,8356224973680,9796140,3660.135281331,14307
3928,4,8425753981800,9877650,3690.137393264,14307
3958,4,8489363086640,9952220,3720.138391727,14307
3987,4,8552716287880,10026490,3750.139875311,14307
4024,4,8631914187020,10119335,3780.141757219,14307
4056,4,8699805412100,10198925,3810.142089844,14307
4094,4,8782104009860,10295405,3840.143366915,14307
4123,4,8843763982280,10367690,3870.145440471,14307
4152,4,8905991207680,10440640,3900.145600231,14307
4188,4,8984331829760,10532480,3930.146287179,14307
4218,4,9046900259960,10605830,3960.14744524,14307
4248,4,9111882714120,10682010,3990.148759425,14307
4278,4,9176383216500,10757625,4020.149807409,14307
4312,4,9249115284680,10842890,4050.151185423,14307
4342,4,9313406799120,10918260,4080.151352036,14307
4374,4,9381861012120,10998510,4110.152693183,14307
4414,4,9467691079560,11099130,4140.154376169,14307
4443,4,9529675196540,11171795,4170.156427609,14307
4472,4,9592260686980,11245165,4200.157227373,14307
4508,4,9669210899500,11335375,4230.157982112,14307
4539,4,9737268461920,11415160,4260.159552586,14307
4572,4,9808017277200,11498100,4290.159937564,14307
4602,4,9871532550720,11572560,4320.161097401,14307
4638,4,9948026401820,11662235,4350.162605254,14307
4667,4,10011174880180,11736265,4380.163887403,14307
4696,4,10073440491120,11809260,4410.164761879,14307
4729,4,10143250993200,11891100,4440.166042452,14307
4759,4,10207649134140,11966595,4470.167302111,14307
4788,4,10271091901640,12040970,4500.169165485,14307
4832,4,10364129920480,12150040,4530.169631965,14307
4861,4,10427555627740,12224395,4560.170569911,14307
4891,4,10491898322900,12299825,4590.171849852,14307
4922,4,10558475909500,12377875,4620.172990257,14307
4952,4,10621833375800,12452150,4650.174735516,14307
4981,4,10684069131320,12525110,4680.176273832,14307
5009,4,10745571296520,12597210,4710.176837924,14307
5040,4,10811585895200,12674600,4740.177547103,14307
5069,4,10874265216960,12748080,4770.17775644,14307
5099,4,10938189936240,12823020,4800.178035789,14307
5135,4,11014577160840,12912570,4830.18028562,14307
5167,4,11084016602700,12993975,4860.182264312,14307
5197,4,11147284502740,13068145,4890.184064346,14307
5235,4,11230542739000,13165750,4920.185219198,14307
5265,4,11293678422180,13239765,4950.187713348,14307
5294,4,11356212731900,13313075,4980.18786428,14307
5344,4,11463666653540,13439045,5010.188141381,14307
5373,4,11525945059660,13512055,5040.188975545,14307
5403,4,11590023321100,13587175,5070.190882438,14307
5433,4,11654340425900,13662575,5100.192533925,14307
5462,4,11716891795860,13735905,5130.193470129,14307
5491,4,11779404780280,13809190,5160.194811033,14307
5525,4,11852371426760,13894730,5190.195804805,14307
5556,4,11918155712200,13971850,5220.196209187,14307
5599,4,12011138285260,14080855,5250.196340464,14307
5628,4,12071791703520,14151960,5280.19768253,14307
5669,4,12161366493640,14256970,5310.199558218,14307
5699,4,12224348634660,14330805,5340.201113979,14307
5729,4,12288900317760,14406480,5370.202083293,14307
5758,4,12351946434680,14480390,5400.203138688,14307
5788,4,12415047997380,14554365,5430.204060625,14307
5818,4,12480874933420,14631535,5460.206002958,14307
5848,4,12545396761100,14707175,5490.206909215,14307
5882,4,12617335528120,14791510,5520.20760896,14307
5912,4,12683043042480,14868540,5550.209198906,14307
5943,4,12748225954460,14944955,5580.210304333,14307
5973,4,12812943974900,15020825,5610.210993252,14307
6009,4,12889855801880,15110990,5640.211377576,14307
6043,4,12963005845940,15196745,5670.212729905,14307
6073,4,13026759962820,15271485,5700.213965527,14307
6104,4,13094608537300,15351025,5730.215011373,14307
6133,4,13156758991620,15423885,5760.215935253,14307
6171,4,13237407011160,15518430,5790.217266306,14307
6201,4,13302376670140,15594595,5820.219101455,14307
6231,4,13366907027940,15670245,5850.220832929,14307
6261,4,13430251699060,15744505,5880.222616718,14307
6290,4,13492794538900,15817825,5910.22422635,14307
6318,4,13553908583640,15889470,5940.226532815,14307
6347,4,13616225375300,15962525,5970.227982668,14307
6377,4,13680371877700,16037725,6000.229220413,14307
6407,4,13745021657180,16113515,6030.231039503,14307
6437,4,13809266255960,16188830,6060.232914324,14307
6467,4,13871937047600,16262300,6090.233198006,14307
6503,4,13950853452780,16354815,6120.235201177,14307
6533,4,14014048846800,16428900,6150.236803253,14307
6563,4,14078216674500,16504125,6180.23742226,14307
6592,4,14141493104660,16578305,6210.237557619,14307
6622,4,14205379438400,16653200,6240.238951129,14307
6652,4,14268864856500,16727625,6270.239223358,14307
6685,4,14340658611480,16811790,6300.239938764,14307
6715,4,14405018366880,16887240,6330.240939849,14307
6744,4,14467446050100,16960425,6360.242725376,14307
6774,4,14531818600680,17035890,6390.243973228,14307
6805,4,14598063512600,17113550,6420.244620965,14307
6836,4,14664048255860,17190905,6450.244735544,14307
6867,4,14731094999060,17269505,6480.245643932,14307
6903,4,14808902488640,17360720,6510.247247434,14307
6940,4,14888023616700,17453475,6540.24752441,14307
6984,4,14981560647560,17563130,6570.249494116,14307
7014,4,15046154981260,17638855,6600.25155991,14307
7043,4,15108062327160,17711430,6630.252422811,14307
7078,4,15183379021700,17799725,6660.253787058,14307
7108,4,15248118367440,17875620,6690.255761303,14307
7138,4,15311569665060,17950005,6720.256068919,14307
7167,4,15374922866300,18024275,6750.257993992,14307
7196,4,15436953898940,18096995,6780.258610519,14307
7226,4,15500763461600,18171800,6810.259174099,14307
7255,4,15562807289420,18244535,6840.259553431,14307
7290,4,15637637767120,18332260,6870.261008004,14307
7319,4,15699566438320,18404860,6900.261352071,14307
7350,4,15766075783960,18482830,6930.263347682,14307
7388,4,15848246429920,18579160,6960.264314777,14307
7420,4,15916274136920,18658910,6990.265542017,14307
7456,4,15994943168620,18751135,7020.267129468,14307
7493,4,16073420272620,18843135,7050.268297522,14307
7522,4,16136125184740,18916645,7080.268563747,14307
7553,4,16202327446060,18994255,7110.270564117,14307
7583,4,16266699996640,19069720,7140.271750812,14307
7619,4,16343500932060,19159755,7170.272460701,14307
7648,4,16406274085140,19233345,7200.272792942,14307
7679,4,16472860201860,19311405,7230.274785341,14307
7711,4,16542129041320,19392610,7260.274949338,14307
7745,4,16614225615560,19477130,7290.276833867,14307
7775,4,16678235636040,19552170,7320.278082446,14307
7806,4,16746186571960,19631830,7350.279417998,14307
7835,4,16808051267260,19704355,7380.281028218,14307
7864,4,16869596083060,19776505,7410.282095971,14307
7893,4,16931439453060,19849005,7440.283790923,14307
7923,4,16995978340980,19924665,7470.284841698,14307
7956,4,17067614288740,20008645,7500.286559529,14307
7987,4,17133181056120,20085510,7530.288748907,14307
8017,4,17197826570540,20161295,7560.290608718,14307
8048,4,17264404157140,20239345,7590.29171577,14307
8078,4,17327868249940,20313745,7620.292832157,14307
8109,4,17395200752160,20392680,7650.293346921,14307
8139,4,17459014579880,20467490,7680.293816688,14307
8170,4,17526240455600,20546300,7710.295171989,14307
8200,4,17590421078480,20621540,7740.295477854,14307
8229,4,17653552496600,20695550,7770.29631346,14307
8258,4,17714547119660,20767055,7800.296605036,14307
8288,4,17779358971420,20843035,7830.297960681,14307
8317,4,17842409353400,20916950,7860.299435552,14307
8354,4,17920221108040,21008170,7890.299787594,14307
8383,4,17983518863500,21082375,7920.301783884,14307
8414,4,18049175197140,21159345,7950.302694721,14307
8443,4,18112357795980,21233415,7980.303330221,14307
8472,4,18174623406920,21306410,8010.305043497,14307
8504,4,18242825981380,21386365,8040.305617802,14307
8536,4,18312022314820,21467485,8070.307560534,14307
8579,4,18402680430180,21573765,8100.308324267,14307
8620,4,18491410738420,21677785,8130.309270672,14307
8656,4,18568343890700,21767975,8160.311369378,14307
8691,4,18644876127340,21857695,8190.312056518,14307
8721,4,18707359256340,21930945,8220.312262633,14307
8751,4,18771966385220,22006685,8250.312684737,14307
8784,4,18843320839020,22090335,8280.314408159,14307
8813,4,18906674040260,22164605,8310.316251972,14307
8843,4,18970095482460,22238955,8340.317199238,14307
8872,4,19032941141560,22312630,8370.31900902,14307
8903,4,19098379957140,22389345,8400.320128088,14307
8935,4,19166757399060,22469505,8430.320911726,14307
8965,4,19231564985760,22545480,8460.321764365,14307
8995,4,19295071729160,22619930,8490.322540989,14307
9026,4,19361717556720,22698060,8520.323565682,14307
9055,4,19424814854360,22772030,8550.324477768,14307
9084,4,19486675284600,22844550,8580.325964264,14307
9114,4,19551465811060,22920505,8610.327567722,14307
9143,4,19613701566580,22993465,8640.329086632,14307
9173,4,19678705346040,23069670,8670.330056053,14307
9203,4,19742873173740,23144895,8700.331634722,14307
9234,4,19808196832700,23221475,8730.332825139,14307
9263,4,19871980805000,23296250,8760.333302633,14307
9293,4,19935402247200,23370600,8790.335560165,14307
9323,4,20000704580860,23447155,8820.337838852,14307
9354,4,20065819251880,23523490,8850.338000532,14307
9384,4,20130379465100,23599175,8880.338177943,14307
9420,4,20207837219760,23689980,8910.340174244,14307
9450,4,20272627746220,23765935,8940.34088474,14307
9482,4,20341389043540,23846545,8970.341539012,14307
9511,4,20402822967780,23918565,9000.343476087,14307
9542,4,20469554096540,23996795,9030.345047362,14307
9579,4,20548078116200,24088850,9060.347224535,14307
9608,4,20611926064400,24163700,9090.348432711,14307
9638,4,20675172639140,24237845,9120.348922472,14307
9668,4,20739639021040,24313420,9150.350195144,14307
9704,4,20816444221520,24403460,9180.350546957,14307
9733,4,20880232458880,24478240,9210.351717552,14307
9763,4,20942830744500,24551625,9240.353347264,14307
9792,4,21005582572280,24625190,9270.355111385,14307
9822,4,21070100134900,24700825,9300.356970504,14307
9851,4,21132719745820,24774235,9330.357682432,14307
9881,4,21195974850680,24848390,9360.35816273,14307
9912,4,21263921521540,24928045,9390.359194928,14307
9944,4,21331326529780,25007065,9420.360542368,14307
9977,4,21402224622160,25090180,9450.361257098,14307
10007,4,21467236931740,25166395,9480.362379314,14307
10039,4,21535772180880,25246740,9510.362510054,14307
10075,4,21612022923560,25336130,9540.363515797,14307
10105,4,21677103474100,25412425,9570.365135866,14307
10139,4,21751174771120,25499260,9600.365335491,14307
10176,4,21829886453420,25591535,9630.366053072,14307
10205,4,21892668136620,25665135,9660.366242258,14307
10236,4,21958281819660,25742055,9690.367646692,14307
10268,4,22027704201280,25823440,9720.369331942,14307
10298,4,22092285739800,25899150,9750.369669491,14307
10331,4,22161703856360,25980530,9780.371000479,14307
10362,4,22228285708020,26058585,9810.371313305,14307
10402,4,22315160715160,26160430,9840.371776566,14307
10434,4,22383312108900,26240325,9870.372585395,14307
10465,4,22449211550960,26317580,9900.373208064,14307
10498,4,22520740872220,26401435,9930.37424009,14307
10529,4,22587135061240,26479270,9960.376369826,14307
10559,4,22650995804620,26554135,9990.377030695,14307
10595,4,22728926980940,26645495,10020.378056188,14307
10625,4,22793802808600,26721550,10050.379823798,14307
10655,4,22857689142340,26796445,10080.381203517,14307
10686,4,22924189957860,26874405,10110.382501217,14307
10717,4,22990490315560,26952130,10140.382625851,14307
10752,4,23066365732960,27041080,10170.384050907,14307
10784,4,23133314379780,27119565,10200.385919313,14307
10812,4,23194368713680,27191140,10230.386485703,14307
10841,4,23257193047480,27264790,10260.387379384,14307
10871,4,23321147622180,27339765,10290.38839024,14307
10905,4,23394596220440,27425870,10320.389463901,14307
10937,4,23461962843140,27504845,10350.390847443,14307
10972,4,23536614188320,27592360,10380.392523295,14307
11003,4,23604599244720,27672060,10410.394134913,14307
11034,4,23670677819300,27749525,10440.395018082,14307
11065,4,23737553960100,27827925,10470.396903845,14307
11095,4,23801947835980,27903415,10500.397958389,14307
11125,4,23864968362540,27977295,10530.399013538,14307
11161,4,23943381490640,28069220,10560.400780807,14307
11193,4,24011775992800,28149400,10590.401536071,14307
11222,4,24074476639860,28222905,10620.401634462,14307
11252,4,24138345913360,28297780,10650.402806601,14307
11282,4,24201485861600,28371800,10680.403361047,14307
11310,4,24263069062940,28443995,10710.404965457,14307
11342,4,24330572167560,28523130,10740.407055249,14307
11372,4,24396126139760,28599980,10770.407369961,14307
11409,4,24474667219660,28692055,10800.407728973,14307
11439,4,24540289432820,28768985,10830.408980572,14307
11470,4,24605753838760,28845730,10860.410980109,14307
11500,4,24669128365300,28920025,10890.412736887,14307
11531,4,24737360795180,29000015,10920.414220784,14307
11562,4,24803332743260,29077355,10950.414388998,14307
11593,4,24868937896180,29154265,10980.416308717,14307
11625,4,24938428518760,29235730,11010.417393504,14307
11656,4,25005338780040,29314170,11040.417582962,14307
11686,4,25068210029500,29387875,11070.419027302,14307
11716,4,25133145568000,29464000,11100.420152032,14307
11750,4,25206466214460,29549955,11130.421177224,14307
11779,4,25268625198900,29622825,11160.421955155,14307
11808,4,25330340617100,29695175,11190.423899888,14307
11839,4,25397216757900,29773575,11220.424086429,14307
11869,4,25460987935020,29848335,11250.425790108,14307
11903,4,25534786268200,29934850,11280.426148198,14307
11933,4,25599035132040,30010170,11310.427423116,14307
11963,4,25663190164560,30085380,11340.429090662,14307
12006,4,25756019195460,30194205,11370.429944329,14307
12039,4,25825531143340,30275695,11400.431648661,14307
12070,4,25891963717900,30353575,11430.433131505,14307
12103,4,25964725641500,30438875,11460.434388124,14307
12132,4,26027063758460,30511955,11490.436491501,14307
12162,4,26091410718680,30587390,11520.437046325,14307
12193,4,26156111678880,30663240,11550.437477838,14307
12223,4,26221486518560,30739880,11580.439179309,14307
12253,4,26285969960700,30815475,11610.439601787,14307
12283,4,26350538704040,30891170,11640.441080876,14307
12313,4,26413486724580,30964965,11670.442932853,14307
12341,4,26474899323520,31036960,11700.44431434,14307
12373,4,26543916524440,31117870,11730.444854589,14307
12404,4,26610370424300,31195775,11760.446544594,14307
12435,4,26676440468760,31273230,11790.448628092,14307
12471,4,26754077355940,31364245,11820.450473896,14307
12502,4,26819669713680,31441140,11850.450521282,14307
12535,4,26889876866340,31523445,11880.451697809,14307
12564,4,26952859007360,31597280,11910.452958211,14307
12595,4,27019722352980,31675665,11940.453464441,14307
12628,4,27089694927340,31757695,11970.455210438,14307
12663,4,27164209790600,31845050,12000.45733827,14307
12712,4,27269377640080,31968340,12030.457642757,14307
12751,4,27354815322000,32068500,12060.457965282,14307
12781,4,27418599294300,32143275,12090.459005235,14307
12825,4,27512366638400,32253200,12120.459837492,14307
12854,4,27575178177020,32326835,12150.461396562,14307
12882,4,27635929691660,32398055,12180.463534932,14307
12913,4,27700694627760,32473980,12210.464902227,14307
12943,4,27765510744580,32549965,12240.465053899,14307
12973,4,27829469584340,32624945,12270.467212998,14307
13010,4,27909908615940,32719245,12300.469012597,14307
13051,4,27996954225480,32821290,12330.470437992,14307
13091,4,28082579570040,32921670,12360.471554394,14307
13130,4,28167752818240,33021520,12390.473511674,14307
13171,4,28254951969940,33123745,12420.473623931,14307
13215,4,28349188470640,33234220,12450.474765359,14307
13250,4,28423660683300,33321525,12480.476360983,14307
13285,4,28499774944060,33410755,12510.477915428,14307
13327,4,28588675854700,33514975,12540.478770108,14307
13366,4,28673439657140,33614345,12570.48028823,14307
13406,4,28758557459560,33714130,12600.480484605,14307
13446,4,28844233984840,33814570,12630.482235708,14307
13486,4,28931381955820,33916735,12660.482328647,14307
13534,4,29034297853620,34037385,12690.482589545,14307
13640,4,29260917551660,34303055,12720.482873201,14307
13695,4,29380062002760,34442730,12750.48384333,14307
13744,4,29483941804120,34564510,12780.485310541,14307
13812,4,29629103121220,34734685,12810.486591097,14307
13872,4,29758854776540,34886795,12840.487567181,14307
13921,4,29863753927240,35009770,12870.488038118,14307
13990,4,30012207870660,35183805,12900.488596318,14307
14061,4,30163950175340,35361695,12930.489068313,14307
14180,4,30420032907860,35661905,12960.489455757,14307
14306,4,30689286145660,35977555,12990.489859098,14307
33,5,69720935820,81735,30.00018195,14307
64,5,136140715200,159600,60.001250913,14307
95,5,202675651200,237600,90.001291338,14307
131,5,280820080520,329210,120.001422251,14307
165,5,353001955960,413830,150.003173881,14307
196,5,418922723320,491110,180.00351345,14307
226,5,483581032920,566910,210.005154783,14307
259,5,554850185520,650460,240.0056615,14307
291,5,622455651580,729715,270.007197216,14307
325,5,695298611320,815110,300.00834226,14307
356,5,762780390640,894220,330.01014054,14307
390,5,835968820240,980020,360.011333074,14307
421,5,901757370740,1057145,390.011671035,14307
457,5,980225944620,1149135,420.012908582,14307
490,5,1049413747940,1230245,450.014911278,14307
520,5,1114792852680,1306890,480.01545048,14307
551,5,1181127330860,1384655,510.016850441,14307
582,5,1247372242780,1462315,540.017307052,14307
612,5,1312700166800,1538900,570.019142777,14307
644,5,1379559247360,1617280,600.019890949,14307
675,5,1446081388180,1695265,630.021742705,14307
710,5,1521807528480,1784040,660.02218058,14307
745,5,1596638006180,1871765,690.023228042,14307
775,5,1662507592820,1948985,720.02518349,14307
806,5,1729115034840,2027070,750.025862559,14307
838,5,1796251344300,2105775,780.026047123,14307
870,5,1865515918700,2186975,810.027034885,14307
901,5,1932413384800,2265400,840.027462267,14307
935,5,2004642175900,2350075,870.027523699,14307
966,5,2071791280540,2428795,900.028363331,14307
998,5,2139447927320,2508110,930.02927217,14307
1032,5,2212128814780,2593315,960.030832356,14307
1069,5,2292785364440,2687870,990.031095989,14307
1103,5,2365504637440,2773120,1020.032376747,14307
1136,5,2435507067220,2855185,1050.032944615,14307
1167,5,2502916340520,2934210,1080.033499818,14307
1201,5,2575610023160,3019430,1110.035427151,14307
1233,5,2644354260240,3100020,1140.037273759,14307
1275,5,2734649845500,3205875,1170.037483358,14307
1317,5,2825197069300,3312025,1200.037677505,14307
1351,5,2896270029140,3395345,1230.038954234,14307
1381,5,2961905037480,3472290,1260.039282134,14307
1412,5,3028107298800,3549900,1290.040471064,14307
1444,5,3095823656420,3629285,1320.040910345,14307
1475,5,3162742447820,3707735,1350.041561871,14307
1507,5,3232160564380,3789115,1380.041977054,14307
1537,5,3297070512520,3865210,1410.043584968,14307
1572,5,3371935110700,3952975,1440.045318346,14307
1604,5,3440380793580,4033215,1470.047150146,14307
1642,5,3522338186540,4129295,1500.047500763,14307
1674,5,3590916086280,4209690,1530.048698382,14307
1705,5,3656303721140,4286345,1560.049646778,14307
1738,5,3727683765300,4370025,1590.051323008,14307
1769,5,3793779400120,4447510,1620.052431987,14307
1798,5,3857179517020,4521835,1650.053125559,14307
1830,5,3923897850600,4600050,1680.054832865,14307
1867,5,4004972376140,4695095,1710.055207384,14307
1898,5,4071417745880,4772990,1740.056846535,14307
1932,5,4144111428520,4858210,1770.05784052,14307
1964,5,4212488870440,4938370,1800.05979757,14307
1995,5,4278789228140,5016095,1830.059997846,14307
2027,5,4347994091700,5097225,1860.061385183,14307
2059,5,4415974883040,5176920,1890.062181924,14307
2089,5,4481294276940,5253495,1920.063507364,14307
2122,5,4550618562180,5334765,1950.064471348,14307
2152,5,4614598727240,5409770,1980.065263765,14307
2183,5,4682430241480,5489290,2010.067083714,14307
2214,5,4749668912380,5568115,2040.068259511,14307
2247,5,4819121149420,5649535,2070.068477214,14307
2277,5,4884832928840,5726570,2100.068556488,14307
2308,5,4950693985360,5803780,2130.069437655,14307
2343,5,5024650125760,5890480,2160.070326262,14307
2379,5,5102645277980,5981915,2190.070505497,14307
2412,5,5174515804040,6066170,2220.071758766,14307
2442,5,5237996957080,6140590,2250.072713431,14307
2478,5,5314623025040,6230420,2280.074120491,14307
2511,5,5386194996900,6314325,2310.076127215,14307
2541,5,5450895957100,6390175,2340.077652172,14307
2574,5,5520629688100,6471925,2370.077955401,14307
2606,5,5589527467340,6552695,2400.078514686,14307
2638,5,5658020065880,6632990,2430.079856503,14307
2669,5,5724286303100,6710675,2460.081071256,14307
2700,5,5790987576440,6788870,2490.082044406,14307
2731,5,5858170801560,6867630,2520.082841878,14307
2765,5,5929729978240,6951520,2550.083656043,14307
2794,5,5993330552960,7026080,2580.08378747,14307
2828,5,6065926139220,7111185,2610.084322218,14307
2859,5,6133211725780,7190065,2640.086368579,14307
2891,5,6200795866540,7269295,2670.086579045,14307
2922,5,6267863935040,7347920,2700.086934158,14307
2953,5,6334078991540,7425545,2730.087065023,14307
2985,5,6401978746740,7505145,2760.087897243,14307
3021,5,6479001465280,7595440,2790.087946763,14307
3055,5,6551861485260,7680855,2820.088571722,14307
3085,5,6616677602080,7756840,2850.088670326,14307
3119,5,6690514320800,7843400,2880.089636708,14307
3150,5,6756170654440,7920370,2910.090505876,14307
3181,5,6823388000040,7999170,2940.090895774,14307
3217,5,6900700742660,8089805,2970.09295671,14307
3252,5,6974946907140,8176845,3000.094587442,14307
3283,5,7042974614140,8256595,3030.096161066,14307
3315,5,7110456393460,8335705,3060.096966266,14307
3347,5,7179268871500,8416375,3090.098060768,14307
3383,5,7256359831000,8506750,3120.099038362,14307
3415,5,7324643441600,8586800,3150.099233474,14307
3445,5,7390201678860,8663655,3180.101143176,14307
3480,5,7464592855380,8750865,3210.102262038,14307
3510,5,7529558249300,8827025,3240.102785331,14307
3541,5,7596088920240,8905020,3270.104575095,14307
3573,5,7663152723680,8983640,3300.106363678,14307
3603,5,7729192912720,9061060,3330.107966542,14307
3634,5,7795736378840,9139070,3360.108793051,14307
3664,5,7860450134220,9214935,3390.110926336,14307
3695,5,7926076612440,9291870,3420.110990281,14307
3726,5,7992487861700,9369725,3450.112167025,14307
3758,5,8060481448220,9449435,3480.11311389,14307
3788,5,8124563974720,9524560,3510.113429192,14307
3817,5,8188535609660,9599555,3540.114503369,14307
3854,5,8267550111220,9692185,3570.114974888,14307
3889,5,8342606637100,9780175,3600.116390605,14307
3920,5,8408245910500,9857125,3630.118555672,14307
3953,5,8480393665460,9941705,3660.119195319,14307
3987,5,8551880336120,10025510,3690.121128145,14307
4019,5,8621554356280,10107190,3720.121376724,14307
4051,5,8689394400640,10186720,3750.121559975,14307
4082,5,8755890951100,10264675,3780.123362825,14307
4118,5,8832337886540,10354295,3810.125017742,14307
4148,5,8896927955180,10430015,3840.125515159,14307
4178,5,8961232264800,10505400,3870.126909459,14307
4209,5,9027745875500,10583375,3900.128553199,14307
4240,5,9095701076480,10663040,3930.129365474,14307
4272,5,9162944012440,10741870,3960.129916278,14307
4304,5,9231530442300,10822275,3990.13134634,14307
4338,5,9304693281540,10908045,4020.132837874,14307
4372,5,9378410578580,10994465,4050.133429065,14307
4404,5,9446591827740,11074395,4080.134806493,14307
4437,5,9517413149040,11157420,4110.135700139,14307
4469,5,9586549771640,11238470,4140.135953965,14307
4500,5,9652031237820,11315235,4170.135999476,14307
4530,5,9717917884700,11392475,4200.137600763,14307
4563,5,9787493808480,11474040,4230.138216536,14307
4597,5,9860737683860,11559905,4260.139166732,14307
4628,5,9927306740340,11637945,4290.140760365,14307
4660,5,9996016856940,11718495,4320.141759035,14307
4693,5,10067972684200,11802850,4350.141995655,14307
4724,5,10134251716600,11880550,4380.143492379,14307
4763,5,10217343615520,11977960,4410.143845476,14307
4796,5,10288766310280,12061690,4440.145715537,14307
4830,5,10360675221880,12145990,4470.147340668,14307
4861,5,10427086471140,12223845,4500.147593164,14307
4891,5,10490665720560,12298380,4530.149159729,14307
4922,5,10558817114300,12378275,4560.150902785,14307
4954,5,10626328749040,12457420,4590.152021053,14307
4985,5,10693759347640,12536470,4620.152906886,14307
5024,5,10777751174220,12634935,4650.154535531,14307
5055,5,10842695242840,12711070,4680.156368475,14307
5085,5,10906948371740,12786395,4710.157743795,14307
5116,5,10974796946220,12865935,4740.158992247,14307
5148,5,11042824653220,12945685,4770.160722488,14307
5180,5,11111172239720,13025810,4800.160883261,14307
5211,5,11177370235980,13103415,4830.161175291,14307
5242,5,11244374328580,13181965,4860.161455857,14307
5274,5,11312312469320,13261610,4890.162684954,14307
5304,5,11378416634260,13339105,4920.164394577,14307
5334,5,11442678293280,13414440,4950.165116434,14307
5365,5,11508748337740,13491895,4980.167182461,14307
5395,5,11572557900400,13566700,5010.168020093,14307
5425,5,11637625655760,13642980,5040.1692712,14307
5459,5,11710549651640,13728470,5070.170170494,14307
5492,5,11781362442820,13811485,5100.170995649,14307
5523,5,11847458077640,13888970,5130.172050182,14307
5558,5,11923107446860,13977655,5160.172295009,14307
5589,5,11988089901020,14053835,5190.17390282,14307
5620,5,12056237029700,14133725,5220.175614708,14307
5651,5,12121492447700,14210225,5250.176415622,14307
5687,5,12199645407140,14301845,5280.177302849,14307
5718,5,12265817813040,14379420,5310.1790629,14307
5749,5,12333282532120,14458510,5340.179524773,14307
5784,5,12406726865320,14544610,5370.180624205,14307
5815,5,12473359897700,14622725,5400.181133182,14307
5845,5,12538947990380,14699615,5430.182639949,14307
5877,5,12607636781680,14780140,5460.183611091,14307
5909,5,12675852151320,14860110,5490.185156077,14307
5940,5,12742216484920,14937910,5520.186341392,14307
5973,5,12812470553240,15020270,5550.187836321,14307
6007,5,12886175055100,15106675,5580.188928139,14307
6038,5,12952624689900,15184575,5610.189342374,14307
6069,5,13019679963220,15263185,5640.191509432,14307
6103,5,13091307380860,15347155,5670.193241925,14307
6135,5,13160021762520,15427710,5700.19430334,14307
6167,5,13228288312880,15507740,5730.195068563,14307
6207,5,13315551440480,15610040,5760.195888525,14307
6238,5,13380512569340,15686195,5790.197890235,14307
6269,5,13447158396900,15764325,5820.198526329,14307
6303,5,13520009886760,15849730,5850.199299952,14307
6346,5,13614054459760,15959980,5880.20017044,14307
6379,5,13684436479880,16042490,5910.200478018,14307
6409,5,13748676813600,16117800,5940.201819734,14307
6439,5,13813650737640,16193970,5970.202811556,14307
6470,5,13879887119440,16271620,6000.203235368,14307
6502,5,13947803934880,16351240,6030.204553218,14307
6536,5,14020412316320,16436360,6060.204639046,14307
6572,5,14097422239680,16526640,6090.205512846,14307
6603,5,14163846284120,16604510,6120.206080206,14307
6633,5,14227984256400,16679700,6150.206292381,14307
6666,5,14299189433100,16763175,6180.207902307,14307
6696,5,14364240128220,16839435,6210.209277662,14307
6728,5,14431738967780,16918565,6240.209703542,14307
6760,5,14502257469820,17001235,6270.211155326,14307
6793,5,14571202164720,17082060,6300.211815844,14307
6824,5,14638841751260,17161355,6330.213128703,14307
6855,5,14705056807760,17238980,6360.214833281,14307
6886,5,14772555647320,17318110,6390.216171652,14307
6918,5,14839636511000,17396750,6420.217098554,14307
6954,5,14917026024700,17487475,6450.218289771,14307
6986,5,14985185948560,17567380,6480.218811027,14307
7017,5,15052629342340,17646445,6510.220716183,14307
7052,5,15128615651300,17735525,6540.221728507,14307
7089,5,15207783695020,17828335,6570.223181315,14307
7125,5,15283740148560,17917380,6600.225066062,14307
7164,5,15368563661840,18016820,6630.225786026,14307
7195,5,15433947031640,18093470,6660.226890078,14307
7227,5,15503812979500,18175375,6690.227978971,14307
7259,5,15571316084120,18254510,6720.228034212,14307
7290,5,15637906465900,18332575,6750.229575243,14307
7321,5,15704910558500,18411125,6780.230978054,14307
7351,5,15769829036760,18487230,6810.231955825,14307
7388,5,15847819923920,18578660,6840.233836546,14307
7420,5,15916188835720,18658810,6870.233923698,14307
7451,5,15982787747620,18736885,6900.235027729,14307
7482,5,16050346298020,18816085,6930.235444392,14307
7515,5,16120361522980,18898165,6960.235940736,14307
7546,5,16187630049300,18977025,6990.237237365,14307
7578,5,16255312286440,19056370,7020.237364786,14307
7610,5,16324320957240,19137270,7050.238280885,14307
7641,5,16391738760660,19216305,7080.240254955,14307
7672,5,16458798299040,19294920,7110.24201253,14307
7707,5,16533300367120,19382260,7140.242197035,14307
7742,5,16608855905020,19470835,7170.242581881,14307
7773,5,16673923660380,19547115,7200.243566929,14307
7807,5,16746920162280,19632690,7230.244773604,14307
7838,5,16812917700720,19710060,7260.245537468,14307
7868,5,16878352251240,19786770,7290.246155923,14307
7900,5,16946337307640,19866470,7320.246748405,14307
7935,5,17022924990060,19956255,7350.247772063,14307
7969,5,17094300769160,20039930,7380.24807124,14307
8009,5,17180591463080,20141090,7410.249218632,14307
8039,5,17245424640140,20217095,7440.251276786,14307
8071,5,17313290274860,20296655,7470.252410309,14307
8102,5,17380648367440,20375620,7500.253517543,14307
8132,5,17445741713160,20451930,7530.253772781,14307
8163,5,17510971540800,20528400,7560.255503994,14307
8194,5,17578001223760,20606980,7590.257604166,14307
8228,5,17651628954540,20693295,7620.259392859,14307
8260,5,17719140589280,20772440,7650.260988481,14307
8290,5,17784604995220,20849185,7680.261041077,14307
8322,5,17853212750380,20929615,7710.261092404,14307
8354,5,17920912047760,21008980,7740.261924568,14307
8385,5,17988244549980,21087915,7770.263894611,14307
8425,5,18072283292220,21186435,7800.26456867,14307
8456,5,18139351360720,21265060,7830.264995403,14307
8487,5,18206116609960,21343330,7860.266894105,14307
8522,5,18281834220140,21432095,7890.26811797,14307
8554,5,18350079445200,21512100,7920.269807176,14307
8586,5,18418055971480,21591790,7950.271042477,14307
8616,5,18483456401520,21668460,7980.273361503,14307
8648,5,18551215409740,21747895,8010.275267734,14307
8684,5,18628818176440,21838870,8040.276453386,14307
8718,5,18702659160220,21925435,8070.278113915,14307
8749,5,18768750529980,22002915,8100.278952016,14307
8778,5,18830662140940,22075495,8130.279340762,14307
8808,5,18895311920420,22151285,8160.281105685,14307
8839,5,18961915097380,22229365,8190.282851904,14307
8878,5,19044490924040,22326170,8220.284119897,14307
8908,5,19109669570960,22402580,8250.284279866,14307
8939,5,19175112651600,22479300,8280.28593893,14307
8971,5,19244108527220,22560185,8310.286790793,14307
9001,5,19309833101820,22637235,8340.288026012,14307
9033,5,19376871314900,22715825,8370.288465972,14307
9063,5,19441145769100,22791175,8400.288699658,14307
9093,5,19506836223220,22868185,8430.290410607,14307
9127,5,19579009568540,22952795,8460.291297327,14307
9157,5,19643305348040,23028170,8490.292882904,14307
9187,5,19707183151660,23103055,8520.293564644,14307
9218,5,19774370641840,23181820,8550.294415011,14307
9248,5,19839080132160,23257680,8580.295104134,14307
9279,5,19904851622420,23334785,8610.295645247,14307
9309,5,19970098510300,23411275,8640.297040059,14307
9340,5,20036612121000,23489250,8670.29850671,14307
9372,5,20103965948520,23568210,8700.298930683,14307
9402,5,20169383438800,23644900,8730.299179569,14307
9433,5,20236750061500,23723875,8760.300614553,14307
9464,5,20301374250620,23799635,8790.302088551,14307
9495,5,20369576825080,23879590,8820.303193382,14307
9526,5,20435527447860,23956905,8850.305075826,14307
9557,5,20502211660960,24035080,8880.306339705,14307
9593,5,20579976499940,24126245,8910.307660849,14307
9624,5,20645278833600,24202800,8940.308983473,14307
9655,5,20712312781620,24281385,8970.309757892,14307
9685,5,20777081982780,24357315,9000.309813465,14307
9716,5,20842563448960,24434080,9030.309846083,14307
9746,5,20907597083840,24510320,9060.310014976,14307
9776,5,20972592333180,24586515,9090.310864629,14307
9807,5,21037719799380,24662865,9120.312101395,14307
9838,5,21104259000440,24740870,9150.312415186,14307
9869,5,21170132852140,24818095,9180.313031184,14307
9911,5,21260970100020,24924585,9210.314711149,14307
9941,5,21325867252980,25000665,9240.314745633,14307
9973,5,21394193514180,25080765,9270.31670374,14307
10004,5,21460105751420,25158035,9300.317945761,14307
10035,5,21527945795780,25237565,9330.31962239,14307
10066,5,21594455141420,25315535,9360.321148116,14307
10100,5,21666496269880,25399990,9390.321931219,14307
10131,5,21733547278140,25478595,9420.32272802,14307
10163,5,21801656021280,25558440,9450.32296492,14307
10199,5,21879864426500,25650125,9480.323200115,14307
10235,5,21955795289680,25739140,9510.323308895,14307
10266,5,22022509358200,25817350,9540.324893385,14307
10302,5,22099246317720,25907310,9570.326890127,14307
10333,5,22167026651240,25986770,9600.328843826,14307
10364,5,22232111466840,26063070,9630.328991969,14307
10394,5,22297477776400,26139700,9660.329952759,14307
10425,5,22363850640120,26217510,9690.330184327,14307
10456,5,22431251383300,26296525,9720.330534514,14307
10490,5,22503979186420,26381785,9750.331128218,14307
10521,5,22570322194720,26459560,9780.332565363,14307
10554,5,22639889588380,26541115,9810.332647685,14307
10585,5,22707908765260,26620855,9840.333306031,14307
10617,5,22775642183120,26700260,9870.333438575,14307
10648,5,22842219769720,26778310,9900.334750169,14307
10681,5,22913540103040,26861920,9930.335207617,14307
10713,5,22981597665460,26941705,9960.335740315,14307
10745,5,23050734288060,27022755,9990.336486572,14307
10775,5,23115550404880,27098740,10020.336568445,14307
10807,5,23183821220300,27178775,10050.338304155,14307
10838,5,23249473288880,27255740,10080.338546728,14307
10869,5,23316839911580,27334715,10110.338965196,14307
10900,5,23383374847580,27412715,10140.340589709,14307
10932,5,23451317253380,27492365,10170.341025175,14307
10963,5,23518197659240,27570770,10200.342301463,14307
10999,5,23595787630760,27661730,10230.342708606,14307
11034,5,23670072180780,27748815,10260.343099498,14307
11068,5,23742475839340,27833695,10290.343606004,14307
11098,5,23808315570560,27910880,10320.344811513,14307
11130,5,23876543735380,27990865,10350.345092776,14307
11162,5,23944584237560,28070630,10380.346941565,14307
11195,5,24015375703440,28153620,10410.347913226,14307
11228,5,24086124518720,28236560,10440.349284345,14307
11261,5,24157009815920,28319660,10470.350412433,14307
11292,5,24223476510960,28397580,10500.350838021,14307
11323,5,24290877254140,28476595,10530.351310072,14307
11354,5,24357109370880,28554240,10560.352840646,14307
11386,5,24425738451340,28634695,10590.354647248,14307
11418,5,24494192664340,28714945,10620.355969433,14307
11457,5,24578628057160,28813930,10650.357193222,14307
11491,5,24650963474760,28898730,10680.358493858,14307
11522,5,24716632603580,28975715,10710.358902323,14307
11555,5,24787159635740,29058395,10740.359920989,14307
11586,5,24854901583720,29137810,10770.361035027,14307
11624,5,24935434446640,29232220,10800.361736915,14307
11657,5,25006486081180,29315515,10830.363332431,14307
11687,5,25070632583580,29390715,10860.36426799,14307
11719,5,25139163567660,29471055,10890.36449163,14307
11749,5,25205199491640,29548470,10920.365223864,14307
11782,5,25275056909380,29630365,10950.36637502,14307
11814,5,25343140062160,29710180,10980.368574955,14307
11845,5,25409636612620,29788135,11010.369207273,14307
11877,5,25479600656860,29870155,11040.369889693,14307
11908,5,25546481062720,29948560,11070.370646217,14307
11942,5,25618837805620,30033385,11100.370822048,14307
11973,5,25685918669300,30112025,11130.371883571,14307
12004,5,25751383075240,30188770,11160.373440668,14307
12034,5,25816148011340,30264695,11190.374546128,14307
12066,5,25884154393040,30344420,11220.375092343,14307
12097,5,25949925883300,30421525,11250.375438211,14307
12129,5,26018635999900,30502075,11280.375580346,14307
12160,5,26085652887680,30580640,11310.376223977,14307
12192,5,26154810835580,30661715,11340.377409104,14307
12225,5,26224770614760,30743730,11370.377540776,14307
12256,5,26292542418160,30823180,11400.379258328,14307
12289,5,26362229233500,30904875,11430.379827931,14307
12321,5,26432014145220,30986685,11460.380983424,14307
12353,5,26500971635300,31067525,11490.381477284,14307
12392,5,26584302377580,31165215,11520.381745234,14307
12425,5,26654309072420,31247285,11550.383265735,14307
12458,5,26724443719060,31329505,11580.385239842,14307
12489,5,26792462895940,31409245,11610.386167441,14307
12524,5,26867127036300,31496775,11640.386983373,14307
12554,5,26931866382040,31572670,11670.387155104,14307
12598,5,27024665557520,31681460,11700.387575561,14307
12631,5,27097082011260,31766355,11730.389447094,14307
12662,5,27162324634080,31842840,11760.390282137,14307
12693,5,27229891714600,31922050,11790.390440473,14307
12723,5,27294635325400,31997950,11820.390939316,14307
12755,5,27362010478220,32076935,11850.392713416,14307
12786,5,27428639245540,32155045,11880.393324885,14307
12818,5,27498756831940,32237245,11910.395133677,14307
12849,5,27564340659560,32314130,11940.395933031,14307
12880,5,27630389378720,32391560,11970.397798457,14307
12910,5,27694599857020,32466835,12000.400150033,14307
12940,5,27758537371480,32541790,12030.400313244,14307
12973,5,27829405608440,32624870,12060.4010766,14307
13004,5,27897424785320,32704610,12090.401541185,14307
13039,5,27971722130520,32791710,12120.402672477,14307
13069,5,28037199331640,32868470,12150.404663517,14307
13101,5,28104011496540,32946795,12180.40473568,14307
13132,5,28172111709560,33026630,12210.405936538,14307
13163,5,28237844814280,33103690,12240.407036561,14307
13193,5,28303266569620,33180385,12270.408945355,14307
13234,5,28391084155020,33283335,12300.409043119,14307
13273,5,28472986102200,33379350,12330.409297137,14307
13314,5,28562334844140,33484095,12360.409585897,14307
13357,5,28654895176260,33592605,12390.410259863,14307
13400,5,28746773098780,33700315,12420.412076505,14307
13443,5,28838160539400,33807450,12450.413768602,14307
13487,5,28933024003920,33918660,12480.414879607,14307
13536,5,29037782407640,34041470,12510.41652142,14307
13578,5,29128675101300,34148025,12540.416612896,14307
13622,5,29222220662280,34257690,12570.416954011,14307
13666,5,29317949933980,34369915,12600.418198645,14307
13711,5,29413628024960,34482080,12630.418482028,14307
13752,5,29501279273020,34584835,12660.419455799,14307
13794,5,29592376689560,34691630,12690.420217215,14307
13845,5,29700214466600,34818050,12720.420834579,14307
13895,5,29807519111140,34943845,12750.422001678,14307
13962,5,29952497030660,35113805,12780.422228186,14307
14054,5,30150353164060,35345755,12810.422398337,14307
14111,5,30271352916260,35487605,12840.422768577,14307
14163,5,30382410813600,35617800,12870.423271456,14307
14236,5,30540827937180,35803515,12900.423662172,14307
30,6,63272165100,74175,30.000442755,14307
59,6,126100763960,147830,60.000671705,14307
89,6,189829290480,222540,90.002261178,14307
119,6,254095214560,297880,120.002821442,14307
149,6,318557331400,373450,150.004916956,14307
179,6,383463014480,449540,180.005072539,14307
211,6,451964143140,529845,210.006599674,14307
241,6,515859007000,604750,240.008591441,14307
275,6,588121918580,689465,270.009724785,14307
304,6,652003987260,764355,300.011719791,14307
334,6,716461839040,839920,330.011776357,14307
365,6,781256630560,915880,360.012839723,14307
394,6,844260096880,989740,390.013588696,14307
423,6,906713370460,1062955,420.014806913,14307
453,6,971678764380,1139115,450.015261414,14307
483,6,1035714375220,1214185,480.015929804,14307
513,6,1099933383640,1289470,510.016455325,14307
544,6,1166225211220,1367185,540.018123799,14307
574,6,1230584966620,1442635,570.018671192,14307
604,6,1294654697940,1517745,600.02052848,14307
636,6,1362605633860,1597405,630.021800139,14307
665,6,1426342690500,1672125,660.023263592,14307
695,6,1490510518200,1747350,690.025061818,14307
725,6,1554848948300,1822775,720.02683803,14307
755,6,1618922944680,1897890,750.027730725,14307
786,6,1685752169820,1976235,780.028489477,14307
816,6,1749894407160,2051430,810.030149014,14307
846,6,1814121945700,2126725,840.03178921,14307
877,6,1881074857580,2205215,870.03239992,14307
907,6,1944935600960,2280080,900.033755182,14307
937,6,2009559790080,2355840,930.034492795,14307
966,6,2072213521480,2429290,960.034802958,14307
996,6,2135494216700,2503475,990.035572431,14307
1026,6,2199060670940,2577995,1020.037712821,14307
1055,6,2262823317940,2652745,1050.038169321,14307
1085,6,2326261820380,2727115,1080.040182533,14307
1115,6,2390753792640,2802720,1110.040439703,14307
1145,6,2454921620340,2877945,1140.040601326,14307
1174,6,2518411303500,2952375,1170.040768656,14307
1204,6,2582463974580,3027465,1200.041821525,14307
1234,6,2646171175800,3102150,1230.043691092,14307
1264,6,2710744184200,3177850,1260.044369505,14307
1294,6,2775526180540,3253795,1290.045293861,14307
1324,6,2839723863660,3329055,1320.046232501,14307
1354,6,2903601667280,3403940,1350.048072243,14307
1384,6,2968042458820,3479485,1380.049398746,14307
1416,6,3036483876640,3559720,1410.050997201,14307
1446,6,3100945993480,3635290,1440.051222061,14307
1476,6,3165817556080,3711340,1470.052433804,14307
1513,6,3243906539620,3802885,1500.054514515,14307
1542,6,3307711837220,3877685,1530.055621345,14307
1572,6,3372084387800,3953150,1560.056754248,14307
1602,6,3435552745660,4027555,1590.05734474,14307
1632,6,3499707778180,4102765,1620.058296413,14307
1661,6,3562391365000,4176250,1650.059189111,14307
1696,6,3638241192040,4265170,1680.060960696,14307
1725,6,3700562248760,4338230,1710.063097319,14307
1755,6,3764636245140,4413345,1740.064189131,14307
1785,6,3827460578940,4486995,1770.066087747,14307
1814,6,3890911876560,4561380,1800.06648967,14307
1845,6,3956052137940,4637745,1830.06792761,14307
1875,6,4020552640320,4713360,1860.070186969,14307
1904,6,4083730974100,4787425,1890.071763324,14307
1935,6,4149485404120,4864510,1920.071994806,14307
1964,6,4211554822300,4937275,1950.072168987,14307
1992,6,4273056987500,5009375,1980.072450145,14307
2028,6,4348957995260,5098355,2010.073818113,14307
2063,6,4423865244040,5186170,2040.074238636,14307
2096,6,4496465095360,5271280,2070.075756822,14307
2126,6,4559502682160,5345180,2100.077467062,14307
2156,6,4624143931520,5420960,2130.078302101,14307
2185,6,4686998120740,5494645,2160.079185557,14307
2215,6,4749818189480,5568290,2190.080609276,14307
2243,6,4811256378780,5640315,2220.081359166,14307
2278,6,4885161338460,5726955,2250.081869581,14307
2307,6,4948582780660,5801305,2280.082017636,14307
2337,6,5012460584280,5876190,2310.083934123,14307
2369,6,5081196291240,5956770,2340.084561388,14307
2403,6,5154303684700,6042475,2370.08615941,14307
2433,6,5217972500380,6117115,2400.087878961,14307
2462,6,5281688231720,6191810,2430.089466653,14307
2495,6,5352513818080,6274840,2460.090879089,14307
2527,6,5420972296140,6355095,2490.091252483,14307
2557,6,5485208364800,6430400,2520.092107205,14307
2587,6,5548864385300,6505025,2550.092825192,14307
2617,6,5612281562440,6579370,2580.093306952,14307
2651,6,5685969004060,6665755,2610.095177802,14307
2684,6,5756854301260,6748855,2640.097017298,14307
2714,6,5821282297620,6824385,2670.098580186,14307
2744,6,5886077089140,6900345,2700.099057656,14307
2774,6,5950577591520,6975960,2730.099793419,14307
2804,6,6013986238540,7050295,2760.099837786,14307
2835,6,6080892234760,7128730,2790.100855226,14307
2865,6,6145162423900,7204075,2820.102488814,14307
2894,6,6208507095020,7278335,2850.103134227,14307
2924,6,6272001043240,7352770,2880.103296417,14307
2956,6,6339538268340,7431945,2910.10391626,14307
2985,6,6403603734600,7507050,2940.103987036,14307
3016,6,6468304694800,7582900,2970.105351577,14307
3046,6,6532557823700,7658225,3000.106602486,14307
3075,6,6596836542960,7733580,3030.107207561,14307
3105,6,6660671695980,7808415,3060.10854916,14307
3136,6,6725884463380,7884865,3090.110193721,14307
3165,6,6789186483900,7959075,3120.110705344,14307
3195,6,6853345781480,8034290,3150.11126079,14307
3224,6,6916097609260,8107855,3180.113088114,14307
3254,6,6980568256220,8183435,3210.113448251,14307
3284,6,7044825650180,8258765,3240.114564072,14307
3314,6,7109543670620,8334635,3270.116309007,14307
3345,6,7174108148900,8410325,3300.116537683,14307
3374,6,7237678868200,8484850,3330.116986151,14307
3404,6,7301377539300,8559525,3360.117733622,14307
3433,6,7364508957420,8633535,3390.118015886,14307
3462,6,7427013411720,8706810,3420.118497573,14307
3492,6,7490784588840,8781570,3450.119147888,14307
3522,6,7554188970800,8855900,3480.119850338,14307
3558,6,7631079472480,8946040,3510.121761077,14307
3587,6,7694074408680,9019890,3540.122412073,14307
3616,6,7756122501560,9092630,3570.123295993,14307
3646,6,7820256208780,9167815,3600.124290788,14307
3676,6,7884914518380,9243615,3630.125180633,14307
3724,6,7989045958280,9365690,3660.126139633,14307
3754,6,8052719039020,9440335,3690.126476532,14307
3784,6,8117445589580,9516215,3720.128091842,14307
3814,6,8181553706440,9591370,3750.12844446,14307
3844,6,8245917726900,9666825,3780.129412907,14307
3874,6,8310179385920,9742160,3810.131252451,14307
3904,6,8373319334160,9816180,3840.132275017,14307
3933,6,8436992414900,9890825,3870.133819334,14307
3963,6,8499983086040,9964670,3900.134109172,14307
3994,6,8566957323220,10043185,3930.134355869,14307
4024,6,8631035584660,10118305,3960.13600023,14307
4053,6,8694678809980,10192915,3990.137304295,14307
4083,6,8758364685900,10267575,4020.138715701,14307
4112,6,8820984296820,10340985,4050.139038987,14307
4142,6,8884491040220,10415435,4080.141061511,14307
4171,6,8946965639100,10488675,4110.142977237,14307
4201,6,9010766671640,10563470,4140.143834899,14307
4230,6,9074499463220,10638185,4170.145170444,14307
4260,6,9138019001800,10712650,4200.146789111,14307
4290,6,9201645166880,10787240,4230.148178727,14307
4322,6,9271575090640,10869220,4260.150056205,14307
4352,6,9335218315960,10943830,4290.150271055,14307
4382,6,9398968167780,11018565,4320.151391574,14307
4411,6,9462526091900,11093075,4350.152583703,14307
4441,6,9526988208740,11168645,4380.153406982,14307
4471,6,9590682614780,11243315,4410.155090181,14307
4501,6,9654649984660,11318305,4440.155517882,14307
4530,6,9718301740100,11392925,4470.15678234,14307
4560,6,9782405591900,11468075,4500.157861715,14307
4590,6,9845511419660,11542055,4530.15985159,14307
4620,6,9909363632920,11616910,4560.161564374,14307
4652,6,9979472689200,11699100,4590.161986643,14307
4683,6,10044608685520,11775460,4620.16253394,14307
4712,6,10108605910820,11850485,4650.163861298,14307
4743,6,10174236654100,11927425,4680.164681309,14307
4773,6,10238024891460,12002205,4710.165846202,14307
4803,6,10302546719140,12077845,4740.166377745,14307
4833,6,10367200763680,12153640,4770.167080874,14307
4863,6,10431168133560,12228630,4800.168188719,14307
4892,6,10494329407100,12302675,4830.168559627,14307
4923,6,10559409957640,12378970,4860.16997679,14307
4953,6,10625228363560,12456130,4890.171262875,14307
4983,6,10689626504500,12531625,4920.171415637,14307
5013,6,10754144067120,12607260,4950.172516675,14307
5043,6,10818124232180,12682265,4980.173233828,14307
5073,6,10881302565960,12756330,5010.174102719,14307
5103,6,10945683646660,12831805,5040.17513595,14307
5135,6,11014594221080,12912590,5070.175334287,14307
5165,6,11078625566860,12987655,5100.177274229,14307
5194,6,11141897731960,13061830,5130.178223644,14307
5224,6,11205374619940,13136245,5160.178398102,14307
5253,6,11268207483860,13209905,5190.179344586,14307
5282,6,11331206685120,13283760,5220.180510953,14307
5311,6,11393399790040,13356670,5250.182146161,14307
5341,6,11456040726260,13430105,5280.182772323,14307
5370,6,11519078313060,13504005,5310.184839497,14307
5400,6,11582738598620,13578635,5340.185780151,14307
5429,6,11646002233600,13652800,5370.187300674,14307
5458,6,11709154977020,13726835,5400.188128055,14307
5488,6,11772132852980,13800665,5430.189642311,14307
5517,6,11835417813260,13874855,5460.190696111,14307
5547,6,11898719833780,13949065,5490.192448502,14307
5577,6,11962542191620,14023885,5520.194242616,14307
5606,6,12025630959140,14097845,5550.195525048,14307
5638,6,12094665220300,14178775,5580.196262603,14307
5668,6,12158777602220,14253935,5610.196643609,14307
5698,6,12222727911860,14328905,5640.196876915,14307
5728,6,12287475787720,14404810,5670.198694936,14307
5758,6,12350782073300,14479025,5700.199943457,14307
5787,6,12414433828740,14553645,5730.200903446,14307
5817,6,12478268981760,14628480,5760.202106081,14307
5847,6,12543230110620,14704635,5790.202530092,14307
5880,6,12613974660840,14787570,5820.203724155,14307
5910,6,12678172343960,14862830,5850.204163015,14307
5940,6,12741922195780,14937565,5880.205279087,14307
5970,6,12805492915080,15012090,5910.205419459,14307
5999,6,12869379248820,15086985,5940.207194076,14307
6029,6,12934093004200,15162850,5970.20807477,14307
6060,6,12999275916180,15239265,6000.208352555,14307
6092,6,13067858080980,15319665,6030.208873371,14307
6122,6,13131718824360,15394530,6060.209661124,14307
6151,6,13194555953340,15468195,6090.209938886,14307
6180,6,13257644720860,15542155,6120.210153064,14307
6209,6,13320298452260,15615605,6150.211554674,14307
6240,6,13384730713680,15691140,6180.21274481,14307
6270,6,13449934950960,15767580,6210.213579855,14307
6300,6,13515070947280,15843940,6240.214539513,14307
6330,6,13579362461720,15919310,6270.215071937,14307
6360,6,13642400048520,15993210,6300.216645856,14307
6389,6,13705821490720,16067560,6330.217107892,14307
6419,6,13769699294340,16142445,6360.218288641,14307
6449,6,13833359579900,16217075,6390.219986634,14307
6478,6,13897416516040,16292170,6420.22123555,14307
6508,6,13961247404000,16367000,6450.221949906,14307
6538,6,14024873569080,16441590,6480.223184968,14307
6567,6,14088226770320,16515860,6510.22328856,14307
6597,6,14151328333020,16589835,6540.223430062,14307
6627,6,14215389534220,16664935,6570.225212493,14307
6657,6,14280214181160,16740930,6600.226670679,14307
6687,6,14343674008900,16815325,6630.226799364,14307
6716,6,14406523933060,16889005,6660.227128232,14307
6747,6,14472512941380,16966365,6690.227205047,14307
6777,6,14537478335300,17042525,6720.227702188,14307
6807,6,14601458500360,17117530,6750.228428096,14307
6836,6,14665438665420,17192535,6780.229033223,14307
6866,6,14729742975040,17267920,6810.230163712,14307
6896,6,14792844537740,17341895,6840.231866616,14307
6925,6,14855984485980,17415915,6870.233383268,14307
6966,6,14942774191920,17517660,6900.234331903,14307
6995,6,15006174308820,17591985,6930.234422482,14307
7025,6,15068934666720,17665560,6960.234878128,14307
7054,6,15132104470380,17739615,6990.235653877,14307
7084,6,15195879912560,17814380,7020.236401835,14307
7113,6,15259105162000,17888500,7050.237963851,14307
7143,6,15322812363220,17963185,7080.239309524,14307
7174,6,15388971973940,18040745,7110.239389053,14307
7204,6,15454304163020,18117335,7140.239436521,14307
7234,6,15518002834120,18192010,7170.240312827,14307
7264,6,15582981023220,18268185,7200.242663707,14307
7294,6,15647460200300,18343775,7230.244062678,14307
7324,6,15711380654520,18418710,7260.244379271,14307
7355,6,15777548795360,18496280,7290.246215011,14307
7385,6,15841418068860,18571155,7320.247653826,14307
7414,6,15905074089360,18645780,7350.249047067,14307
7444,6,15968772760460,18720455,7380.250893762,14307
7478,6,16042157382820,18806485,7410.250983286,14307
7510,6,16110641451240,18886770,7440.252853194,14307
7540,6,16175419182520,18962710,7470.252987467,14307
7570,6,16238819299420,19037035,7500.253565222,14307
7599,6,16301891006700,19110975,7530.25379691,14307
7629,6,16365666448880,19185740,7560.25520175,14307
7658,6,16428840517600,19259800,7590.256551587,14307
7688,6,16492351526060,19334255,7620.256916639,14307
7718,6,16555922245360,19408780,7650.257065611,14307
7747,6,16619510024900,19483325,7680.257195904,14307
7778,6,16684236575460,19559205,7710.259151024,14307
7808,6,16749568764540,19635795,7740.260780171,14307
7838,6,16814414736780,19711815,7770.262126587,14307
7868,6,16877959865720,19786310,7800.264061159,14307
7900,6,16945944922120,19866010,7830.265896474,14307
7930,6,17011046797960,19942330,7860.267176469,14307
7959,6,17074408529320,20016610,7890.268502582,14307
7991,6,17141532043600,20095300,7920.269057051,14307
8021,6,17206194618260,20171105,7950.27088408,14307
8051,6,17271552397700,20247725,7980.271334523,14307
8085,6,17343248056300,20331775,8010.271563609,14307
8114,6,17406861426200,20406350,8040.273373539,14307
8144,6,17470415085260,20480855,8070.274360811,14307
8173,6,17533533708200,20554850,8100.276459306,14307
8202,6,17594890861360,20626780,8130.277618647,14307
8232,6,17658218472240,20701020,8160.277974669,14307
8261,6,17720893528940,20774495,8190.278372005,14307
8299,6,17802198367720,20869810,8220.28003703,14307
8328,6,17865794677380,20944365,8250.280398895,14307
8359,6,17931544842340,21021445,8280.280636807,14307
8389,6,17995627368840,21096570,8310.281969581,14307
8418,6,18059070136340,21170945,8340.282753239,14307
8448,6,18122180229160,21244930,8370.283777787,14307
8478,6,18186049502660,21319805,8400.284253269,14307
8508,6,18250729137560,21395630,8430.285036067,14307
8538,6,18315353326680,21471390,8460.28668476,14307
8568,6,18379973250740,21547145,8490.288279757,14307
8598,6,18444951439840,21623320,8520.288438348,14307
8629,6,18510398785540,21700045,8550.290093498,14307
8658,6,18574105986760,21774730,8580.290286331,14307
8688,6,18638342055420,21850035,8610.291999991,14307
8718,6,18702868148160,21925680,8640.293703107,14307
8750,6,18770580240720,22005060,8670.294182398,14307
8780,6,18833912116660,22079305,8700.294242438,14307
8811,6,18901858787520,22158960,8730.294838847,14307
8841,6,18966406205560,22234630,8760.296702763,14307
8871,6,19029443792360,22308530,8790.297524963,14307
8901,6,19093927234500,22384125,8820.299544106,14307
8933,6,19163524483580,22465715,8850.301279353,14307
8963,6,19227764817300,22541025,8880.302916665,14307
8993,6,19291105223360,22615280,8910.304400836,14307
9023,6,19356885243740,22692395,8940.30521907,14307
9053,6,19420140348600,22766550,8970.306273193,14307
9085,6,19489503019380,22847865,9000.307081691,14307
9115,6,19554203979580,22923715,9030.307316444,14307
9144,6,19616712698940,22996995,9060.307497027,14307
9174,6,19679946478500,23071125,9090.308561765,14307
9203,6,19743274089380,23145365,9120.308931439,14307
9233,6,19806409772560,23219380,9150.309689012,14307
9262,6,19869379118400,23293200,9180.311516755,14307
9292,6,19932561717240,23367270,9210.312357026,14307
9321,6,19995573713680,23441140,9240.314405859,14307
9350,6,20058372457120,23514760,9270.316378116,14307
9380,6,20121572116200,23588850,9300.316819784,14307
9409,6,20185168425860,23663405,9330.317355286,14307
9439,6,20248687964440,23737870,9360.319206845,14307
9469,6,20312446346380,23812615,9390.320728953,14307
9499,6,20376507547580,23887715,9420.321223731,14307
9528,6,20439579254860,23961655,9450.322550598,14307
9557,6,20502271371800,24035150,9480.323101156,14307
9587,6,20565633103160,24109430,9510.32400592,14307
9616,6,20628521412860,24183155,9540.325692609,14307
9650,6,20702341071340,24269695,9570.327594022,14307
9681,6,20766952465280,24345440,9600.329527932,14307
9710,6,20830433618320,24419860,9630.330344121,14307
9740,6,20894772048420,24495285,9660.332229922,14307
9771,6,20960168213400,24571950,9690.33344827,14307
9801,6,21025982354260,24649105,9720.333775458,14307
9832,6,21090794206020,24725085,9750.334756983,14307
9862,6,21156019768600,24801550,9780.33514746,14307
9893,6,21221560945620,24878385,9810.336837159,14307
9922,6,21284747809520,24952460,9840.337065114,14307
9952,6,21348169251720,25026810,9870.337668158,14307
9981,6,21412029995100,25101675,9900.339283436,14307
10011,6,21475319220440,25175870,9930.339750943,14307
10041,6,21539069072260,25250605,9960.341978288,14307
10070,6,21602759213240,25325270,9990.343572727,14307
10100,6,21666253161460,25399705,10020.343934814,14307
10130,6,21730958386720,25475560,10050.34588384,14307
10160,6,21795586840900,25551325,10080.346067054,14307
10191,6,21862637849160,25629930,10110.347509781,14307
10221,6,21927070110580,25705465,10140.34788913,14307
10251,6,21990692010600,25780050,10170.349494102,14307
10282,6,22057730223680,25858640,10200.351294959,14307
10312,6,22120699569520,25932460,10230.351765961,14307
10342,6,22185588192360,26008530,10260.35326778,14307
10374,6,22253978429460,26088705,10290.353489082,14307
10405,6,22321080618440,26167370,10320.354425766,14307
10434,6,22383674639000,26240750,10350.354519834,14307
10464,6,22448524876300,26316775,10380.355910252,14307
10494,6,22511298029380,26390365,10410.356133828,14307
10524,6,22575956338980,26466165,10440.357863059,14307
10556,6,22644973539900,26547075,10470.35791969,14307
10586,6,22710147921760,26623480,10500.359273618,14307
10617,6,22775667773480,26700290,10530.361218949,14307
10647,6,22839848396360,26775530,10560.361533168,14307
10677,6,22903738995160,26850430,10590.362543626,14307
10706,6,22967377955420,26925035,10620.36446579,14307
10736,6,23031486072280,27000190,10650.365923417,14307
10767,6,23097057104720,27077060,10680.366969007,14307
10797,6,23161259052900,27152325,10710.368141317,14307
10827,6,23225942952860,27228155,10740.369696642,14307
10860,6,23296747213920,27311160,10770.370442497,14307
10890,6,23361298897020,27386835,10800.370747212,14307
10920,6,23426460483700,27463225,10830.37266103,14307
10950,6,23489856335540,27537545,10860.374517252,14307
10980,6,23554416548760,27613230,10890.375111003,14307
11010,6,23618541725860,27688405,10920.375436795,14307
11039,6,23681907722280,27762690,10950.377142569,14307
11069,6,23744770441620,27836385,10980.377627348,14307
11098,6,23808430727180,27911015,11010.378085799,14307
11128,6,23871800988660,27985305,11040.378801788,14307
11158,6,23935439948920,28059910,11070.37916651,14307
11187,6,23999138620020,28134585,11100.379607935,14307
11217,6,24062901267020,28209335,11130.381305585,14307
11247,6,24126331239340,28283695,11160.383104216,14307
11276,6,24189424271920,28357660,11190.383980641,14307
11306,6,24254039930920,28433410,11220.384404318,14307
11337,6,24319738915160,28510430,11250.386006061,14307
11366,6,24383318164580,28584965,11280.38745807,14307
11396,6,24447933823580,28660715,11310.388578611,14307
11426,6,24511513073000,28735250,11340.389432164,14307
11456,6,24574891864600,28809550,11370.39134991,14307
11485,6,24638769668220,28884435,11400.391788118,14307
11516,6,24704238339220,28961185,11430.392310312,14307
11546,6,24769071516280,29037190,11460.393836307,14307
11576,6,24833499512640,29112720,11490.395941364,14307
11607,6,24898771990880,29189240,11520.398092457,14307
11636,6,24961647505400,29262950,11550.398604348,14307
11666,6,25025614875280,29337940,11580.399117524,14307
11695,6,25089432968060,29412755,11610.399400575,14307
11725,6,25153541084920,29487910,11640.400720467,14307
11765,6,25238181200620,29587135,11670.40129637,14307
11794,6,25301056715140,29660845,11700.4020529,14307
11824,6,25365864301840,29736820,11730.403175718,14307
11854,6,25430198466880,29812240,11760.405075249,14307
11885,6,25495786559560,29889130,11790.40549337,14307
11914,6,25559152555980,29963415,11820.405726898,14307
11944,6,25623354504160,30038680,11850.407608976,14307
11974,6,25687620428240,30114020,11880.408208686,14307
12006,6,25755477532840,30193570,11910.40936825,14307
12039,6,25826234878240,30276520,11940.409819591,14307
12069,6,25889852513200,30351100,11970.409868583,14307
12097,6,25951717208500,30423625,12000.410408197,14307
12127,6,26014221662800,30496900,12030.411648275,14307
12156,6,26076939370100,30570425,12060.412964701,14307
12185,6,26140339487000,30644750,12090.414949674,14307
12214,6,26202460085900,30717575,12120.416249993,14307
12243,6,26264781142620,30790635,12150.417957059,14307
12273,6,26328266560720,30865060,12180.419799496,14307
12303,6,26391973761940,30939745,12210.421320417,14307
12333,6,26456226890840,31015070,12240.422539128,14307
12362,6,26520172935420,31090035,12270.422939763,14307
12395,6,26589458835120,31171260,12300.42336171,14307
12428,6,26660612831100,31254675,12330.42403321,14307
12462,6,26732935453520,31339460,12360.425287169,14307
12494,6,26801611449640,31419970,12390.426144542,14307
12528,6,26875205059940,31506245,12420.426528603,14307
12564,6,26952338670040,31596670,12450.427147492,14307
12597,6,27023808280460,31680455,12480.428423973,14307
12630,6,27093866156020,31762585,12510.428642474,14307
12665,6,27168436465060,31850005,12540.429997615,14307
12699,6,27241914918740,31936145,12570.430542896,14307
12732,6,27312262818380,32018615,12600.432257501,14307
12765,6,27383156645700,32101725,12630.433961615,14307
12799,6,27456438906620,32187635,12660.434281529,14307
12841,6,27547173793060,32294005,12690.434528836,14307
12897,6,27667985882620,32435635,12720.434696068,14307
12963,6,27809231874640,32601220,12750.434942393,14307
13014,6,27918370494980,32729165,12780.436306209,14307
13065,6,28027129524980,32856665,12810.436562347,14307
13125,6,28155524891220,33007185,12840.436879347,14307
13202,6,28321256592700,33201475,12870.437942415,14307
13269,6,28466025524280,33371190,12900.43884445,14307
13340,6,28616684503720,33547810,12930.43920568,14307
13457,6,28868958537660,33843555,12960.439516067,14307
13573,6,29116950451360,34134280,12990.439871901,14307
13718,6,29429549493940,34500745,13020.44004576,14307
13865,6,29743295837660,34868555,13050.440232794,14307
14011,6,30056944085000,35236250,13080.440368772,14307
14157,6,30370920741960,35604330,13110.440587016,14307
14304,6,30685068001320,35972610,13140.440887238,14307
30,7,63417177140,74345,30.0006964,14307
59,7,125490860380,147115,60.001720944,14307
89,7,189146880880,221740,90.003489884,14307
118,7,252670684520,296210,120.004094657,14307
148,7,316906753180,371515,150.005155081,14307
178,7,381842291680,447640,180.005791414,14307
208,7,445865107340,522695,210.006391549,14307
238,7,509649079640,597470,240.007093301,14307
268,7,574017365160,672930,270.007538699,14307
298,7,638867602460,748955,300.00884798,14307
328,7,701670610960,822580,330.010578352,14307
357,7,764806294140,896595,360.010715887,14307
387,7,828458049580,971215,390.011298923,14307
424,7,907771105340,1064195,420.0121362,14307
454,7,972327053500,1139875,450.012961332,14307
483,7,1035995869180,1214515,480.013385428,14307
513,7,1099540998120,1289010,510.014671332,14307
543,7,1163738681240,1364270,540.016625521,14307
576,7,1233826412220,1446435,570.018160973,14307
605,7,1297311830320,1520860,600.019431444,14307
635,7,1360200140020,1594585,630.020700203,14307
664,7,1423314497900,1668575,660.021945482,14307
693,7,1485870132920,1741910,690.023470523,14307
725,7,1554456562780,1822315,720.024534822,14307
755,7,1618389812180,1897265,750.025517555,14307
785,7,1682007447140,1971845,780.026678178,14307
814,7,1745471539940,2046245,810.027504283,14307
844,7,1808615753240,2120270,840.027617633,14307
881,7,1888120736700,2213475,870.027982428,14307
917,7,1965766154000,2304500,900.02890706,14307
946,7,2029341138360,2379030,930.029087725,14307
976,7,2093018484160,2453680,960.030614022,14307
1006,7,2157126601020,2528835,990.031749847,14307
1037,7,2224011271940,2607245,1020.032058146,14307
1066,7,2286131870840,2680070,1050.033943326,14307
1095,7,2348022156500,2752625,1080.035343351,14307
1127,7,2417337911620,2833885,1110.035390075,14307
1157,7,2481258365840,2908820,1140.035788013,14307
1187,7,2545038073080,2983590,1170.037307054,14307
1216,7,2608079924940,3057495,1200.038433582,14307
1246,7,2671292379200,3131600,1230.039729771,14307
1276,7,2735967749040,3207420,1260.040010213,14307
1310,7,2808605985900,3292575,1290.040247882,14307
1341,7,2876057909800,3371650,1320.041042426,14307
1371,7,2941019038660,3447805,1350.041431498,14307
1401,7,3005545131400,3523450,1380.041722823,14307
1431,7,3069567947060,3598505,1410.043070513,14307
1462,7,3134571726520,3674710,1440.044342811,14307
1492,7,3199477409600,3750800,1470.045016976,14307
1521,7,3261636394040,3823670,1500.046090058,14307
1551,7,3327203161420,3900535,1530.047986691,14307
1581,7,3391170531300,3975525,1560.048116945,14307
1611,7,3454506672300,4049775,1590.049782445,14307
1643,7,3523212523840,4130320,1620.05059357,14307
1672,7,3585687122720,4203560,1650.050647506,14307
1702,7,3649586251640,4278470,1680.050934762,14307
1732,7,3713579211880,4353490,1710.050981158,14307
1761,7,3777700123920,4428660,1740.052715286,14307
1791,7,3841364674540,4503295,1770.053896558,14307
1821,7,3905344839600,4578300,1800.054172683,14307
1851,7,3969644884160,4653680,1830.056072253,14307
1880,7,4032981025160,4727930,1860.057282454,14307
1911,7,4099592732240,4806020,1890.058630294,14307
1941,7,4162736945540,4880045,1920.059982423,14307
1970,7,4224866074560,4952880,1950.061413427,14307
2031,7,4356426115320,5107110,1980.06245034,14307
2061,7,4420129051480,5181790,2010.063736209,14307
2091,7,4484710590000,5257500,2040.065158511,14307
2121,7,4548584128560,5332380,2070.066041261,14307
2151,7,4612594149040,5407420,2100.067328519,14307
2180,7,4675149784060,5480755,2130.067531761,14307
2210,7,4739654551500,5556375,2160.068645113,14307
2240,7,4803980186420,5631785,2190.070723698,14307
2268,7,4865200857660,5703555,2220.071174834,14307
2298,7,4928426107100,5777675,2250.071283277,14307
2327,7,4991054248140,5851095,2280.072199377,14307
2357,7,5054799834900,5925825,2310.074025685,14307
2386,7,5117044120540,5998795,2340.07469839,14307
2418,7,5186112502180,6079765,2370.076883969,14307
2447,7,5249214064880,6153740,2400.078362116,14307
2477,7,5312690952860,6228155,2430.079666443,14307
2506,7,5376103864940,6302495,2460.079975578,14307
2536,7,5440446560100,6377925,2490.081667753,14307
2567,7,5505552701000,6454250,2520.082758739,14307
2596,7,5569003998620,6528635,2550.084308878,14307
2626,7,5632510742020,6603085,2580.08658435,14307
2656,7,5697279943180,6679015,2610.08844783,14307
2686,7,5762070469640,6754970,2640.090305486,14307
2717,7,5827074249100,6831175,2670.091099309,14307
2748,7,5893822438100,6909425,2700.092879092,14307
2778,7,5958152338080,6984840,2730.093475018,14307
2808,7,6022170888680,7059890,2760.094891465,14307
2838,7,6087089366940,7135995,2790.095281219,14307
2868,7,6151500303060,7211505,2820.096587034,14307
2898,7,6215241624760,7286230,2850.097748116,14307
2927,7,6278786753700,7360725,2880.099529331,14307
2957,7,6342958846460,7435955,2910.101170783,14307
2987,7,6407531854860,7511655,2940.102767706,14307
3017,7,6471273176560,7586380,2970.104242785,14307
3056,7,6555768280220,7685435,3000.105141703,14307
3086,7,6620046999480,7760790,3030.105548722,14307
3116,7,6683796851300,7835525,3060.10640731,14307
3145,7,6746830173040,7909420,3090.10666179,14307
3177,7,6814533735480,7988790,3120.107779252,14307
3210,7,6885043707400,8071450,3150.108320267,14307
3239,7,6947100330400,8144200,3180.109328888,14307
3271,7,7016437410820,8225485,3210.110307893,14307
3301,7,7080925118020,8301085,3240.111256938,14307
3337,7,7158745402780,8392315,3270.112536633,14307
3367,7,7223036917220,8467685,3300.112639351,14307
3397,7,7286816624460,8542455,3330.11303702,14307
3427,7,7350638982300,8617275,3360.114892528,14307
3456,7,7413169026960,8690580,3390.116393167,14307
3485,7,7474995336720,8763060,3420.117609628,14307
3520,7,7549945236100,8850925,3450.11886951,14307
3549,7,7612530726540,8924295,3480.120474141,14307
3578,7,7673858024280,8996190,3510.121228694,14307
3611,7,7746270212960,9081080,3540.122492728,14307
3640,7,7807051583020,9152335,3570.124478125,14307
3669,7,7869820471040,9225920,3600.126126437,14307
3698,7,7933412515640,9300470,3630.126237027,14307
3727,7,7995439283220,9373185,3660.127696577,14307
3757,7,8059739327780,9448565,3690.128776281,14307
3788,7,8124645010860,9524655,3720.130562278,14307
3818,7,8188795778320,9599860,3750.13118318,14307
3847,7,8251667027780,9673565,3780.132082418,14307
3877,7,8315463795260,9748355,3810.132594489,14307
3908,7,8382002996320,9826360,3840.133609756,14307
3937,7,8445467089120,9900760,3870.133919829,14307
3967,7,8509114579500,9975375,3900.13453496,14307
3998,7,8576575033520,10054460,3930.136214447,14307
4028,7,8639493198640,10128220,3960.136746231,14307
4057,7,8703017002280,10202690,3990.13691088,14307
4087,7,8766468299900,10277075,4020.138527341,14307
4120,7,8838509428360,10361530,4050.139568493,14307
4150,7,8902314725960,10436330,4080.141575027,14307
4179,7,8964000288740,10508645,4110.142110962,14307
4209,7,9027626453820,10583235,4140.143560502,14307
4241,7,9097714184800,10665400,4170.145396786,14307
4271,7,9161365940240,10740020,4200.147190459,14307
4301,7,9224966514960,10814580,4230.148150735,14307
4331,7,9289799692020,10890585,4260.148755639,14307
4360,7,9353033471580,10964715,4290.14992566,14307
4391,7,9418177998020,11041085,4320.150857912,14307
4420,7,9482021681160,11115930,4350.15259243,14307
4450,7,9546074352240,11191020,4380.153654704,14307
4480,7,9609747432980,11265665,4410.155398231,14307
4510,7,9673450369140,11340345,4440.156151176,14307
4539,7,9736910196880,11414740,4470.157032312,14307
4569,7,9801031108920,11489910,4500.157444968,14307
4598,7,9863684840320,11563360,4530.159476062,14307
4630,7,9932036691880,11643490,4560.160077565,14307
4660,7,9995965676220,11718435,4590.160799548,14307
4690,7,10060086588260,11793605,4620.162684821,14307
4720,7,10124053958140,11868595,4650.164089867,14307
4749,7,10187918966580,11943465,4680.16580482,14307
4791,7,10277353009720,12048310,4710.166116418,14307
4821,7,10342096620520,12124210,4740.167156891,14307
4853,7,10410457002200,12204350,4770.167614314,14307
4884,7,10475921408140,12281095,4800.168989343,14307
4914,7,10540827091220,12357185,4830.169715604,14307
4944,7,10604999183980,12432415,4860.17039771,14307
4975,7,10671645011540,12510545,4890.172110017,14307
5005,7,10736397152460,12586455,4920.173400317,14307
5035,7,10800142739220,12661185,4950.174594902,14307
5065,7,10864088783800,12736150,4980.175101689,14307
5094,7,10926785165800,12809650,5010.176285963,14307
5132,7,11007957787720,12904810,5040.176854532,14307
5161,7,11070803446820,12978485,5070.178677597,14307
5190,7,11133239660160,13051680,5100.179824734,14307
5220,7,11196631246940,13125995,5130.181130842,14307
5250,7,11261353532440,13201870,5160.182220391,14307
5279,7,11323700179520,13274960,5190.183629696,14307
5308,7,11386656730180,13348765,5220.183781483,14307
5342,7,11459938991100,13434675,5250.18493034,14307
5372,7,11522916867060,13508505,5280.185054291,14307
5401,7,11585835032180,13582265,5310.185506907,14307
5431,7,11649755486400,13657200,5340.187036519,14307
5460,7,11713198253900,13731575,5370.18817244,14307
5495,7,11788045791840,13819320,5400.189208776,14307
5525,7,11851040728040,13893170,5430.190418048,14307
5555,7,11916948700220,13970435,5460.191159804,14307
5585,7,11980796648420,14045285,5490.192972864,14307
5614,7,12043834235220,14119185,5520.19309227,14307
5644,7,12108172665320,14194610,5550.193875313,14307
5674,7,12172216806280,14269690,5580.195454971,14307
5704,7,12236418754460,14344955,5610.196871826,14307
5738,7,12308400172080,14429340,5640.19721821,14307
5768,7,12373037156380,14505115,5670.199198967,14307
5797,7,12436437273280,14579440,5700.200330851,14307
5827,7,12500797028680,14654890,5730.201424617,14307
5857,7,12563587242000,14728500,5760.201978984,14307
5887,7,12627742274520,14803710,5790.203808157,14307
5917,7,12691786415480,14878790,5820.204791614,14307
5946,7,12755600243200,14953600,5850.206824332,14307
5979,7,12826643347620,15036885,5880.207837996,14307
6009,7,12889915512720,15111060,5910.208811401,14307
6041,7,12958130882360,15191030,5940.209395402,14307
6071,7,13023983408760,15268230,5970.210398483,14307
6101,7,13087980634060,15343255,6000.211228027,14307
6131,7,13152306268980,15418665,6030.21138629,14307
6161,7,13217020024360,15494530,6060.213221303,14307
6191,7,13280313514760,15568730,6090.21371965,14307
6220,7,13343078137720,15642310,6120.213984256,14307
6249,7,13405945122120,15716010,6150.215656931,14307
6279,7,13470002058260,15791105,6180.216432755,14307
6316,7,13549263933300,15884025,6210.217370898,14307
6347,7,13614941592240,15961020,6240.21817135,14307
6380,7,13686244865320,16044610,6270.220040426,14307
6410,7,13751265705020,16120835,6300.221158924,14307
6441,7,13816098882080,16196840,6330.222174699,14307
6471,7,13881128251900,16273075,6360.22376117,14307
6501,7,13946490296400,16349700,6390.223869726,14307
6532,7,14011839545720,16426310,6420.224887325,14307
6562,7,14077376457680,16503140,6450.225601122,14307
6593,7,14142073152820,16578985,6480.227351883,14307
6625,7,14212203534400,16661200,6510.227562694,14307
6656,7,14277360856020,16737585,6540.227793472,14307
6684,7,14339110394700,16809975,6570.22969434,14307
6719,7,14413638053140,16897345,6600.229893242,14307
6751,7,14482693639600,16978300,6630.230148075,14307
6781,7,14545530768580,17051965,6660.231567741,14307
6811,7,14611323584140,17129095,6690.232352431,14307
6844,7,14680852592260,17210605,6720.23394818,14307
6874,7,14745340299460,17286205,6750.23455293,14307
6905,7,14813257114900,17365825,6780.234891813,14307
6936,7,14878337665440,17442120,6810.235149119,14307
6967,7,14944356529180,17519515,6840.235644938,14307
6997,7,15009070284560,17595380,6870.237142111,14307
7030,7,15080390617880,17678990,6900.238678273,14307
7060,7,15144085023920,17753660,6930.238954289,14307
7089,7,15207506466120,17828010,6960.239592181,14307
7121,7,15275964944180,17908265,6990.23986117,14307
7150,7,15339006796040,17982170,7020.241342393,14307
7180,7,15403012551460,18057205,7050.242436229,14307
7213,7,15472545824640,18138720,7080.243363091,14307
7243,7,15537600784820,18214985,7110.245076646,14307
7273,7,15601141648700,18289475,7140.245478607,14307
7307,7,15675827114360,18377030,7170.246087759,14307
7338,7,15740724267320,18453110,7200.24739315,14307
7368,7,15805020046820,18528485,7230.248907459,14307
7397,7,15867618332440,18601870,7260.249078454,14307
7427,7,15931547316780,18676815,7290.249500423,14307
7458,7,15997903120260,18754605,7320.250067566,14307
7487,7,16061452514260,18829105,7350.251156763,14307
7523,7,16138547738820,18919485,7380.253586557,14307
7555,7,16206464554260,18999105,7410.254142821,14307
7587,7,16274927297380,19079365,7440.254620317,14307
7617,7,16340413028620,19156135,7470.256080463,14307
7647,7,16404700278000,19231500,7500.257326985,14307
7677,7,16468258202120,19306010,7530.25864223,14307
7710,7,16538508005380,19388365,7560.260286906,14307
7740,7,16602948796920,19463910,7590.262402787,14307
7770,7,16667423708940,19539495,7620.263266789,14307
7800,7,16732487199240,19615770,7650.264170515,14307
7830,7,16797456858220,19691935,7680.266595732,14307
7861,7,16862588589480,19768290,7710.267483573,14307
7891,7,16927814152060,19844755,7740.267597951,14307
7921,7,16992805136340,19920945,7770.269173472,14307
7955,7,17065613975600,20006300,7800.269763443,14307
7989,7,17138290598000,20091500,7830.271242095,14307
8019,7,17203273052160,20167680,7860.27150925,14307
8054,7,17278013963600,20255300,7890.272352493,14307
8084,7,17342194586480,20330540,7920.273172066,14307
8114,7,17407010703300,20406525,7950.27325864,14307
8144,7,17470253012980,20480665,7980.274858821,14307
8174,7,17534744985240,20556270,8010.275840411,14307
8204,7,17599561102060,20632255,8040.276604692,14307
8234,7,17664262062260,20708105,8070.278437937,14307
8264,7,17727888227340,20782695,8100.279485204,14307
8293,7,17789475693740,20854895,8130.280241433,14307
8322,7,17853195690140,20929595,8160.280453828,14307
8352,7,17916945541960,21004330,8190.281095008,14307
8384,7,17984742935720,21083810,8220.281295364,14307
8419,7,18060814545880,21172990,8250.281395344,14307
8449,7,18124696614560,21247880,8280.281582137,14307
8479,7,18189666273540,21324045,8310.283320893,14307
8508,7,18251974535080,21397090,8340.284035973,14307
8538,7,18315575109800,21471650,8370.28460919,14307
8568,7,18380549033840,21547820,8400.284770197,14307
8599,7,18445510162700,21623975,8430.286022086,14307
8628,7,18508931604900,21698325,8460.286836926,14307
8658,7,18573295625360,21773780,8490.286947524,14307
8688,7,18637570079560,21849130,8520.287606444,14307
8718,7,18702070581940,21924745,8550.289061469,14307
8747,7,18765129494040,21998670,8580.290877109,14307
8777,7,18828512550700,22072975,8610.291004101,14307
8806,7,18891707944720,22147060,8640.291623948,14307
8836,7,18955939748320,22222360,8670.292755926,14307
8867,7,19021834925320,22299610,8700.292857775,14307
8909,7,19111290293760,22404480,8730.294333207,14307
8939,7,19176161856360,22480530,8760.295525156,14307
8969,7,19239502262420,22554785,8790.296255618,14307
8999,7,19304638258740,22631145,8820.297438138,14307
9029,7,19369761459880,22707490,8850.29895294,14307
9059,7,19433788540600,22782550,8880.299499434,14307
9088,7,19496169308160,22855680,8910.299576363,14307
9119,7,19561365015320,22932110,8940.299595653,14307
9148,7,19624982650280,23006690,8970.300696146,14307
9178,7,19688967080400,23081700,9000.301769178,14307
9208,7,19752520739460,23156205,9030.301813105,14307
9238,7,19816517964760,23231230,9060.302937439,14307
9267,7,19880084419000,23305750,9090.303161835,14307
9302,7,19954804005140,23393345,9120.303411741,14307
9332,7,20018651953340,23468195,9150.304530096,14307
9361,7,20081263034140,23541595,9180.306241411,14307
9391,7,20144931849820,23616235,9210.306477786,14307
9420,7,20208639051040,23690920,9240.306575938,14307
9450,7,20271297047500,23764375,9270.307139124,14307
9481,7,20337964200360,23842530,9300.309035972,14307
9513,7,20407446292820,23923985,9330.309563704,14307
9543,7,20470991421760,23998480,9360.311230137,14307
9574,7,20539300622720,24078560,9390.311318894,14307
9606,7,20605852618960,24156580,9420.312505618,14307
9638,7,20676149337880,24238990,9450.312803506,14307
9669,7,20742291888360,24316530,9480.313272596,14307
9699,7,20806835041340,24392195,9510.313883126,14307
9729,7,20871122290720,24467560,9540.314259741,14307
9761,7,20939124407360,24547280,9570.3149106,14307
9791,7,21002959560380,24622115,9600.315712253,14307
9824,7,21075026279200,24706600,9630.31661867,14307
9854,7,21139949022520,24782710,9660.316710738,14307
9885,7,21204581741760,24858480,9690.317127082,14307
9915,7,21270694436820,24935985,9720.318397901,14307
9946,7,21336406216240,25013020,9750.31869196,14307
9976,7,21400774501760,25088480,9780.32041306,14307
10007,7,21466418040220,25165435,9810.32102802,14307
10036,7,21529660349900,25239575,9840.322424902,14307
10066,7,21592808828260,25313605,9870.32430065,14307
10096,7,21658358535400,25390450,9900.325557755,14307
10126,7,21722530628160,25465680,9930.326751088,14307
10156,7,21787734865440,25542120,9960.327884054,14307
10187,7,21853531946060,25619255,9990.329026513,14307
10222,7,21928597002060,25707255,10020.330130275,14307
10252,7,21993724468260,25783605,10050.330393526,14307
10283,7,22059176079020,25860335,10080.330737886,14307
10313,7,22124401641600,25936800,10110.33135252,14307
10347,7,22195666529140,26020345,10140.332613881,14307
10380,7,22266364163700,26103225,10170.333526737,14307
10410,7,22331048063660,26179055,10200.335079919,14307
10439,7,22393897987820,26252735,10230.33511878,14307
10469,7,22458829261260,26328855,10260.336289305,14307
10499,7,22522327474540,26403295,10290.336586296,14307
10529,7,22587390964840,26479570,10320.337698246,14307
10562,7,22658370093360,26562780,10350.338763924,14307
10593,7,22723471969200,26639100,10380.340618463,14307
10625,7,22792506230360,26720030,10410.341107404,14307
10655,7,22857382058020,26796085,10440.342246777,14307
10685,7,22921212945980,26870915,10470.343929354,14307
10715,7,22985274147180,26946015,10500.345351441,14307
10744,7,23048849131540,27020545,10530.346174625,14307
10774,7,23113063874900,27095825,10560.347292258,14307
10805,7,23178673292880,27172740,10590.347982992,14307
10835,7,23242563891680,27247640,10620.348506024,14307
10865,7,23307192345860,27323405,10650.349561467,14307
10899,7,23379843377900,27408575,10680.351384702,14307
10928,7,23443972820060,27483755,10710.352259659,14307
10958,7,23507146888780,27557815,10740.353663478,14307
10988,7,23571775342960,27633580,10770.355017761,14307
11017,7,23633699749100,27706175,10800.356979214,14307
11046,7,23696634974460,27779955,10830.35853917,14307
11075,7,23758666007100,27852675,10860.35896662,14307
11108,7,23829009641680,27935140,10890.360836017,14307
11137,7,23891125975520,28007960,10920.3616155,14307
11166,7,23953093032260,28080605,10950.36352755,14307
11204,7,24035865051680,28177640,10980.364077968,14307
11234,7,24100506301040,28253420,11010.364937391,14307
11264,7,24164166586600,28328050,11040.366133071,14307
11294,7,24228385595020,28403335,11070.367365626,14307
11324,7,24292173832380,28478115,11100.369102746,14307
11355,7,24358376093700,28555725,11130.369235917,14307
11389,7,24432238402780,28642315,11160.371278834,14307
11418,7,24494653290820,28715485,11190.371901084,14307
11447,7,24557439239080,28789090,11220.373543196,14307
11477,7,24621560151120,28864260,11250.375478662,14307
11507,7,24684269328300,28937775,11280.377110888,14307
11536,7,24748031975300,29012525,11310.378538333,14307
11573,7,24826555994960,29104580,11340.380154221,14307
11604,7,24892348810520,29181710,11370.381018258,14307
11637,7,24965106469060,29267005,11400.381109963,14307
11668,7,25030204079840,29343320,11430.381845203,14307
11698,7,25094000847320,29418110,11460.383751,14307
11729,7,25161926192880,29497740,11490.384308289,14307
11759,7,25225420141100,29572175,11520.384405082,14307
11803,7,25320863653780,29684065,11550.385636609,14307
11833,7,25383943891180,29758015,11580.38690481,14307
11863,7,25448696032100,29833925,11610.387980635,14307
11901,7,25531468051520,29930960,11640.389231659,14307
11931,7,25594552553980,30004915,11670.389808552,14307
11960,7,25656191201100,30077175,11700.389929855,14307
11991,7,25722768787700,30155225,11730.391212679,14307
12021,7,25787674470780,30231315,11760.393236108,14307
12051,7,25851663165960,30306330,11790.394506252,14307
12080,7,25915268005740,30380895,11820.395796049,14307
12117,7,25994128965140,30473345,11850.39701496,14307
12147,7,26058701973540,30549045,11880.398490782,14307
12178,7,26123628981920,30625160,11910.400744985,14307
12207,7,26187383098800,30699900,11940.40148765,14307
12237,7,26251098830140,30774595,11970.403341195,14307
12270,7,26322525789960,30858330,12000.40530001,14307
12300,7,26385972822520,30932710,12030.405572368,14307
12329,7,26448430361160,31005930,12060.406474612,14307
12358,7,26511638550360,31080030,12090.406940447,14307
12387,7,26573213221580,31152215,12120.407787044,14307
12416,7,26634634350640,31224220,12150.409137668,14307
12446,7,26699164708440,31299870,12180.41018632,14307
12476,7,26763447692760,31375230,12210.412030076,14307
12506,7,26827918339720,31450810,12240.412142108,14307
12535,7,26891049757840,31524820,12270.412935415,14307
12569,7,26963675199520,31609960,12300.413061808,14307
12602,7,27034654328040,31693170,12330.414323856,14307
12636,7,27107194468520,31778210,12360.415054806,14307
12672,7,27184997693040,31869420,12390.416638014,14307
12708,7,27262156893500,31959875,12420.418432737,14307
12743,7,27336748527840,32047320,12450.420175513,14307
12778,7,27411506499520,32134960,12480.42066698,14307
12811,7,27481666736520,32217210,12510.421141676,14307
12844,7,27552880443340,32300695,12540.422537096,14307
12878,7,27626068872940,32386495,12570.422675505,14307
12911,7,27696548989440,32469120,12600.422822942,14307
12944,7,27768530407060,32553505,12630.423210853,14307
12977,7,27838409150100,32635425,12660.425174724,14307
13014,7,27917781916700,32728475,12690.425922157,14307
13063,7,28024135452860,32853155,12720.426299414,14307
13114,7,28132344290120,32980010,12750.426419802,14307
13164,7,28240267368360,33106530,12780.427470424,14307
13214,7,28347930277940,33232745,12810.42839615,14307
13265,7,28456373693500,33359875,12840.429293519,14307
13315,7,28564864024720,33487060,12870.429848416,14307
13403,7,28751942351500,33706375,12900.430589575,14307
13518,7,28999742337500,33996875,12930.43069137,14307
13653,7,29289356971740,34336395,12960.43085328,14307
13784,7,29571136690760,34666730,12990.431142085,14307
13931,7,29884550359800,35034150,13020.43154475,14307
14077,7,30198258317980,35401915,13050.431833822,14307
14223,7,30511893770140,35769595,13080.431896621,14307
79,8,167864231480,196790,30.000301798,14307
152,8,325244945480,381290,60.000690495,14307
225,8,482480647440,565620,90.001477405,14307
304,8,650178541580,762215,120.001854543,14307
383,8,821301278900,962825,150.002336539,14307
467,8,999981702540,1172295,180.002972782,14307
533,8,1143181092040,1340170,210.003555066,14307
615,8,1318986865240,1546270,240.003812608,14307
683,8,1463171483600,1715300,270.003946842,14307
749,8,1605739644220,1882435,300.004233423,14307
816,8,1748691660240,2050020,330.005121323,14307
883,8,1894130206240,2220520,360.005760517,14307
950,8,2037504463200,2388600,390.00650631,14307
1023,8,2193042671280,2570940,420.00704271,14307
1097,8,2352099553860,2757405,450.007410282,14307
1165,8,2498792027500,2929375,480.008206859,14307
1233,8,2643211224160,3098680,510.008403267,14307
1314,8,2817059334820,3302485,540.008956966,14307
1381,8,2961738700140,3472095,570.009415231,14307
1448,8,3106072595600,3641300,600.009755022,14307
1517,8,3254291960720,3815060,630.010269176,14307
1603,8,3438043540700,4030475,660.01079104,14307
1686,8,3615457241520,4238460,690.011458359,14307
1753,8,3759705835780,4407565,720.012236013,14307
1849,8,3966484474700,4649975,750.012735975,14307
1930,8,4139112778200,4852350,780.013059066,14307
1998,8,4285958794000,5024500,810.013784963,14307
2066,8,4431132906280,5194690,840.014350262,14307
2134,8,4577296512480,5366040,870.015309094,14307
2202,8,4723843974080,5537840,900.016128276,14307
2271,8,4869973459800,5709150,930.016465217,14307
2341,8,5021319113900,5886575,960.01672912,14307
2412,8,5172690358360,6064030,990.016998834,14307
2500,8,5363095431940,6287245,1020.017240523,14307
2570,8,5513319375260,6463355,1050.017512517,14307
2638,8,5657764162280,6632690,1080.018152217,14307
2711,8,5814731165460,6816705,1110.018839457,14307
2784,8,5971126650600,7000050,1140.019705655,14307
2858,8,6131330834320,7187860,1170.020431813,14307
2936,8,6296550728600,7381550,1200.02109153,14307
3003,8,6441558503540,7551545,1230.02136701,14307
3087,8,6621450204220,7762435,1260.022095751,14307
3161,8,6779342725420,7947535,1290.02236324,14307
3230,8,6927732692940,8121495,1320.023091065,14307
3304,8,7087181961040,8308420,1350.024004475,14307
3375,8,7239397687380,8486865,1380.024615323,14307
3446,8,7391771220940,8665495,1410.025134521,14307
3515,8,7539500104160,8838680,1440.025475747,14307
3600,8,7721532864960,9052080,1470.026414516,14307
3671,8,7874610133420,9231535,1500.026629926,14307
3747,8,8037326437480,9422290,1530.027008691,14307
3815,8,8183541224400,9593700,1560.027781691,14307
3884,8,8330907577520,9766460,1590.028628337,14307
3951,8,8475092195880,9935490,1620.029245756,14307
4019,8,8620326019000,10105750,1650.029826851,14307
4088,8,8769142492520,10280210,1680.030799382,14307
4159,8,8920415640600,10457550,1710.03122058,14307
4246,8,9107395871000,10676750,1740.031630656,14307
4329,8,9286886656040,10887170,1770.031983105,14307
4406,8,9450737466060,11079255,1800.032341638,14307
4474,8,9596167481940,11249745,1830.032763619,14307
4548,8,9755702051240,11436770,1860.033607897,14307
4616,8,9901469006860,11607655,1890.034423808,14307
4684,8,10048170010620,11779635,1920.034580981,14307
4752,8,10192559351860,11948905,1950.035126714,14307
4826,8,10353313728320,12137360,1980.035356593,14307
4904,8,10519715044220,12332435,2010.035747061,14307
4972,8,10664735614340,12502445,2040.036090765,14307
5040,8,10810660377180,12673515,2070.036652261,14307
5116,8,10973781861940,12864745,2100.037353862,14307
5196,8,11145817322100,13066425,2130.038218979,14307
5269,8,11302980518040,13250670,2160.038384091,14307
5350,8,11476056652840,13453570,2190.039177223,14307
5439,8,11667920376940,13678495,2220.039320475,14307
5522,8,11846012222300,13887275,2250.039577835,14307
5590,8,11991672551420,14058035,2280.040106292,14307
5667,8,12157353072180,14252265,2310.040842003,14307
5736,8,12304207618100,14424425,2340.041602675,14307
5820,8,12483890330840,14635070,2370.042260017,14307
5892,8,12639129984720,14817060,2400.043117616,14307
5961,8,12786594434220,14989935,2430.043284866,14307
6030,8,12934506715020,15163335,2460.043630519,14307
6114,8,13115144801200,15375100,2490.044007561,14307
6201,8,13301075826840,15593070,2520.044594396,14307
6268,8,13446625264400,15763700,2550.045439248,14307
6340,8,13600389207520,15943960,2580.04577983,14307
6407,8,13744292331920,16112660,2610.04615919,14307
6492,8,13926751598720,16326560,2640.046414408,14307
6560,8,14071848939920,16496660,2670.046799429,14307
6627,8,14216545365480,16666290,2700.046922565,14307
6694,8,14360751309140,16835345,2730.047898421,14307
6769,8,14520810480820,17022985,2760.048106323,14307
6844,8,14682004158460,17211955,2790.048755309,14307
6912,8,14826406294880,17381240,2820.049360099,14307
6989,8,14991758406020,17575085,2850.049961101,14307
7059,8,15141811746940,17750995,2880.050728126,14307
7141,8,15317668700860,17957155,2910.051080594,14307
7209,8,15464152186560,18128880,2940.051537791,14307
7285,8,15626552876180,18319265,2970.053094407,14307
7365,8,15799850794100,18522425,3000.053799837,14307
7440,8,15959560230860,18709655,3030.054588407,14307
7513,8,16117623354460,18894955,3060.055259399,14307
7598,8,16299152838180,19107765,3090.055927279,14307
7666,8,16445282323900,19279075,3120.0560877,14307
7737,8,16598355327300,19458525,3150.056459738,14307
7811,8,16756815101480,19644290,3180.056565497,14307
7884,8,16913227646860,19827655,3210.056698739,14307
7952,8,17059344337400,19998950,3240.056861399,14307
8021,8,17206006955620,20170885,3270.057583395,14307
8089,8,17353249622000,20343500,3300.057984447,14307
8163,8,17511440697400,20528950,3330.058048762,14307
8234,8,17663997628540,20707795,3360.058357472,14307
8312,8,17829934052900,20902325,3390.058939029,14307
8396,8,18010431392100,21113925,3420.059124281,14307
8469,8,18167978443440,21298620,3450.059734697,14307
8538,8,18315971760380,21472115,3480.060205842,14307
8617,8,18484701799040,21669920,3510.060496494,14307
8705,8,18674108848580,21891965,3540.061067771,14307
8780,8,18835413417780,22081065,3570.061837903,14307
8849,8,18983176421480,22254290,3600.062491006,14307
8921,8,19136893448940,22434495,3630.063013367,14307
8997,8,19301157969780,22627065,3660.063309511,14307
9072,8,19461746008900,22815325,3690.063775057,14307
9151,8,19630932408980,23013665,3720.064416327,14307
9244,8,19829411241140,23246345,3750.064461261,14307
9353,8,20065209348300,23522775,3780.064609865,14307
9437,8,20243945217720,23732310,3810.065160595,14307
9508,8,20395747233240,23910270,3840.065568404,14307
9577,8,20544115875460,24084205,3870.066156011,14307
9663,8,20728212925300,24300025,3900.06638291,14307
9739,8,20892605397940,24492745,3930.066575128,14307
9812,8,21049393268600,24676550,3960.067013413,14307
9896,8,21228359451260,24886355,3990.067100524,14307
9979,8,21407675368840,25096570,4020.067464551,14307
10057,8,21575245311180,25293015,4050.067857466,14307
10130,8,21731542699940,25476245,4080.068703544,14307
10198,8,21876179414660,25645805,4110.068809367,14307
10265,8,22021050707680,25815640,4140.069129561,14307
10332,8,22164565711620,25983885,4170.069834979,14307
10423,8,22359653821080,26212590,4200.070009515,14307
10507,8,22540159690400,26424200,4230.070196626,14307
10576,8,22688686139840,26598320,4260.070763621,14307
10645,8,22836764757980,26771915,4290.07155532,14307
10714,8,22983990364120,26944510,4320.071761607,14307
10787,8,23141597126300,27129275,4350.072265821,14307
10864,8,23304671695400,27320450,4380.072614499,14307
10932,8,23452481614760,27493730,4410.073352528,14307
11006,8,23609798352860,27678155,4440.07370403,14307
11112,8,23837010894240,27944520,4470.074228734,14307
11243,8,24119191528900,28275325,4500.074765408,14307
11372,8,24394671754300,28598275,4530.075144235,14307
11502,8,24675389473380,28927365,4560.075301161,14307
11631,8,24951385771040,29250920,4590.075611234,14307
11762,8,25232384984080,29580340,4620.076214373,14307
11892,8,25511545956260,29907605,4650.07656305,14307
12021,8,25786881169620,30230385,4680.077148627,14307
12150,8,26063905346740,30555145,4710.077360897,14307
12280,8,26343556800820,30882985,4740.077588186,14307
12410,8,26622521580240,31210020,4770.07800534,14307
12539,8,26899439130860,31534655,4800.078147562,14307
12667,8,27173072585280,31855440,4830.078358131,14307
12796,8,27450135147940,32180245,4860.078770682,14307
12926,8,27730392240540,32508795,4890.078975795,14307
13056,8,28008295020020,32834585,4920.079125124,14307
13184,8,28282551173200,33156100,4950.079617991,14307
13312,8,28556730555300,33477525,4980.080257292,14307
13445,8,28843022707800,33813150,5010.080670808,14307
13591,8,29156598449120,34180760,5040.080859731,14307
13737,8,29470225371160,34548430,5070.080935385,14307
13884,8,29783856558260,34916105,5100.081118637,14307
14030,8,30097466420060,35283755,5130.081260743,14307
14176,8,30411140257760,35651480,5160.081559863,14307
106,9,227182685960,266330,30.000061243,14307
223,9,476782527280,558940,60.000575518,14307
312,9,667703673120,782760,90.000759649,14307
398,9,851881759100,998675,120.001517549,14307
483,9,1036111025800,1214650,150.002098233,14307
591,9,1267563036820,1485985,180.002222617,14307
715,9,1532662106180,1796765,210.002829061,14307
801,9,1716643999400,2012450,240.003337527,14307
906,9,1942632468560,2277380,270.003445712,14307
1021,9,2189937707600,2567300,300.004120466,14307
1144,9,2454196560140,2877095,330.004190841,14307
1233,9,2643650525340,3099195,360.004338526,14307
1345,9,2884097547900,3381075,390.004698296,14307
1460,9,3131560594160,3671180,420.005661934,14307
1573,9,3373491857600,3954800,450.005928238,14307
1677,9,3597322206400,4217200,480.006134488,14307
1799,9,3858488890440,4523370,510.006676107,14307
1909,9,4094931021660,4800555,540.006723906,14307
2010,9,4310461563700,5053225,570.006893517,14307
2113,9,4532526177660,5313555,600.007148359,14307
2202,9,4723059203040,5536920,630.007715532,14307
2308,9,4950327190200,5803350,660.007855643,14307
2389,9,5123949252680,6006890,690.008282317,14307
2499,9,5359768685140,6283345,720.008503243,14307
2576,9,5524348820420,6476285,750.008662212,14307
2686,9,5760441216720,6753060,780.009018271,14307
2782,9,5967876674880,6996240,810.009242448,14307
2894,9,6206843721620,7276385,840.009473244,14307
3007,9,6450557780140,7562095,870.010060643,14307
3110,9,6670003647260,7819355,900.010591812,14307
3225,9,6917389922440,8109370,930.010975051,14307
3319,9,7118508826740,8345145,960.01186261,14307
3393,9,7277369516560,8531380,990.012568114,14307
3492,9,7491245215320,8782110,1020.012700255,14307
3596,9,7712925973880,9041990,1050.0129021,14307
3711,9,7961156730940,9332995,1080.013346984,14307
3826,9,8207246427880,9621490,1110.014091822,14307
3930,9,8430936029700,9883725,1140.014219826,14307
4019,9,8620428380440,10105870,1170.014540622,14307
4124,9,8846058584560,10370380,1200.014606891,14307
4231,9,9075292764380,10639115,1230.015015638,14307
4326,9,9279060270940,10877995,1260.015654691,14307
4413,9,9466833802500,11098125,1290.016042447,14307
4513,9,9681694730120,11350010,1320.016220903,14307
4630,9,9931887414780,11643315,1350.016477277,14307
4744,9,10176079160020,11929585,1380.017046956,14307
4842,9,10385941437320,12175610,1410.017336438,14307
4940,9,10595978582080,12421840,1440.017475978,14307
5025,9,10779683246400,12637200,1470.017751021,14307
5130,9,11003705522900,12899825,1500.018052118,14307
5234,9,11228111654800,13162900,1530.018209678,14307
5346,9,11467697135240,13443770,1560.018697824,14307
5437,9,11663425003700,13673225,1590.018753556,14307
5560,9,11927133663500,13982375,1620.019231858,14307
5676,9,12176759095180,14275015,1650.019618957,14307
5774,9,12386190601420,14520535,1680.020178416,14307
5865,9,12580284951900,14748075,1710.020649243,14307
5955,9,12774835663800,14976150,1740.021094968,14307
6055,9,12988643121600,15226800,1770.021348479,14307
6161,9,13216704409920,15494160,1800.021513095,14307
6271,9,13451713480980,15769665,1830.021971166,14307
6364,9,13651979373280,16004440,1860.02250956,14307
6470,9,13879703721860,16271405,1890.023303621,14307
6552,9,14055556410720,16477560,1920.023368956,14307
6655,9,14275910735620,16735885,1950.023686044,14307
6767,9,14516140240120,17017510,1980.024272115,14307
6868,9,14732156999000,17270750,2010.024959727,14307
6978,9,14968129973620,17547385,2040.025126785,14307
7072,9,15171155359740,17785395,2070.0252615,14307
7175,9,15391258046100,18043425,2100.025388622,14307
7267,9,15589101384320,18275360,2130.025938506,14307
7357,9,15781058939740,18500395,2160.026283414,14307
7432,9,15943741123320,18691110,2190.026739673,14307
7502,9,16092131090840,18865070,2220.027183448,14307
7586,9,16273408936020,19077585,2250.027703623,14307
7668,9,16449355456200,19283850,2280.028311789,14307
7769,9,16665188817500,19536875,2310.028363224,14307
7855,9,16850109023920,19753660,2340.029244373,14307
7944,9,17041938627540,19978545,2370.029519482,14307
8019,9,17201626739000,20165750,2400.030064018,14307
8119,9,17417182871400,20418450,2430.030334057,14307
8205,9,17601318306780,20634315,2460.031084579,14307
8274,9,17749179406860,20807655,2490.031198485,14307
8362,9,17937899781740,21028895,2520.03175743,14307
8461,9,18151378829920,21279160,2550.032832637,14307
8538,9,18314990796580,21470965,2580.032990281,14307
8638,9,18530141748280,21723190,2610.033617335,14307
8740,9,18749916025020,21980835,2640.034294473,14307
8834,9,18949734086020,22215085,2670.035012256,14307
8930,9,19156457279160,22457430,2700.035409337,14307
9027,9,19365458014340,22702445,2730.03601405,14307
9122,9,19569153014880,22941240,2760.036461566,14307
9207,9,19750170691400,23153450,2790.036704261,14307
9318,9,19988745352620,23433135,2820.037056765,14307
9397,9,20158452090020,23632085,2850.037315634,14307
9502,9,20384150535100,23896675,2880.037985261,14307
9604,9,20602321149280,24152440,2910.038148682,14307
9686,9,20778805067020,24359335,2940.038280175,14307
9800,9,21022485005060,24645005,2970.038621336,14307
9891,9,21218477307240,24874770,3000.038956914,14307
9967,9,21381466575140,25065845,3030.039730394,14307
10061,9,21582308250540,25301295,3060.040040113,14307
10134,9,21740205036800,25486400,3090.040313172,14307
10228,9,21942347555500,25723375,3120.040696897,14307
10310,9,22117773738360,25929030,3150.041503356,14307
10415,9,22342341942540,26192295,3180.041780431,14307
10511,9,22547555304440,26432870,3210.04251818,14307
10605,9,22749245726780,26669315,3240.042997924,14307
10679,9,22909360344240,26857020,3270.043369017,14307
10769,9,23101671899640,27082470,3300.0436861,14307
10858,9,23293829912880,27307740,3330.044354812,14307
10961,9,23514209828140,27566095,3360.044487416,14307
11061,9,23728806322040,27817670,3390.044767559,14307
11159,9,23939312623400,28064450,3420.044862933,14307
11235,9,24101184445580,28254215,3450.045602386,14307
11327,9,24298972338020,28486085,3480.045728197,14307
11411,9,24478723291720,28696810,3510.046593827,14307
11508,9,24686303761920,28940160,3540.047422339,14307
11607,9,24900695532940,29191495,3570.047690802,14307
11730,9,25164148289140,29500345,3600.047853184,14307
11827,9,25371946277400,29743950,3630.047970854,14307
11923,9,25577325976640,29984720,3660.048513952,14307
12009,9,25761312134920,30200410,3690.048679275,14307
12097,9,25949951473660,30421555,3720.049046541,14307
12169,9,26104645199860,30602905,3750.049151644,14307
12245,9,26268355262900,30794825,3780.049444084,14307
12322,9,26432589928320,30987360,3810.049578263,14307
12416,9,26634766567500,31224375,3840.050174477,14307
12499,9,26814359713980,31434915,3870.051215235,14307
12594,9,27017278473600,31672800,3900.051314586,14307
12670,9,27180314657160,31863930,3930.051796498,14307
12771,9,27397935078600,32119050,3960.052455359,14307
12859,9,27586578682400,32340200,3990.053270214,14307
12961,9,27803614790620,32594635,4020.054127001,14307
13065,9,28026724344280,32856190,4050.054385059,14307
13168,9,28248486138980,33116165,4080.055235527,14307
13268,9,28462707307600,33367300,4110.055481327,14307
13358,9,28656042477400,33593950,4140.056269741,14307
13474,9,28904038656160,33884680,4170.056538238,14307
13549,9,29066904237320,34075610,4200.057105277,14307
13633,9,29246309721160,34285930,4230.057512343,14307
13743,9,29481945756040,34562170,4260.057683336,14307
13832,9,29673331793420,34786535,4290.058095002,14307
13901,9,29821798532020,34960585,4320.058393587,14307
13990,9,30011794159840,35183320,4350.058547719,14307
14059,9,30160013524960,35357080,4380.059450185,14307
14147,9,30349603972080,35579340,4410.059936559,14307
14259,9,30590063789820,35861235,4440.060232683,14307
73,10,154966690040,181670,30.000011214,14307
140,10,299825187880,351490,60.000414431,14307
208,10,444867083300,521525,90.001341047,14307
281,10,601599508180,705265,120.001415561,14307
364,10,780650992040,915170,150.001562814,14307
431,10,922562333420,1081535,180.001806735,14307
497,10,1064358518180,1247765,210.002277682,14307
565,10,1211379401440,1420120,240.002484705,14307
632,10,1353836670500,1587125,270.002975831,14307
698,10,1496379240760,1754230,300.003023818,14307
764,10,1638102919500,1920375,330.003997835,14307
860,10,1843866474140,2161595,360.004664699,14307
937,10,2009866874400,2356200,390.00549926,14307
1006,10,2157489131120,2529260,420.005576961,14307
1073,10,2300961484460,2697455,450.006563897,14307
1144,10,2452797620460,2875455,480.006691168,14307
1211,10,2596380865360,3043780,510.007206127,14307
1278,10,2740147507840,3212320,540.007291036,14307
1368,10,2934472171560,3440130,570.007495355,14307
1435,10,3077854958640,3608220,600.008297885,14307
1529,10,3279639212300,3844775,630.008960665,14307
1596,10,3422544312660,4012305,660.009422859,14307
1680,10,3603404181960,4224330,690.009901301,14307
1761,10,3777085955280,4427940,720.010190175,14307
1829,10,3922874236200,4598850,750.01096373,14307
1896,10,4066116276300,4766775,780.011498726,14307
1981,10,4248690699720,4980810,810.012213112,14307
2048,10,4391774932600,5148550,840.012541115,14307
2114,10,4534368683580,5315715,870.012693594,14307
2186,10,4687676265280,5495440,900.01285605,14307
2252,10,4830824474060,5663255,930.013606591,14307
2319,10,4974151815360,5831280,960.013740087,14307
2403,10,5155165226820,6043485,990.01397083,14307
2470,10,5298543748840,6211570,1020.014150441,14307
2538,10,5442822198520,6380710,1050.014446693,14307
2605,10,5586486479560,6549130,1080.01476432,14307
2674,10,5734944688040,6723170,1110.015534188,14307
2753,10,5905180292880,6922740,1140.01567496,14307
2841,10,6093103101540,7143045,1170.016166233,14307
2911,10,6243425141240,7319270,1200.016880828,14307
2978,10,6387281349980,7487915,1230.017365133,14307
3052,10,6546304112080,7674340,1260.017959877,14307
3128,10,6709318970340,7865445,1290.018275095,14307
3202,10,6868644551700,8052225,1320.019145176,14307
3269,10,7011472880980,8219665,1350.019169155,14307
3339,10,7161406800220,8395435,1380.020121225,14307
3407,10,7308849924420,8568285,1410.020707881,14307
3475,10,7454412157160,8738930,1440.021203524,14307
3555,10,7625351496900,8939325,1470.022061604,14307
3622,10,7769049898420,9107785,1500.022217835,14307
3689,10,7913140685460,9276705,1530.022418864,14307
3757,10,8058395833880,9446990,1560.022620815,14307
3836,10,8227475607460,9645205,1590.022779706,14307
3902,10,8370107743980,9812415,1620.023273287,14307
3969,10,8513388169620,9980385,1650.023661276,14307
4039,10,8664379823740,10157395,1680.024307084,14307
4106,10,8808261622840,10326070,1710.024676852,14307
4174,10,8952569927940,10495245,1740.025240055,14307
4241,10,9098251582360,10666030,1770.025366878,14307
4308,10,9241659959800,10834150,1800.025427137,14307
4389,10,9413848962120,11036010,1830.026147532,14307
4478,10,9606672324720,11262060,1860.026935181,14307
4545,10,9750191593720,11430310,1890.027602815,14307
4638,10,9949762281240,11664270,1920.028250358,14307
4705,10,10093055502060,11832255,1950.028393549,14307
4772,10,10236144000000,12000000,1980.028583939,14307
4839,10,10379855196700,12168475,2010.028988436,14307
4906,10,10522913839220,12336185,2040.029699233,14307
4973,10,10667669975620,12505885,2070.030007734,14307
5050,10,10832855749420,12699535,2100.030373381,14307
5120,10,10983147933700,12875725,2130.030904206,14307
5200,10,11155435032400,13077700,2160.031478659,14307
5268,10,11301231843440,13248620,2190.03182285,14307
5340,10,11455772027480,13429790,2220.032673687,14307
5420,10,11625866885340,13629195,2250.033416857,14307
5507,10,11813256561500,13848875,2280.034325707,14307
5574,10,11957688553340,14018195,2310.035101567,14307
5656,10,12132713820560,14223380,2340.035879659,14307
5726,10,12283590318060,14400255,2370.036188707,14307
5838,10,12523308015360,14681280,2400.036447419,14307
5912,10,12683060102720,14868560,2430.037114919,14307
5979,10,12826622022320,15036860,2460.037786932,14307
6048,10,12973212134520,15208710,2490.038246361,14307
6116,10,13119917403340,15380695,2520.038651559,14307
6194,10,13286212092740,15575645,2550.038695918,14307
6303,10,13520321236140,15850095,2580.038838933,14307
6393,10,13714236454100,16077425,2610.039101604,14307
6460,10,13857632036360,16245530,2640.03944401,14307
6546,10,14042931833120,16462760,2670.03982965,14307
6640,10,14243726592860,16698155,2700.040505784,14307
6727,10,14431568365380,16918365,2730.040880483,14307
6795,10,14576324501780,17088065,2760.041480235,14307
6891,10,14783064755160,17330430,2790.042050853,14307
6970,10,14951470649260,17527855,2820.042539834,14307
7050,10,15122806639580,17728715,2850.043027588,14307
7124,10,15282396654660,17915805,2880.043711315,14307
7198,10,15440813778240,18101520,2910.044556172,14307
7285,10,15628510538720,18321560,2940.044601747,14307
7354,10,15776077349660,18494555,2970.04485446,14307
7440,10,15960400447680,18710640,3000.045218387,14307
7529,10,16150012220100,18932925,3030.045527777,14307
7614,10,16333217872400,19147700,3060.045894175,14307
7707,10,16531952608160,19380680,3090.046245681,14307
7775,10,16679127033580,19553215,3120.047019739,14307
7873,10,16889654660240,19800020,3150.047381417,14307
7946,10,17045563928540,19982795,3180.047736471,14307
8036,10,17238127122480,20208540,3210.048029099,14307
8128,10,17435944870340,20440445,3240.048878665,14307
8225,10,17644318641700,20684725,3270.049119811,14307
8304,10,17813023090000,20882500,3300.049307216,14307
8381,10,17979906357680,21078140,3330.049851421,14307
8457,10,18141377264220,21267435,3360.050042454,14307
8526,10,18289976219680,21441640,3390.05067077,14307
8593,10,18433828163360,21610280,3420.051504698,14307
8684,10,18629219092080,21839340,3450.051965596,14307
8777,10,18827557177260,22071855,3480.052196966,14307
8847,10,18978382494040,22248670,3510.052502958,14307
8920,10,19135507304440,22432870,3540.053065655,14307
9002,10,19311760908940,22639495,3570.053602912,14307
9069,10,19455045599640,22807470,3600.054156606,14307
9136,10,19598586193940,22975745,3630.054704607,14307
9203,10,19742817727960,23144830,3660.055524799,14307
9274,10,19894265743500,23322375,3690.056394138,14307
9346,10,20048788867300,23503525,3720.056845732,14307
9414,10,20194368160280,23674190,3750.057364966,14307
9481,10,20339546537620,23844385,3780.057730975,14307
9567,10,20522662623660,24059055,3810.058228786,14307
9649,10,20698694445040,24265420,3840.058332421,14307
9729,10,20870862122060,24467255,3870.058639913,14307
9796,10,21014824957300,24636025,3900.059300853,14307
9866,10,21165083021100,24812175,3930.059754446,14307
9950,10,21344688962760,25022730,3960.060074884,14307
10022,10,21498610713100,25203175,3990.060809541,14307
10092,10,21650557740660,25381305,4020.061118929,14307
10163,10,21801813828500,25558625,4050.061164151,14307
10236,10,21957804132940,25741495,4080.061368933,14307
10305,10,22106531040200,25915850,4110.061724641,14307
10388,10,22285296765040,26125420,4140.061986236,14307
10454,10,22426982058240,26291520,4170.062398869,14307
10523,10,22573299206600,26463050,4200.06284521,14307
10599,10,22737307823840,26655320,4230.063393384,14307
10676,10,22903363669880,26849990,4260.064279202,14307
10776,10,23117495272240,27101020,4290.064828126,14307
10863,10,23302726828040,27318170,4320.065734148,14307
10931,10,23448446868000,27489000,4350.066522906,14307
11011,10,23621565653400,27691950,4380.066724527,14307
11079,10,23767558657200,27863100,4410.06727851,14307
11146,10,23911640914120,28032010,4440.067703201,14307
11249,10,24131317094480,28289540,4470.068011929,14307
11375,10,24402557850240,28607520,4500.068523522,14307
11503,10,24675990846840,28928070,4530.068579058,14307
11629,10,24947935337500,29246875,4560.069021332,14307
11759,10,25225117321840,29571820,4590.069080413,14307
11886,10,25498712390720,29892560,4620.069244112,14307
12012,10,25769300592300,30209775,4650.069493204,14307
12140,10,26044004576780,30531815,4680.069573481,14307
12270,10,26321067139440,30856620,4710.070045069,14307
12397,10,26595323292620,31178135,4740.070698383,14307
12524,10,26867161156780,31496815,4770.0710447,14307
12653,10,27144048851980,31821415,4800.071495118,14307
12783,10,27422625510940,32147995,4830.0721976,14307
12910,10,27694548676300,32466775,4860.072325837,14307
13035,10,27963115239440,32781620,4890.072795107,14307
13163,10,28238147633540,33104045,4920.072885769,14307
13293,10,28517747906900,33431825,4950.073260139,14307
13424,10,28797608348920,33759910,4980.073633346,14307
13559,10,29087299754240,34099520,5010.074090443,14307
13705,10,29400794459420,34467035,5040.074386415,14307
13851,10,29714451236880,34834740,5070.074600878,14307
13997,10,30028022713140,35202345,5100.074647853,14307
14144,10,30341611249640,35569970,5130.074816039,14307
14290,10,30655250966860,35937655,5160.074927814,14307
70,11,149567124080,175340,30.000636022,14307
137,11,293790127980,344415,60.001490609,14307
234,11,501323682520,587710,90.002428796,14307
324,11,694509575220,814185,120.002944681,14307
402,11,861964360940,1010495,150.00376176,14307
471,11,1009484256220,1183435,180.004668928,14307
539,11,1155754488920,1354910,210.004932709,14307
631,11,1351576188700,1584475,240.005116702,14307
718,11,1539208973280,1804440,270.00552171,14307
795,11,1705085686800,1998900,300.005942089,14307
865,11,1853932015740,2173395,330.006800509,14307
940,11,2014468874140,2361595,360.007728168,14307
1009,11,2163741709080,2536590,390.008412541,14307
1078,11,2311730760960,2710080,420.009508032,14307
1151,11,2467281764220,2892435,450.00999102,14307
1234,11,2646525175780,3102565,480.01056293,14307
1304,11,2796501745620,3278385,510.010814336,14307
1372,11,2942400918100,3449425,540.011726955,14307
1441,11,3089396211000,3621750,570.012236798,14307
1529,11,3278939742460,3843955,600.012511219,14307
1604,11,3441080263420,4034035,630.012797618,14307
1673,11,3588135267160,4206430,660.013140184,14307
1753,11,3760580173080,4408590,690.013615207,14307
1822,11,3906748044340,4579945,720.014064197,14307
1909,11,4093877551840,4799320,750.014893011,14307
1977,11,4240288531520,4970960,780.015375708,14307
2053,11,4402706281380,5161365,810.016168492,14307
2133,11,4574438922280,5362690,840.016730701,14307
2210,11,4739914720160,5556680,870.017462557,14307
2294,11,4920616782240,5768520,900.017560614,14307
2370,11,5083708411580,5959715,930.017986823,14307
2466,11,5289122231300,6200525,960.018297944,14307
2565,11,5501317496420,6449285,990.018462009,14307
2637,11,5655388523860,6629905,1020.018759727,14307
2723,11,5840202103780,6846565,1050.019244686,14307
2799,11,6002973853620,7037385,1080.019574662,14307
2868,11,6150707001900,7210575,1110.020185373,14307
2937,11,6300542824760,7386230,1140.020480753,14307
3014,11,6465792574460,7579955,1170.021274899,14307
3088,11,6624435746220,7765935,1200.02168143,14307
3173,11,6806430121480,7979290,1230.021999149,14307
3248,11,6966536208820,8166985,1260.02228765,14307
3339,11,7162212896560,8396380,1290.022533499,14307
3423,11,7342258139400,8607450,1320.023051518,14307
3491,11,7489185191340,8779695,1350.023999207,14307
3563,11,7642125977880,8958990,1380.024782051,14307
3652,11,7833972641740,9183895,1410.025003184,14307
3745,11,8033551859380,9417865,1440.025281812,14307
3823,11,8200324235500,9613375,1470.025985615,14307
3908,11,8381811068620,9826135,1500.02641071,14307
3987,11,8551897396360,10025530,1530.027201427,14307
4066,11,8721604133760,10224480,1560.027583885,14307
4155,11,8911970821800,10447650,1590.027804604,14307
4224,11,9059750885740,10620895,1620.02809043,14307
4298,11,9219690635740,10808395,1650.029039957,14307
4387,11,9411179034560,11032880,1680.029508438,14307
4487,11,9624385118900,11282825,1710.029554544,14307
4569,11,9801777494420,11490785,1740.030071428,14307
4646,11,9966118786340,11683445,1770.030273499,14307
4723,11,10130652005960,11876330,1800.03120321,14307
4791,11,10277800841020,12048835,1830.031701879,14307
4861,11,10427073675960,12223830,1860.031909981,14307
4947,11,10611285882420,12439785,1890.03230423,14307
5031,11,10791723510780,12651315,1920.032447123,14307
5121,11,10984559668560,12877380,1950.033209392,14307
5193,11,11139560479080,13059090,1980.033300113,14307
5275,11,11314747818580,13264465,2010.033905247,14307
5356,11,11490284893000,13470250,2040.034428267,14307
5453,11,11697345025880,13712990,2070.034936074,14307
5524,11,11849782535340,13891695,2100.035225863,14307
5610,11,12034259175520,14107960,2130.035441054,14307
5694,11,12215080659280,14319940,2160.036121155,14307
5799,11,12438625249060,14582005,2190.036440647,14307
5897,11,12649310682940,14828995,2220.036816854,14307
5979,11,12825675179000,15035750,2250.037642452,14307
6069,11,13019697023460,15263205,2280.037854856,14307
6151,11,13195626483400,15469450,2310.038226344,14307
6242,11,13391025942240,15698520,2340.038658133,14307
6327,11,13571962582620,15910635,2370.039319654,14307
6395,11,13719013321300,16083025,2400.040181594,14307
6478,11,13896516588380,16291115,2430.040664458,14307
6584,11,14123080840640,16556720,2460.040762463,14307
6691,11,14353342899920,16826660,2490.041526436,14307
6776,11,14535324480000,17040000,2520.041896534,14307
6857,11,14709633217140,17244345,2550.04259036,14307
6928,11,14861469353140,17422345,2580.042847052,14307
6996,11,15008456115920,17594660,2610.043029625,14307
7069,11,15164932637200,17778100,2640.043245804,14307
7150,11,15338367037040,17981420,2670.043719432,14307
7220,11,15488335076760,18157230,2700.044383966,14307
7296,11,15650424417000,18347250,2730.044816863,14307
7386,11,15844906887940,18575245,2760.045408766,14307
7458,11,15998760397320,18755610,2790.045787768,14307
7527,11,16146399714280,18928690,2820.046398906,14307
7619,11,16344550136820,19160985,2850.047014138,14307
7697,11,16511881235800,19357150,2880.047327383,14307
7767,11,16662254456220,19533435,2910.047426865,14307
7857,11,16853964638160,19758180,2940.047672996,14307
7925,11,17001416292480,19931040,2970.04836415,14307
7995,11,17151324621360,20106780,3000.049135728,14307
8085,11,17343124369560,20331630,3030.04936527,14307
8159,11,17503175011120,20519260,3060.049806686,14307
8237,11,17670902760680,20715890,3090.050125663,14307
8334,11,17877387110460,20957955,3120.050985999,14307
8411,11,18043131607120,21152260,3150.051261889,14307
8486,11,18204427646200,21341350,3180.051627492,14307
8554,11,18351013493340,21513195,3210.05194202,14307
8627,11,18505911942420,21694785,3240.052383285,14307
8714,11,18693271763160,21914430,3270.053044632,14307
8805,11,18887852330480,22142540,3300.05359811,14307
8892,11,19074248247660,22361055,3330.053813062,14307
8969,11,19240815900900,22556325,3360.054054093,14307
9049,11,19412923867080,22758090,3390.05460696,14307
9127,11,19579197231180,22953015,3420.055133265,14307
9215,11,19768663991560,23175130,3450.055327299,14307
9288,11,19925520103180,23359015,3480.056130607,14307
9383,11,20129313200100,23597925,3510.056341111,14307
9452,11,20277357697760,23771480,3540.05729737,14307
9522,11,20426779809800,23946650,3570.057529823,14307
9590,11,20573305946100,24118425,3600.057729854,14307
9682,11,20770671597600,24349800,3630.05805893,14307
9771,11,20961029755520,24572960,3660.058476491,14307
9868,11,21169122032920,24816910,3690.058535856,14307
9957,11,21360239371520,25040960,3720.058812704,14307
10053,11,21566834612860,25283155,3750.059021904,14307
10128,11,21727542073660,25471555,3780.059102599,14307
10211,11,21905859967200,25680600,3810.059425014,14307
10291,11,22077289788840,25881570,3840.059793923,14307
10386,11,22280519897840,26119820,3870.06038838,14307
10466,11,22452785671240,26321770,3900.061186547,14307
10573,11,22680795778840,26589070,3930.06160047,14307
10641,11,22828200517500,26761875,3960.062081625,14307
10727,11,23012028868560,26977380,3990.063060857,14307
10799,11,23165302329780,27157065,4020.06408102,14307
10874,11,23326188923100,27345675,4050.06422087,14307
10951,11,23492684070320,27540860,4080.064346834,14307
11041,11,23686253818420,27767785,4110.064961046,14307
11128,11,23871101518820,27984485,4140.065231301,14307
11205,11,24037136039560,28179130,4170.066295081,14307
11299,11,24238088606520,28414710,4200.066725682,14307
11383,11,24418253271040,28625920,4230.067305595,14307
11453,11,24569210804680,28802890,4260.067586306,14307
11523,11,24718986916700,28978475,4290.067948323,14307
11627,11,24943427169080,29241590,4320.068375986,14307
11726,11,25154040096940,29488495,4350.068512647,14307
11829,11,25375456421780,29748065,4380.06863298,14307
11931,11,25595247758760,30005730,4410.069723861,14307
12005,11,25753042183580,30190715,4440.070587704,14307
12106,11,25971033665240,30446270,4470.071119507,14307
12229,11,26234866011780,30755565,4500.071514119,14307
12354,11,26503334478540,31070295,4530.071769792,14307
12479,11,26770126776720,31383060,4560.072119667,14307
12603,11,27035865605080,31694590,4590.072515362,14307
12727,11,27301706794880,32006240,4620.073171203,14307
12852,11,27570234972480,32321040,4650.073525803,14307
12976,11,27837620114000,32634500,4680.073980673,14307
13101,11,28104288725440,32947120,4710.074347203,14307
13225,11,28370373023660,33259055,4740.074721442,14307
13350,11,28639383153040,33574420,4770.075061199,14307
13475,11,28906158390980,33887165,4800.075418719,14307
13599,11,29173172472280,34200190,4830.07618863,14307
13726,11,29445969974940,34519995,4860.076225529,14307
13852,11,29716425959660,34837055,4890.076399264,14307
13976,11,29981682836240,35148020,4920.076551815,14307
14101,11,30250257929500,35462875,4950.076740139,14307
14225,11,30517050227680,35775640,4980.076825612,14307
31,12,65366309560,76630,30.000615251,14307
61,12,129794305920,152160,60.002465909,14307
91,12,194572037200,228100,90.004313957,14307
122,12,260079093740,304895,120.005208814,14307
152,12,325236415360,381280,150.005735959,14307
182,12,390073857480,457290,180.007576398,14307
213,12,455342070660,533805,210.008830699,14307
243,12,520303199520,609960,240.010236907,14307
278,12,595351195280,697940,270.010837692,14307
308,12,659962589220,773685,300.012179972,14307
339,12,725222272280,850190,330.012657359,14307
369,12,789914702360,926030,360.013825923,14307
399,12,855029373380,1002365,390.014703823,14307
429,12,919687682980,1078165,420.015480141,14307
459,12,984363052820,1153985,450.015855104,14307
490,12,1049861579240,1230770,480.015918268,14307
520,12,1115206563500,1307375,510.016433249,14307
551,12,1180052535740,1383395,540.018358538,14307
581,12,1245307953740,1459895,570.019124717,14307
612,12,1311633901800,1537650,600.019756233,14307
642,12,1376070428280,1613190,630.020724178,14307
672,12,1441385557120,1689760,660.021731441,14307
702,12,1505647216140,1765095,690.022141927,14307
733,12,1570633935360,1841280,720.022686397,14307
763,12,1635078991960,1916830,750.024637718,14307
793,12,1699515518440,1992370,780.026464687,14307
823,12,1763551129280,2067440,810.026783333,14307
853,12,1828478137660,2143555,840.028345001,14307
883,12,1893473387000,2219750,870.030092567,14307
913,12,1958609383320,2296110,900.031447719,14307
944,12,2023583307360,2372280,930.032133083,14307
974,12,2088787544640,2448720,960.033543872,14307
1004,12,2153599396400,2524700,990.035217626,14307
1035,12,2218458163820,2600735,1020.03717668,14307
1065,12,2284310690220,2677935,1050.037330316,14307
1096,12,2349344325100,2754175,1080.038401588,14307
1126,12,2413955719040,2829920,1110.039277415,14307
1156,12,2478618293700,2905725,1140.03935006,14307
1186,12,2543609277980,2981915,1170.041360581,14307
1216,12,2608412599620,3057885,1200.04290673,14307
1250,12,2681281149720,3143310,1230.043142631,14307
1281,12,2746818061680,3220140,1260.044574299,14307
1311,12,2811395335140,3295845,1290.046125191,14307
1341,12,2876062174860,3371655,1320.04618814,14307
1372,12,2941620412120,3448510,1350.046425835,14307
1403,12,3007767227660,3526055,1380.046956535,14307
1433,12,3073107946860,3602655,1410.048846674,14307
1463,12,3137988039580,3678715,1440.050877986,14307
1494,12,3203418325040,3755420,1470.051159719,14307
1524,12,3268793164720,3832060,1500.052529675,14307
1555,12,3335950799480,3910790,1530.052780223,14307
1586,12,3402285277660,3988555,1560.054065103,14307
1617,12,3467489514940,4064995,1590.054090047,14307
1647,12,3532531679940,4141245,1620.055028009,14307
1678,12,3598213603940,4218245,1650.055772601,14307
1708,12,3663038250880,4294240,1680.056586355,14307
1738,12,3728498391760,4370980,1710.057403235,14307
1769,12,3794193110940,4447995,1740.058419419,14307
1799,12,3858373733820,4523235,1770.059400975,14307
1829,12,3922895561500,4598875,1800.061261067,14307
1859,12,3988099798780,4675315,1830.061855994,14307
1890,12,4053043867400,4751450,1860.06238173,14307
1920,12,4117987936020,4827585,1890.06419397,14307
1950,12,4182629185380,4903365,1920.065029259,14307
1980,12,4247607374480,4979540,1950.06520226,14307
2011,12,4312811611760,5055980,1980.065898789,14307
2041,12,4377623463520,5131960,2010.067640809,14307
2071,12,4442460905640,5207970,2040.067740459,14307
2102,12,4507370853780,5284065,2070.068646648,14307
2132,12,4571888416400,5359700,2100.068830859,14307
2162,12,4636674677800,5435650,2130.069458112,14307
2192,12,4701853324720,5512060,2160.070459017,14307
2223,12,4766972260800,5588400,2190.072106011,14307
2254,12,4833741775100,5666675,2220.073389609,14307
2285,12,4901927289320,5746610,2250.074915453,14307
2316,12,4967711574760,5823730,2280.075055269,14307
2346,12,5032531956640,5899720,2310.075402458,14307
2376,12,5097288362620,5975635,2340.075962464,14307
2406,12,5161387949360,6050780,2370.076215774,14307
2436,12,5225905511980,6126415,2400.078151651,14307
2467,12,5290802664940,6202495,2430.078673424,14307
2497,12,5355311697440,6278120,2460.080439922,14307
2527,12,5420332537140,6354345,2490.082066728,14307
2559,12,5488419954980,6434165,2520.083119155,14307
2589,12,5553564481420,6510535,2550.083636717,14307
2620,12,5619075803020,6587335,2580.08394046,14307
2650,12,5684169148740,6663645,2610.085539916,14307
2681,12,5750733940160,6741680,2640.087097027,14307
2712,12,5816936201480,6819290,2670.088351491,14307
2742,12,5882276920680,6895890,2700.090358879,14307
2773,12,5947157013400,6971950,2730.091912944,14307
2803,12,6013120431360,7049280,2760.092041579,14307
2834,12,6078499536100,7125925,2790.092437662,14307
2865,12,6144868134760,7203730,2820.092635361,14307
2895,12,6210251504560,7280380,2850.092785134,14307
2925,12,6275059091260,7356355,2880.09403761,14307
2956,12,6340267593600,7432800,2910.094918218,14307
2986,12,6405825830860,7509655,2940.095691928,14307
3017,12,6471563200640,7586720,2970.09606573,14307
3048,12,6536903919840,7663320,3000.097346729,14307
3080,12,6606130108700,7744475,3030.098718948,14307
3110,12,6671052852020,7820585,3060.099653745,14307
3140,12,6735766607400,7896450,3090.100645109,14307
3170,12,6800646700120,7972510,3120.101234581,14307
3202,12,6868695732420,8052285,3150.101363855,14307
3232,12,6933243150460,8127955,3180.10316444,14307
3263,12,6998997580480,8205040,3210.103522057,14307
3293,12,7063911793680,8281140,3240.103865235,14307
3324,12,7129525476720,8358060,3270.105217228,14307
3354,12,7194324533300,8434025,3300.106319105,14307
3384,12,7259405083840,8510320,3330.107610735,14307
3415,12,7324814044000,8587000,3360.108296218,14307
3445,12,7389493678900,8662825,3390.109378875,14307
3475,12,7454484663180,8739015,3420.109692335,14307
3506,12,7519450057100,8815175,3450.11030968,14307
3536,12,7584368535360,8891280,3480.110340675,14307
3566,12,7649180387120,8967260,3510.11051915,14307
3596,12,7713237323260,9042355,3540.111094197,14307
3626,12,7778369054520,9118710,3570.111647814,14307
3657,12,7843880376120,9195510,3600.113039671,14307
3687,12,7908939601360,9271780,3630.113206741,14307
3718,12,7974293115740,9348395,3660.114123681,14307
3748,12,8040474051760,9425980,3690.114891022,14307
3779,12,8105678289040,9502420,3720.116410924,14307
3809,12,8169615803500,9577375,3750.116769602,14307
3839,12,8234069390220,9652935,3780.117147271,14307
3869,12,8298753290180,9728765,3810.11824224,14307
3899,12,8363612057600,9804800,3840.119731236,14307
3929,12,8428206391300,9880525,3870.120700385,14307
3959,12,8492574676820,9955985,3900.121759447,14307
3989,12,8557036793660,10031555,3930.123309267,14307
4019,12,8621503175560,10107130,3960.12387992,14307
4049,12,8686297967080,10183090,3990.124907751,14307
4080,12,8751015987520,10258960,4020.125556223,14307
4110,12,8815153959800,10334150,4050.125944807,14307
4140,12,8879564895920,10409660,4080.127447932,14307
4170,12,8944236000700,10485475,4110.128934397,14307
4200,12,9008936960900,10561325,4140.130081874,14307
4230,12,9073300981360,10636780,4170.130200904,14307
4260,12,9137379242800,10711900,4200.130813221,14307
4290,12,9202174034320,10787860,4230.132346245,14307
4320,12,9267651235440,10864620,4260.132559547,14307
4351,12,9332573978760,10940730,4290.13360729,14307
4381,12,9397999999160,11017430,4320.134369616,14307
4411,12,9462884356940,11093495,4350.135711552,14307
4442,12,9527406184620,11169135,4380.135771737,14307
4472,12,9592461144800,11245400,4410.137080393,14307
4502,12,9657217550780,11321315,4440.138059183,14307
4532,12,9722029402540,11397295,4470.13844247,14307
4562,12,9786674916960,11473080,4500.138896549,14307
4593,12,9851802383160,11549430,4530.139140467,14307
4623,12,9916648355400,11625450,4560.139604787,14307
4653,12,9981357845720,11701310,4590.140059818,14307
4683,12,10046105721580,11777215,4620.141830196,14307
4713,12,10110648874560,11852880,4650.143244505,14307
4743,12,10175226148020,11928585,4680.144922043,14307
4774,12,10239871662440,12004370,4710.146660107,14307
4804,12,10304436140720,12080060,4740.148096016,14307
4835,12,10371363462240,12158520,4770.149827248,14307
4865,12,10436158253760,12234480,4800.151433225,14307
4895,12,10501051141660,12310555,4830.151926552,14307
4926,12,10566178607860,12386905,4860.153583452,14307
4956,12,10630478652420,12462285,4890.15531734,14307
4986,12,10694945034320,12537860,4920.156430655,14307
5016,12,10760038380040,12614170,4950.158369828,14307
5046,12,10824479171580,12689715,4980.158998203,14307
5076,12,10889640758260,12766105,5010.159488532,14307
5107,12,10954665863020,12842335,5040.159819237,14307
5137,12,11018944582280,12917690,5070.159891717,14307
5167,12,11083914241260,12993855,5100.161208392,14307
5197,12,11148854044820,13069985,5130.163117119,14307
5227,12,11213576330320,13145860,5160.163799638,14307
5258,12,11278951170000,13222500,5190.165101286,14307
5288,12,11343899503680,13298640,5220.16598001,14307
5319,12,11409368174680,13375390,5250.166084458,14307
5349,12,11474516966180,13451765,5280.167341098,14307
5379,12,11539631637200,13528100,5310.168631828,14307
5410,12,11604579970880,13604240,5340.169118721,14307
5440,12,11670001726220,13680935,5370.170618406,14307
5470,12,11734719746660,13756805,5400.170901457,14307
5501,12,11800572273060,13834005,5430.172525052,14307
5531,12,11865290293500,13909875,5460.173377446,14307
5562,12,11930281277780,13986065,5490.175100718,14307
5592,12,11995425804220,14062435,5520.176383382,14307
5623,12,12061197294480,14139540,5550.177752163,14307
5653,12,12126111507680,14215640,5580.17991741,14307
5683,12,12190654660660,14291305,5610.181836576,14307
5713,12,12255330030500,14367125,5640.182150901,14307
5743,12,12320397785860,14443405,5670.182743556,14307
5774,12,12385252288220,14519435,5700.184063896,14307
5804,12,12449974573720,14595310,5730.184636613,14307
5834,12,12514794955600,14671300,5760.186253819,14307
5864,12,12580016253120,14747760,5790.187435526,14307
5895,12,12646273960220,14825435,5820.189410923,14307
5926,12,12711132727640,14901470,5850.191419881,14307
5956,12,12775859278200,14977350,5880.192490375,14307
5986,12,12841387660040,15054170,5910.194187905,14307
6017,12,12906353053960,15130330,5940.194488162,14307
6047,12,12971599941840,15206820,5970.195787288,14307
6077,12,13036974781520,15283460,6000.196424926,14307
6108,12,13102068127240,15359770,6030.197093889,14307
6138,12,13166879979000,15435750,6060.197229596,14307
6168,12,13232352915060,15512505,6090.199108035,14307
6200,12,13299258911280,15590940,6120.200229294,14307
6230,12,13364139004000,15667000,6150.200773972,14307
6260,12,13429407217180,15743515,6180.201615735,14307
6292,12,13496616032660,15822305,6210.202539288,14307
6322,12,13562135884380,15899115,6240.202721093,14307
6352,12,13626879495180,15975015,6270.203386683,14307
6383,12,13691571925260,16050855,6300.204004562,14307
6413,12,13756759102300,16127275,6330.205777742,14307
6443,12,13822257628720,16204060,6360.206241155,14307
6474,12,13887453335880,16280490,6390.208257012,14307
6505,12,13954483018840,16359070,6420.209302901,14307
6535,12,14019026171820,16434735,6450.21090122,14307
6565,12,14083351806740,16510145,6480.212044764,14307
6595,12,14148184983800,16586150,6510.213345932,14307
6626,12,14212928594600,16662050,6540.214062293,14307
6656,12,14277305410240,16737520,6570.214381613,14307
6686,12,14341558539140,16812845,6600.21578231,14307
6715,12,14405666656000,16888000,6630.216060783,14307
6746,12,14470687495700,16964225,6660.216204525,14307
6776,12,14535384190840,17040070,6690.217865057,14307
6806,12,14599752476360,17115530,6720.219340648,14307
6836,12,14663984279960,17190830,6750.22083473,14307
6866,12,14728625529320,17266610,6780.222624433,14307
6896,12,14793108971460,17342205,6810.223388469,14307
6926,12,14857801401540,17418045,6840.223849719,14307
6956,12,14922587662940,17493995,6870.225667725,14307
6986,12,14986994334000,17569500,6900.225737878,14307
7017,12,15052403294160,17646180,6930.226201779,14307
7047,12,15116993362800,17721900,6960.227808261,14307
7077,12,15180909551960,17796830,6990.229440023,14307
7107,12,15245934656720,17873060,7020.23023245,14307
7137,12,15310891520520,17949210,7050.232333095,14307
7168,12,15375972071060,18025505,7080.232443804,14307
7199,12,15442600838380,18103615,7110.233037372,14307
7229,12,15507613147960,18179830,7140.23451673,14307
7260,12,15572936806920,18256410,7170.235057214,14307
7290,12,15637744393620,18332385,7200.235987943,14307
7320,12,15702227835760,18407980,7230.237887833,14307
7350,12,15767014097160,18483930,7260.238396322,14307
7380,12,15831736382660,18559805,7290.239696724,14307
7410,12,15896313656120,18635510,7320.24007347,14307
7440,12,15960784303080,18711090,7350.24149529,14307
7470,12,16024999046440,18786370,7380.242867905,14307
7500,12,16089674416280,18862190,7410.244526147,14307
7530,12,16154034171680,18937640,7440.245967154,14307
7560,12,16218338481300,19013025,7470.246354652,14307
7590,12,16282190694560,19087880,7500.247517855,14307
7620,12,16346209245160,19162930,7530.248532316,14307
7650,12,16410650036700,19238475,7560.249210792,14307
7680,12,16474954346320,19313860,7590.250365653,14307
7710,12,16539309836660,19389305,7620.250737654,14307
7740,12,16603908435420,19465035,7650.251375836,14307
7770,12,16668634985980,19540915,7680.252090958,14307
7800,12,16733156813660,19616555,7710.252558637,14307
7830,12,16796817099220,19691185,7740.254642416,14307
7860,12,16861262155820,19766735,7770.256436902,14307
7890,12,16925685887120,19842260,7800.25662899,14307
7920,12,16990314341300,19918025,7830.258114592,14307
7950,12,17054836168980,19993665,7860.259817169,14307
7981,12,17119852743620,20069885,7890.261566893,14307
8012,12,17187633077140,20149345,7920.262160081,14307
8042,12,17252099459040,20224920,7950.263069358,14307
8072,12,17316864395140,20300845,7980.263464673,14307
8103,12,17381962005920,20377160,8010.264890004,14307
8133,12,17446910339600,20453300,8040.266625036,14307
8163,12,17511956769660,20529555,8070.267050879,14307
8194,12,17576981874420,20605785,8100.267500358,14307
8224,12,17642058159900,20682075,8130.269032051,14307
8254,12,17706997963460,20758205,8160.27001746,14307
8285,12,17772991236840,20835570,8190.271942105,14307
8315,12,17837960895820,20911735,8220.273214818,14307
8346,12,17903361325860,20988405,8250.273592513,14307
8376,12,17967431057180,21063515,8280.273951403,14307
8406,12,18032213053520,21139460,8310.275197088,14307
8436,12,18096338230620,21214635,8340.275254002,14307
8465,12,18159981455940,21289245,8370.276008115,14307
8495,12,18224238849900,21364575,8400.276510406,14307
8525,12,18288214749900,21439575,8430.276590178,14307
8555,12,18353043661900,21515575,8460.278469207,14307
8586,12,18417625200420,21591285,8490.279236351,14307
8616,12,18482202473880,21666990,8520.279564088,14307
8646,12,18547048446120,21743010,8550.280887246,14307
8676,12,18612018105100,21819175,8580.281751385,14307
8706,12,18676514342420,21894785,8610.283596703,14307
8737,12,18742392459180,21972015,8640.284346698,14307
8767,12,18807302407320,22048110,8670.286059934,14307
8797,12,18872216620520,22124210,8700.286529455,14307
8828,12,18937365412020,22200585,8730.28784189,14307
8858,12,19002343601120,22276760,8760.288700256,14307
8888,12,19067492392620,22353135,8790.289419268,14307
8919,12,19132581473280,22429440,8820.289731246,14307
8949,12,19197124626260,22505105,8850.291319626,14307
8979,12,19261842646700,22580975,8880.293188453,14307
9009,12,19326313293660,22656555,8910.293690184,14307
9039,12,19390843651460,22732205,8940.294709174,14307
9069,12,19454631888820,22806985,8970.295793987,14307
9099,12,19519243282760,22882730,9000.297244011,14307
9129,12,19583829086340,22958445,9030.298028183,14307
9159,12,19647839106820,23033485,9060.29949215,14307
9189,12,19712578452560,23109380,9090.300709395,14307
9219,12,19776643918820,23184485,9120.302332384,14307
9249,12,19841464300700,23260475,9150.30286584,14307
9279,12,19905764345260,23335855,9180.303470128,14307
9309,12,19970443980160,23411680,9210.304778591,14307
9339,12,20034889036760,23487230,9240.306651717,14307
9369,12,20099172021080,23562590,9270.308529376,14307
9399,12,20162823776520,23637210,9300.309526112,14307
9429,12,20226650399420,23712035,9330.310057054,14307
9459,12,20290971769280,23787440,9360.310903384,14307
9489,12,20355800681280,23863440,9390.31103786,14307
9519,12,20420053810180,23938765,9420.311641575,14307
9549,12,20484076625840,24013820,9450.312586031,14307
9579,12,20548606983640,24089470,9480.312817645,14307
9609,12,20613269558300,24165275,9510.313378546,14307
9639,12,20677966253440,24241120,9540.313659564,14307
9669,12,20742859141340,24317195,9570.314233114,14307
9699,12,20807393764200,24392850,9600.315840181,14307
9730,12,20872030748500,24468625,9630.316819296,14307
9760,12,20936625082200,24544350,9660.317298036,14307
9790,12,21001223680960,24620080,9690.317821978,14307
9820,12,21066014207420,24696035,9720.317994119,14307
9850,12,21130659721840,24771820,9750.318836227,14307
9881,12,21196111332600,24848550,9780.319715344,14307
9911,12,21261426461440,24925120,9810.320922233,14307
9941,12,21326443036080,25001340,9840.32104881,14307
9972,12,21391425490240,25077520,9870.321919958,14307
10002,12,21456996522680,25154390,9900.322862341,14307
10033,12,21521910735880,25230490,9930.32373248,14307
10063,12,21587110708100,25306925,9960.324358426,14307
10093,12,21651905499620,25382885,9990.325926367,14307
10123,12,21716943399560,25459130,10020.326331753,14307
10154,12,21781576118800,25534900,10050.328172091,14307
10184,12,21845923079020,25610335,10080.329739206,14307
10214,12,21910786111500,25686375,10110.330235503,14307
10243,12,21974531698260,25761105,10140.331934394,14307
10274,12,22039185742800,25836900,10170.333254213,14307
10304,12,22104035980100,25912925,10200.334227537,14307
10334,12,22168574868020,25988585,10230.335232668,14307
10364,12,22233450695680,26064640,10260.336237647,14307
10394,12,22298211366720,26140560,10290.33739366,14307
10427,12,22367719049540,26222045,10320.337461491,14307
10457,12,22432104395300,26297525,10350.338639307,14307
10487,12,22496302078420,26372785,10380.340483385,14307
10517,12,22560572267560,26448130,10410.341451737,14307
10547,12,22625895926520,26524710,10440.34162849,14307
10577,12,22691087368620,26601135,10470.342094552,14307
10608,12,22755796858940,26676995,10500.343314263,14307
10638,12,22820544734800,26752900,10530.343827994,14307
10668,12,22885305405840,26828820,10560.344305599,14307
10698,12,22950044751580,26904715,10590.345028373,14307
10728,12,23014749976840,26980570,10620.34674259,14307
10758,12,23079024431040,27055920,10650.347485844,14307
10788,12,23143431102100,27131425,10680.349143153,14307
10818,12,23208068086400,27207200,10710.3510331,14307
10849,12,23272564323720,27282810,10740.351694813,14307
10879,12,23337350585120,27358760,10770.353287602,14307
10909,12,23401518412820,27433985,10800.353443111,14307
10939,12,23466044505560,27509630,10830.354027426,14307
10969,12,23531585682580,27586465,10860.354140202,14307
11000,12,23596610787340,27662695,10890.355326763,14307
11030,12,23661512205360,27738780,10920.356240693,14307
11060,12,23726639671560,27815130,10950.356463968,14307
11091,12,23791843908840,27891570,10980.358463487,14307
11121,12,23856660025660,27967555,11010.359018086,14307
11153,12,23926500383160,28049430,11040.360080179,14307
11184,12,23991516957800,28125650,11070.360458401,14307
11214,12,24056977098680,28202390,11100.361036814,14307
11245,12,24122074709460,28278705,11130.362572988,14307
11275,12,24186856705800,28354650,11160.362675123,14307
11305,12,24251596051540,28430545,11190.364636837,14307
11336,12,24317533879140,28507845,11220.366588164,14307
11366,12,24382435297160,28583930,11250.368545529,14307
11396,12,24447161847720,28659810,11280.370325062,14307
11427,12,24512958928340,28736945,11310.370999013,14307
11457,12,24577924322260,28813105,11340.371940524,14307
11488,12,24643785378780,28890315,11370.373828151,14307
11518,12,24709424652180,28967265,11400.37523392,14307
11549,12,24774274889480,29043290,11430.376217864,14307
11579,12,24839146452080,29119340,11460.376430846,14307
11609,12,24904030809860,29195405,11490.378171261,14307
11639,12,24968608083320,29271110,11520.379199186,14307
11669,12,25033206682080,29346840,11550.379884034,14307
11699,12,25097805280840,29422570,11580.380565886,14307
11730,12,25162689638620,29498635,11610.381774649,14307
11760,12,25227527080740,29574645,11640.382618041,14307
11790,12,25291720498800,29649900,11670.382814682,14307
11820,12,25356054663840,29725320,11700.383905465,14307
11850,12,25420243816840,29800570,11730.385780068,14307
11880,12,25484923451740,29876395,11760.386864406,14307
11910,12,25549377038460,29951955,11790.386937414,14307
11940,12,25613809299880,30027490,11820.388458236,14307
11970,12,25677913151680,30102640,11850.388583,14307
12000,12,25742686617900,30178575,11880.38962132,14307
12030,12,25807221240760,30254230,11910.390480811,14307
12060,12,25871900875660,30330055,11940.391209276,14307
12090,12,25936124149140,30405345,11970.392001214,14307
12121,12,26001486193640,30481970,12000.393064636,14307
12151,12,26066609394780,30558315,12030.393540311,14307
12181,12,26132099391080,30635090,12060.394770928,14307
12212,12,26197115965720,30711310,12090.395393589,14307
12242,12,26261893697000,30787250,12120.396640999,14307
12272,12,26326274777700,30862725,12150.397945603,14307
12302,12,26390519376480,30938040,12180.398263111,14307
12332,12,26454533662020,31013085,12210.400080297,14307
12362,12,26518756935500,31088375,12240.401479933,14307
12392,12,26582766955980,31163415,12270.401597074,14307
12421,12,26646866542720,31238560,12300.402468342,14307
12451,12,26711025840300,31313775,12330.403595773,14307
12481,12,26775530607740,31389395,12360.404053828,14307
12512,12,26840542917320,31465610,12390.404153506,14307
12542,12,26906024383500,31542375,12420.40540497,14307
12573,12,26971535705100,31619175,12450.406833902,14307
12603,12,27036970255620,31695885,12480.406899208,14307
12634,12,27101944179660,31772055,12510.40808377,14307
12664,12,27167971573520,31849460,12540.409081868,14307
12695,12,27232966822860,31925655,12570.410607389,14307
12725,12,27297881036060,32001755,12600.412655877,14307
12755,12,27363405152840,32078570,12630.413531588,14307
12786,12,27428212739540,32154545,12660.413675246,14307
12816,12,27493327410560,32230880,12690.414735466,14307
12847,12,27559256708040,32308170,12720.415771001,14307
12877,12,27624405499540,32384545,12750.417685586,14307
12907,12,27689643857300,32461025,12780.419090442,14307
12938,12,27755411082500,32538125,12810.419608566,14307
12968,12,27820116307760,32613980,12840.420688272,14307
12999,12,27885115822160,32690180,12870.422375888,14307
13029,12,27950580228100,32766925,12900.423752125,14307
13060,12,28015929477420,32843535,12930.424841761,14307
13090,12,28081381088180,32920265,12960.425637399,14307
13121,12,28147775277200,32998100,12990.426763908,14307
13152,12,28214369924040,33076170,13020.428437278,14307
13183,12,28280397317900,33153575,13050.43030818,14307
13214,12,28346356470800,33230900,13080.431019346,14307
13245,12,28412780515240,33308770,13110.431706141,14307
13276,12,28479869909040,33387420,13140.432341277,14307
13308,12,28549100362960,33468580,13170.433979562,14307
13341,12,28618646431320,33550110,13200.434154041,14307
13372,12,28686921511800,33630150,13230.43476853,14307
13404,12,28754194303180,33709015,13260.435564155,14307
13436,12,28822912949900,33789575,13290.436968787,14307
13469,12,28893653235060,33872505,13320.438252616,14307
13501,12,28963732435920,33954660,13350.440070734,14307
13533,12,29031453058600,34034050,13380.440947732,14307
13565,12,29099301633080,34113590,13410.441131217,14307
13596,12,29167615099100,34193675,13440.441216316,14307
13628,12,29235182179620,34272885,13470.442490789,14307
13660,12,29303342103480,34352790,13500.444135169,14307
13691,12,29371391135780,34432565,13530.445131262,14307
13723,12,29439674746380,34512615,13560.445888611,14307
13755,12,29507523320860,34592155,13590.446492096,14307
13787,12,29575883702540,34672295,13620.447500576,14307
13819,12,29644572493840,34752820,13650.447774663,14307
13851,12,29713389236940,34833495,13680.447856606,14307
13883,12,29782069498120,34914010,13710.449543754,14307
13915,12,29850886241220,34994685,13740.451064209,14307
13947,12,29919886381900,35075575,13770.452894529,14307
13979,12,29988080426240,35155520,13800.453095833,14307
14011,12,30057379121120,35236760,13830.455021309,14307
14044,12,30126912394300,35318275,13860.456619692,14307
14076,12,30195899739800,35399150,13890.456852853,14307
14107,12,30262989133600,35477800,13920.458580916,14307
14140,12,30334753033160,35561930,13950.460125508,14307
14177,12,30413221607040,35653920,13980.460689412,14307
14239,12,30545297720060,35808755,14010.460843307,14307
14304,12,30686509591600,35974300,14040.461964146,14307
31,13,66266237220,77685,30.001839437,14307
61,13,129457366180,151765,60.002980449,14307
92,13,197340061140,231345,90.004768658,14307
123,13,262441936980,307665,120.006098846,14307
152,13,325952945440,382120,150.008090652,14307
182,13,389225110540,456295,180.009988209,14307
212,13,452876865980,530915,210.011340368,14307
241,13,516110645540,605045,240.013388384,14307
271,13,581246641860,681405,270.015251073,14307
301,13,645614927380,756865,300.016456216,14307
332,13,711416273060,834005,330.017120239,14307
362,13,775511594740,909145,360.017537068,14307
392,13,839683687500,984375,390.018990257,14307
421,13,902934527300,1058525,420.019863427,14307
451,13,967017053800,1133650,450.020942174,14307
482,13,1031982447720,1209810,480.02226218,14307
511,13,1095233287520,1283960,510.023436027,14307
544,13,1165926657020,1366835,540.024881687,14307
575,13,1232401882180,1444765,570.025636697,14307
605,13,1296237035200,1519600,600.026043788,14307
634,13,1359436694280,1593690,630.026905186,14307
664,13,1423160955740,1668395,660.028453478,14307
694,13,1486957723220,1743185,690.0295221,14307
723,13,1550865382260,1818105,720.031155085,14307
753,13,1614069306400,1892200,750.033213635,14307
782,13,1677183664280,1966190,780.035078383,14307
812,13,1740033588440,2039870,810.036722961,14307
842,13,1804308042640,2115220,840.038809379,14307
871,13,1868096280000,2190000,870.040574884,14307
901,13,1931948493260,2264855,900.041542655,14307
931,13,1996999188380,2341115,930.042591522,14307
961,13,2061056124520,2416210,960.044481871,14307
991,13,2125458530520,2491710,990.045024969,14307
1021,13,2188956743800,2566150,1020.045614853,14307
1051,13,2252612764300,2640775,1050.046426316,14307
1080,13,2316204808900,2715325,1080.047581506,14307
1110,13,2380244684800,2790400,1110.047860695,14307
1143,13,2449991210980,2872165,1140.048270984,14307
1173,13,2514385086860,2947655,1170.05002156,14307
1203,13,2579137227780,3023565,1200.051571339,14307
1233,13,2643906428940,3099495,1230.052483487,14307
1262,13,2707259630180,3173765,1260.052887886,14307
1292,13,2770732253100,3248175,1290.054482007,14307
1322,13,2834946996460,3323455,1320.056167782,14307
1352,13,2900228004820,3399985,1350.056473196,14307
1383,13,2964903374660,3475805,1380.056766211,14307
1412,13,3028529539740,3550395,1410.057938426,14307
1442,13,3091882740980,3624665,1440.059482088,14307
1471,13,3155304183180,3699015,1470.060939606,14307
1501,13,3218819456700,3773475,1500.062765833,14307
1531,13,3282914778380,3848615,1530.063309625,14307
1561,13,3348588172260,3925605,1560.065194002,14307
1591,13,3411621494000,3999500,1590.066359112,14307
1621,13,3475721080740,4074645,1620.068332763,14307
1652,13,3543723197380,4154365,1650.068561086,14307
1683,13,3608599025040,4230420,1680.069344451,14307
1712,13,3672694346720,4305560,1710.069572284,14307
1745,13,3743097692140,4388095,1740.070582538,14307
1775,13,3805943351240,4461770,1770.072578902,14307
1804,13,3869479950060,4536255,1800.073849567,14307
1835,13,3934679922280,4612690,1830.075826616,14307
1864,13,3998109894600,4687050,1860.077298231,14307
1894,13,4061957842800,4761900,1890.079048533,14307
1924,13,4125635188600,4836550,1920.079973651,14307
1953,13,4189312534400,4911200,1950.081835676,14307
1983,13,4253301229580,4986215,1980.082493036,14307
2013,13,4316773852500,5060625,2010.083448713,14307
2042,13,4380280595900,5135075,2040.084430594,14307
2073,13,4446986134300,5213275,2070.085108348,14307
2104,13,4511951528220,5289435,2100.08575431,14307
2133,13,4575176777660,5363555,2130.086178447,14307
2163,13,4638640870460,5437955,2160.087373068,14307
2193,13,4703009155980,5513415,2190.088312877,14307
2223,13,4767236694520,5588710,2220.088575026,14307
2252,13,4830338257220,5662685,2250.089525002,14307
2285,13,4901492253200,5746100,2280.090852153,14307
2316,13,4967540972360,5823530,2310.090917538,14307
2346,13,5032314438580,5899465,2340.092132851,14307
2376,13,5095484242240,5973520,2370.092264443,14307
2405,13,5159217033820,6048235,2400.092670472,14307
2435,13,5223538403680,6123640,2430.093131577,14307
2466,13,5289416520440,6200870,2460.093344085,14307
2497,13,5355669962480,6278540,2490.094258658,14307
2527,13,5420784633500,6354875,2520.095634908,14307
2563,13,5497470412300,6444775,2550.096943453,14307
2593,13,5561284240020,6519585,2580.09853209,14307
2625,13,5630480573460,6600705,2610.099233665,14307
2655,13,5695757316760,6677230,2640.099656161,14307
2685,13,5759101987880,6751490,2670.101335446,14307
2716,13,5825973863620,6829885,2700.101567002,14307
2746,13,5889412366060,6904255,2730.102455612,14307
2777,13,5957350506800,6983900,2760.102875531,14307
2807,13,6021560985100,7059175,2790.104484718,14307
2837,13,6085856764600,7134550,2820.104676468,14307
2868,13,6152583628300,7212775,2850.104946148,14307
2899,13,6217207817420,7288535,2880.10596646,14307
2928,13,6280804127080,7363090,2910.107534033,14307
2960,13,6348972581060,7443005,2940.108248705,14307
2991,13,6415818866440,7521370,2970.108738495,14307
3021,13,6480020814620,7596635,3000.110619651,14307
3051,13,6544645003740,7672395,3030.111564299,14307
3081,13,6609115650700,7747975,3060.11376016,14307
3111,13,6672511502540,7822295,3090.115281993,14307
3140,13,6735992655580,7896715,3120.116184939,14307
3170,13,6800642435060,7972505,3150.118135365,14307
3203,13,6870585154000,8054500,3180.119138836,14307
3234,13,6936284138240,8131520,3210.120541052,14307
3264,13,7002217700780,8208815,3240.121864129,14307
3294,13,7065442950220,8282935,3270.122029307,14307
3325,13,7132835163280,8361940,3300.12339414,14307
3355,13,7196350436800,8436400,3330.124420675,14307
3385,13,7259831589840,8510820,3360.124670757,14307
3414,13,7324054863320,8586110,3390.126015929,14307
3445,13,7388896570500,8662125,3420.126382377,14307
3474,13,7452458759680,8736640,3450.127707509,14307
3504,13,7517044563260,8812355,3480.128626104,14307
3534,13,7580436150040,8886670,3510.129593273,14307
3563,13,7643499327200,8960600,3540.13163143,14307
3593,13,7707287564560,9035380,3570.133304494,14307
3623,13,7771259199500,9110375,3600.135262129,14307
3652,13,7834497244120,9184510,3630.13587048,14307
3683,13,7900503312680,9261890,3660.136406558,14307
3713,13,7965511357200,9338100,3690.137591271,14307
3744,13,8030203787280,9413940,3720.13875773,14307
3773,13,8093211518660,9487805,3750.139667156,14307
3803,13,8157340960820,9562985,3780.141608483,14307
3833,13,8222468427020,9639335,3810.142483496,14307
3863,13,8286384616180,9714265,3840.142891175,14307
3893,13,8350326395700,9789225,3870.143012682,14307
3923,13,8414839693260,9864855,3900.144519445,14307
3953,13,8479323135400,9940450,3930.146256051,14307
3983,13,8543746866700,10015975,3960.147739595,14307
4013,13,8608063971500,10091375,3990.149105079,14307
4043,13,8672346955820,10166735,4020.150148172,14307
4072,13,8735580735380,10240865,4050.150838731,14307
4102,13,8798703623380,10314865,4080.152791977,14307
4131,13,8861924607760,10388980,4110.153164455,14307
4161,13,8925392965620,10463385,4140.154150045,14307
4191,13,8988916769260,10537855,4170.155638586,14307
4220,13,9052363801820,10612235,4200.156541358,14307
4251,13,9118199267980,10689415,4230.157791517,14307
4281,13,9182725360720,10765060,4260.159221754,14307
4311,13,9247771790780,10841315,4290.161195078,14307
4348,13,9325860774320,10932860,4320.162556801,14307
4378,13,9390335686340,11008445,4350.163722582,14307
4411,13,9460909634160,11091180,4380.163789086,14307
4440,13,9524292690820,11165485,4410.16567797,14307
4470,13,9588558614900,11240825,4440.166094932,14307
4500,13,9652052563120,11315260,4470.166721643,14307
4530,13,9716971041380,11391365,4500.168154879,14307
4560,13,9780806194400,11466200,4530.169424345,14307
4589,13,9844300142620,11540635,4560.170138245,14307
4620,13,9909269801600,11616800,4590.170647491,14307
4649,13,9973343797980,11691915,4620.170766984,14307
4679,13,10037511625680,11767140,4650.17162318,14307
4713,13,10109271260180,11851265,4680.171755922,14307
4742,13,10172611666240,11925520,4710.1725569,14307
4772,13,10236156795180,12000015,4740.174246902,14307
4801,13,10299292478360,12074030,4770.175874113,14307
4831,13,10362722450680,12148390,4800.176209741,14307
4861,13,10426284639860,12222905,4830.178111089,14307
4890,13,10490264804920,12297910,4860.179959383,14307
4920,13,10553703307360,12372280,4890.181820976,14307
4949,13,10617214315820,12446735,4920.1828809,14307
4979,13,10681139035100,12521675,4950.184688924,14307
5009,13,10744483706220,12595935,4980.18677582,14307
5040,13,10810421533820,12673235,5010.186945933,14307
5070,13,10875182204860,12749155,5040.188551382,14307
5104,13,10948554032040,12835170,5070.190273299,14307
5139,13,11024071184400,12923700,5100.190349366,14307
5170,13,11090563469800,13001650,5130.19230809,14307
5200,13,11154603345700,13076725,5160.193471158,14307
5230,13,11218852209540,13152045,5190.195320884,14307
5260,13,11282704422800,13226900,5220.196170047,14307
5290,13,11346808274600,13302050,5250.196956601,14307
5320,13,11412089282960,13378580,5280.199015564,14307
5351,13,11479123230980,13457165,5310.20095213,14307
5382,13,11545031203160,13534430,5340.201807334,14307
5412,13,11610431633200,13611100,5370.202968385,14307
5445,13,11680651581040,13693420,5400.204195906,14307
5476,13,11746866637540,13771045,5430.206003356,14307
5511,13,11820780127340,13857695,5460.206698413,14307
5543,13,11889818653560,13938630,5490.207904035,14307
5573,13,11954046192100,14013925,5520.209033471,14307
5605,13,12024402621860,14096405,5550.209134097,14307
5638,13,12093543509520,14177460,5580.209310712,14307
5667,13,12156636542100,14251425,5610.211257227,14307
5697,13,12220062249360,14325780,5640.21166412,14307
5727,13,12284417739700,14401225,5670.212709865,14307
5756,13,12347958603580,14475715,5700.213711341,14307
5787,13,12413683178180,14552765,5730.213846716,14307
5817,13,12478350017900,14628575,5760.215524481,14307
5848,13,12544863628600,14706550,5790.217499251,14307
5879,13,12610234203220,14783185,5820.218208433,14307
5909,13,12675054585100,14859175,5850.219059245,14307
5939,13,12739764075420,14935035,5880.219130218,14307
5969,13,12804004409140,15010345,5910.219379047,14307
6000,13,12871162043900,15089075,5940.220656264,14307
6031,13,12936541148640,15165720,5970.22096656,14307
6061,13,13001856277480,15242290,6000.221610987,14307
6091,13,13066570032860,15318155,6030.22275491,14307
6121,13,13130887137660,15393555,6060.223402897,14307
6151,13,13195600893040,15469420,6090.225014132,14307
6181,13,13258544648520,15543210,6120.226974143,14307
6211,13,13324030379760,15619980,6150.228262846,14307
6241,13,13388565002620,15695635,6180.229841473,14307
6271,13,13451858493020,15769835,6210.231480642,14307
6300,13,13515505983400,15844450,6240.232694876,14307
6331,13,13580010750840,15920070,6270.234250088,14307
6360,13,13643304241240,15994270,6300.234433145,14307
6390,13,13707890044820,16069985,6330.235182126,14307
6420,13,13772403342380,16145615,6360.236026242,14307
6450,13,13835863170120,16220010,6390.237393731,14307
6481,13,13901715696520,16297210,6420.239510449,14307
6511,13,13967320849440,16374120,6450.241041009,14307
6541,13,14030631400080,16448340,6480.242248122,14307
6570,13,14094295950700,16522975,6510.243682027,14307
6600,13,14158463778400,16598200,6540.245444532,14307
6630,13,14222111268780,16672815,6570.246128315,14307
6659,13,14284824711020,16746335,6600.24813965,14307
6689,13,14348403960440,16820870,6630.248934552,14307
6719,13,14412580318260,16896105,6660.249250971,14307
6748,13,14476304579720,16970810,6690.250183448,14307
6778,13,14539077732800,17044400,6720.252057101,14307
6807,13,14602887295460,17119205,6750.25372997,14307
6837,13,14667336617120,17194760,6780.255413205,14307
6867,13,14730783649680,17269140,6810.257246529,14307
6897,13,14795693597820,17345235,6840.257396515,14307
6927,13,14858893256900,17419325,6870.258683052,14307
6957,13,14923197566520,17494710,6900.259853002,14307
6986,13,14986862117140,17569345,6930.261619988,14307
7016,13,15050121487060,17643505,6960.263736239,14307
7045,13,15113444832880,17717740,6990.264959829,14307
7075,13,15176917455800,17792150,7020.266145088,14307
7105,13,15241144994340,17867445,7050.266603407,14307
7134,13,15304677328100,17941925,7080.268238804,14307
7165,13,15370623685820,18019235,7110.269763884,14307
7195,13,15434241320780,18093815,7140.270750272,14307
7228,13,15504580690300,18176275,7170.272274405,14307
7258,13,15569456517960,18252330,7200.274334061,14307
7288,13,15632988851720,18326810,7230.274425889,14307
7318,13,15698257064900,18403325,7260.275566355,14307
7348,13,15761823519140,18477845,7290.276545263,14307
7377,13,15825530720360,18552530,7320.277977118,14307
7407,13,15889276307120,18627260,7350.279689992,14307
7436,13,15952475966200,18701350,7380.279918881,14307
7466,13,16016366565000,18776250,7410.280490394,14307
7496,13,16079958609600,18850800,7440.281909522,14307
7526,13,16143874798760,18925730,7470.282970396,14307
7555,13,16207006216880,18999740,7500.28458252,14307
7584,13,16270026743440,19073620,7530.286389226,14307
7614,13,16333925872360,19148530,7560.287341405,14307
7644,13,16397496591660,19223055,7590.288505716,14307
7673,13,16460419021840,19296820,7620.290325958,14307
7703,13,16523998271260,19371355,7650.292122216,14307
7733,13,16587969906200,19446350,7680.292719711,14307
7762,13,16651092794200,19520350,7710.293396886,14307
7792,13,16714296718340,19594445,7740.294136551,14307
7821,13,16777585943680,19668640,7770.294284891,14307
7851,13,16841348590680,19743390,7800.295112367,14307
7880,13,16904484273860,19817405,7830.296920642,14307
7910,13,16968263981100,19892175,7860.297163008,14307
7940,13,17033084362980,19968165,7890.297687338,14307
7970,13,17097021877440,20043120,7920.299817184,14307
8000,13,17161219560560,20118380,7950.299882149,14307
8029,13,17224504520840,20192570,7980.29999978,14307
8059,13,17288552926860,20267655,8010.300789844,14307
8090,13,17353680393060,20344005,8040.302157692,14307
8120,13,17418151040020,20419585,8070.302477628,14307
8149,13,17481265397900,20493575,8100.304034155,14307
8179,13,17545057900320,20568360,8130.305805623,14307
8208,13,17608133872660,20642305,8160.307779162,14307
8238,13,17672719676240,20718020,8190.308758156,14307
8268,13,17736776612380,20793115,8220.310908991,14307
8299,13,17802117331580,20869715,8250.311188648,14307
8328,13,17865905568940,20944495,8280.31142181,14307
8358,13,17930529758060,21020255,8310.311625317,14307
8388,13,17994842597800,21095650,8340.312109551,14307
8418,13,18057509124380,21169115,8370.312680899,14307
8447,13,18120836735260,21243355,8400.314648739,14307
8476,13,18183469141360,21316780,8430.315072195,14307
8510,13,18255356727660,21401055,8460.316685519,14307
8540,13,18320850989020,21477835,8490.317170519,14307
8571,13,18386161852800,21554400,8520.317988576,14307
8602,13,18452061294860,21631655,8550.319916201,14307
8631,13,18515670399700,21706225,8580.321519525,14307
8661,13,18579526878020,21781085,8610.322480347,14307
8691,13,18644598898440,21857370,8640.323790631,14307
8722,13,18709649593560,21933630,8670.324755122,14307
8751,13,18773723589940,22008745,8700.326743493,14307
8781,13,18837746405600,22083800,8730.328596887,14307
8811,13,18901491992360,22158530,8760.329532401,14307
8841,13,18965988229680,22234140,8790.330198765,14307
8871,13,19029819117640,22308970,8820.331364385,14307
8900,13,19092818318900,22382825,8850.33272452,14307
8930,13,19156069158700,22456975,8880.333992449,14307
8960,13,19220475829760,22532480,8910.334059569,14307
8989,13,19284259802060,22607255,8940.334157338,14307
9019,13,19346563798540,22680295,8970.335082124,14307
9048,13,19409733602200,22754350,9000.335165677,14307
9077,13,19472801044420,22828285,9030.336504287,14307
9107,13,19535979378200,22902350,9060.336976714,14307
9137,13,19599754820380,22977115,9090.33723041,14307
9166,13,19663014190300,23051275,9120.338054185,14307
9196,13,19727352620400,23126700,9150.339574801,14307
9225,13,19790236665040,23200420,9180.340536812,14307
9255,13,19853931071080,23275090,9210.342380603,14307
9285,13,19917864320480,23350040,9240.342860978,14307
9314,13,19981051184380,23424115,9270.344335206,14307
9343,13,20043628144700,23497475,9300.344898321,14307
9373,13,20106435418260,23571105,9330.345547391,14307
9402,13,20169558306260,23645105,9360.346295052,14307
9432,13,20233738929140,23720345,9390.347511596,14307
9461,13,20296674154500,23794125,9420.349240649,14307
9491,13,20359408922040,23867670,9450.350543857,14307
9520,13,20422519014860,23941655,9480.351864839,14307
9550,13,20486511975100,24016675,9510.354062477,14307
9580,13,20550138140180,24091265,9540.354870733,14307
9609,13,20613576642620,24165635,9570.356427244,14307
9639,13,20676946904100,24239925,9600.356792626,14307
9668,13,20739937575240,24313770,9630.358157763,14307
9697,13,20802595571700,24387225,9660.359911327,14307
9727,13,20865761110300,24461275,9690.361315762,14307
9757,13,20930560166880,24537240,9720.362715758,14307
9787,13,20994207657260,24611855,9750.364494517,14307
9818,13,21062209773900,24691575,9780.365650828,14307
9848,13,21126155818480,24766540,9810.367524713,14307
9878,13,21190417477500,24841875,9840.369444013,14307
9908,13,21253881570300,24916275,9870.369886751,14307
9938,13,21319141253360,24992780,9900.371110587,14307
9969,13,21385283803840,25070320,9930.371402198,14307
9998,13,21448466402680,25144390,9960.372291809,14307
10033,13,21522089868400,25230700,9990.372609515,14307
10062,13,21585775744320,25305360,10020.373337325,14307
10092,13,21649000993760,25379480,10050.374864759,14307
10121,13,21712303014280,25453690,10080.376382736,14307
10151,13,21775502673360,25527780,10110.378403751,14307
10180,13,21839226934820,25602485,10140.380535484,14307
10210,13,21903254015540,25677545,10170.381579288,14307
10240,13,21967507144440,25752870,10200.383655029,14307
10270,13,22031355092640,25827720,10230.384982924,14307
10300,13,22095663667320,25903110,10260.386275167,14307
10330,13,22159225856500,25977625,10290.387388351,14307
10359,13,22223376623960,26052830,10320.388157768,14307
10389,13,22286815126400,26127200,10350.38902158,14307
10418,13,22349571219240,26200770,10380.390966737,14307
10448,13,22412775143380,26274865,10410.391408319,14307
10478,13,22476712657840,26349820,10440.393357126,14307
10508,13,22542014991500,26426375,10470.394443225,14307
10538,13,22605432168640,26500720,10500.395239145,14307
10567,13,22669250261420,26575535,10530.397137477,14307
10597,13,22732454185560,26649630,10560.399015804,14307
10626,13,22796012109680,26724140,10590.399349766,14307
10656,13,22859506057900,26798575,10620.400557884,14307
10685,13,22922522319400,26872450,10650.400952945,14307
10715,13,22985935231480,26946790,10680.402862775,14307
10745,13,23051075492860,27023155,10710.404488285,14307
10775,13,23115081248280,27098190,10740.405896391,14307
10805,13,23178170015800,27172150,10770.40734885,14307
10834,13,23241459241140,27246345,10800.407904178,14307
10864,13,23305021430320,27320860,10830.408343834,14307
10895,13,23371334583200,27398600,10860.408476878,14307
10925,13,23436346892780,27474815,10890.409525989,14307
10954,13,23499431395240,27548770,10920.410610464,14307
10984,13,23564153680740,27624645,10950.410850307,14307
11014,13,23627596448240,27699020,10980.412956693,14307
11044,13,23691013625380,27773365,11010.41501609,14307
11074,13,23755748706060,27849255,11040.415401185,14307
11104,13,23820419810840,27925070,11070.416763686,14307
11134,13,23885214602360,28001030,11100.417181511,14307
11164,13,23948977249360,28075780,11130.417383709,14307
11194,13,24012893438520,28150710,11160.418704799,14307
11224,13,24077329965000,28226250,11190.419136172,14307
11253,13,24141011575860,28300905,11220.420242715,14307
11283,13,24205456632460,28376455,11250.421023183,14307
11313,13,24268865279480,28450790,11280.422285845,14307
11343,13,24332602336120,28525510,11310.424147341,14307
11373,13,24397128428860,28601155,11340.425904045,14307
11403,13,24461684377020,28676835,11370.427439909,14307
11439,13,24539688059360,28768280,11400.429265538,14307
11469,13,24604141646080,28843840,11430.430972008,14307
11499,13,24668245497880,28918990,11460.432510942,14307
11529,13,24731944168980,28993665,11490.433890184,14307
11559,13,24795694020800,29068400,11520.435514356,14307
11589,13,24860139077400,29143950,11550.436910189,14307
11618,13,24923935844880,29218740,11580.437299497,14307
11648,13,24987574805140,29293345,11610.437384592,14307
11678,13,25052454897860,29369405,11640.439061127,14307
11708,13,25115449834060,29443255,11670.440614249,14307
11738,13,25179775468980,29518665,11700.440925408,14307
11768,13,25244182140040,29594170,11730.442421898,14307
11797,13,25308375558100,29669425,11760.443091364,14307
11827,13,25372487940020,29744585,11790.445050014,14307
11857,13,25436493695440,29819620,11820.446703372,14307
11887,13,25500030294260,29894105,11850.446784617,14307
11917,13,25564236507500,29969375,11880.447616771,14307
11948,13,25630907925420,30047535,11910.448042841,14307
11978,13,25695698451880,30123490,11940.448433112,14307
12008,13,25759512279600,30198300,11970.448608562,14307
12037,13,25822690613380,30272365,12000.448805952,14307
12067,13,25886849910960,30347580,12030.45056106,14307
12097,13,25951580726580,30423465,12060.452385985,14307
12127,13,26015829590420,30498785,12090.453754921,14307
12157,13,26080240526540,30574295,12120.455904502,14307
12187,13,26143299438640,30648220,12150.457851233,14307
12216,13,26206247459180,30722015,12180.459426385,14307
12245,13,26269114443580,30795715,12210.461127053,14307
12275,13,26332335427960,30869830,12240.461408852,14307
12304,13,26395513761740,30943895,12270.461930605,14307
12333,13,26458274119640,31017470,12300.463096257,14307
12363,13,26521141104040,31091170,12330.464946163,14307
12392,13,26584029413740,31164895,12360.465552785,14307
12422,13,26647352759560,31239130,12390.46578293,14307
12452,13,26711529117380,31314365,12420.467062433,14307
12482,13,26776562752260,31390605,12450.468713331,14307
12512,13,26841553736540,31466795,12480.469829265,14307
12542,13,26905802600380,31542115,12510.46992507,14307
12573,13,26971254211140,31618845,12540.470099104,14307
12603,13,27036164159280,31694940,12570.470817792,14307
12632,13,27099606926780,31769315,12600.471608525,14307
12662,13,27163459140040,31844170,12630.472681712,14307
12693,13,27228910750800,31920900,12660.473334609,14307
12722,13,27292775759240,31995770,12690.474763663,14307
12752,13,27356849755620,32070885,12720.475986001,14307
12784,13,27423998860260,32149605,12750.477675676,14307
12815,13,27490495410720,32227560,12780.479196127,14307
12844,13,27554292178200,32302350,12810.479364464,14307
12874,13,27618801210700,32377975,12840.479413367,14307
12904,13,27682316484220,32452435,12870.48115909,14307
12934,13,27747051564900,32528325,12900.481275539,14307
12964,13,27810976284180,32603265,12930.482869712,14307
12994,13,27875562087760,32678980,12960.483285236,14307
13024,13,27939734180520,32754210,12990.483488811,14307
13054,13,28004307188920,32829910,13020.484374055,14307
13085,13,28070274871940,32907245,13050.486125877,14307
13115,13,28134997157440,32983120,13080.486601766,14307
13145,13,28200269635680,33059640,13110.487966116,14307
13180,13,28274848474840,33147070,13140.488139959,14307
13212,13,28342692784260,33226605,13170.488705234,14307
13245,13,28413684707960,33309830,13200.48998701,14307
13277,13,28482347908900,33390325,13230.490837173,14307
13312,13,28557093085400,33477950,13260.493036209,14307
13343,13,28623465949120,33555760,13290.494396791,14307
13378,13,28698518209940,33643745,13320.495778917,14307
13409,13,28766200447080,33723090,13350.496429577,14307
13440,13,28833149093900,33801575,13380.498377233,14307
13471,13,28898984560060,33878755,13410.498787583,14307
13503,13,28966355447820,33957735,13440.499926399,14307
13534,13,29033252913920,34036160,13470.500187212,14307
13565,13,29101144139000,34115750,13500.500293192,14307
13596,13,29167120352140,34193095,13530.500564848,14307
13628,13,29234789794100,34272425,13560.501497553,14307
13659,13,29302126561380,34351365,13590.503505999,14307
13690,13,29368431184140,34429095,13620.503987719,14307
13722,13,29436075035740,34508395,13650.50509208,14307
13752,13,29502072574180,34585765,13680.50528463,14307
13784,13,29569716425780,34665065,13710.5068425,14307
13815,13,29636332397920,34743160,13740.507229747,14307
13846,13,29702389647200,34820600,13770.508764762,14307
13879,13,29774127956400,34904700,13800.508864508,14307
13910,13,29840193735800,34982150,13830.510514249,14307
13942,13,29908106286180,35061765,13860.511913585,14307
13974,13,29977059511200,35142600,13890.513666696,14307
14007,13,30048524856560,35226380,13920.513943488,14307
14046,13,30132734201200,35325100,13950.514207355,14307
14085,13,30216137449500,35422875,13980.514817928,14307
14145,13,30344733273560,35573630,14010.51512211,14307
14238,13,30543877455080,35807090,14040.516052152,14307
31,14,64799056580,75965,30.000655211,14307
61,14,128915703560,151130,60.001777893,14307
91,14,194030374580,227465,90.002017454,14307
122,14,259861575680,304640,120.003283133,14307
152,14,324417523840,380320,150.003708241,14307
182,14,388781544300,455775,180.005767765,14307
212,14,453742673160,531930,210.006745602,14307
242,14,518098163500,607375,240.008010793,14307
272,14,582440858660,682805,270.008834843,14307
302,14,646898710440,758370,300.010142444,14307
332,14,711403477880,833990,330.010567262,14307
362,14,775763233280,909440,360.01203721,14307
392,14,839960916400,984700,390.013100056,14307
422,14,904111683860,1059905,420.01357245,14307
452,14,968352017580,1135215,450.014606158,14307
482,14,1032933556100,1210925,480.016016802,14307
514,14,1101519985960,1291330,510.016496744,14307
544,14,1166549355780,1367565,540.016549295,14307
574,14,1230776894320,1442860,570.017348823,14307
605,14,1297196673700,1520725,600.017668995,14307
638,14,1366657440860,1602155,630.018022684,14307
668,14,1431256039620,1677885,660.019024938,14307
698,14,1495453722740,1753145,690.020120269,14307
728,14,1559864658860,1828655,720.020744036,14307
757,14,1623968510660,1903805,750.021097432,14307
787,14,1688029711860,1978905,780.022277425,14307
817,14,1751655876940,2053495,810.022828386,14307
847,14,1815938861260,2128855,840.023908325,14307
877,14,1880179194980,2204165,870.024219531,14307
907,14,1944892950360,2280030,900.025670981,14307
937,14,2009662151520,2355960,930.025877245,14307
967,14,2074316196060,2431755,960.026464451,14307
997,14,2138842288800,2507400,990.027779733,14307
1028,14,2203453682740,2583145,1020.029456952,14307
1058,14,2268495847740,2659395,1050.031230355,14307
1088,14,2332817217600,2734800,1080.032803466,14307
1118,14,2396972250120,2810010,1110.033155283,14307
1148,14,2461536728400,2885700,1140.033441004,14307
1179,14,2528323302940,2963995,1170.033688192,14307
1209,14,2592866455920,3039660,1200.034588094,14307
1239,14,2657388283600,3115300,1230.035293596,14307
1269,14,2721790689600,3190800,1260.036672104,14307
1299,14,2785898806460,3265955,1290.038227146,14307
1329,14,2850092224520,3341210,1320.039694925,14307
1359,14,2914780389540,3417045,1350.041328811,14307
1389,14,2979093229280,3492440,1380.041403821,14307
1419,14,3043696093100,3568175,1410.041483328,14307
1449,14,3107949222000,3643500,1440.042778845,14307
1479,14,3172419868960,3719080,1470.044333721,14307
1509,14,3237009937600,3794800,1500.045316755,14307
1539,14,3301536030340,3870445,1530.047021052,14307
1572,14,3370664122820,3951485,1560.047086817,14307
1602,14,3434682673420,4026535,1590.047509623,14307
1631,14,3498603127640,4101470,1620.048991484,14307
1661,14,3562992738460,4176955,1650.049457091,14307
1691,14,3626832156540,4251795,1680.050521511,14307
1721,14,3691153526400,4327200,1710.051208224,14307
1754,14,3760823281500,4408875,1740.051578021,14307
1783,14,3824931398360,4484030,1770.051857941,14307
1813,14,3889406310380,4559615,1800.052977428,14307
1844,14,3954269342860,4635655,1830.054694403,14307
1874,14,4019379748820,4711985,1860.056627309,14307
1905,14,4084976371620,4788885,1890.058447988,14307
1935,14,4149694392060,4864755,1920.05965033,14307
1965,14,4214480653460,4940705,1950.059705084,14307
1995,14,4279480167860,5016905,1980.059965772,14307
2025,14,4344134212400,5092700,2010.0608256,14307
2056,14,4408971654520,5168710,2040.061962368,14307
2086,14,4473723795440,5244620,2070.063251189,14307
2116,14,4538224297820,5320235,2100.064664725,14307
2146,14,4602814366460,5395955,2130.065997134,14307
2176,14,4667749904960,5472080,2160.067347111,14307
2207,14,4732668383220,5548185,2190.068050114,14307
2238,14,4800367680600,5627550,2220.069787363,14307
2268,14,4864821267320,5703110,2250.070664361,14307
2299,14,4930051094960,5779580,2280.070917194,14307
2328,14,4994312753980,5854915,2310.071245034,14307
2359,14,5059397569580,5931215,2340.072209162,14307
2389,14,5123416120180,6006265,2370.074076738,14307
2419,14,5188193851460,6082205,2400.074467017,14307
2449,14,5253338377900,6158575,2430.076252574,14307
2479,14,5317472085120,6233760,2460.07671745,14307
2509,14,5381925671840,6309320,2490.07681222,14307
2539,14,5445893041720,6384310,2520.076958656,14307
2569,14,5509979833280,6459440,2550.077233642,14307
2599,14,5574749034440,6535370,2580.07830128,14307
2629,14,5639467054880,6611240,2610.078600253,14307
2660,14,5705306786100,6688425,2640.079944179,14307
2690,14,5769598300540,6763795,2670.080188034,14307
2720,14,5834132923400,6839450,2700.080591526,14307
2750,14,5898279425800,6914650,2730.081613672,14307
2780,14,5963146723340,6990695,2760.082235586,14307
2811,14,6030321418340,7069445,2790.083925721,14307
2843,14,6098583703640,7149470,2820.084395514,14307
2874,14,6163600278280,7225690,2850.084831811,14307
2904,14,6228834370980,7302165,2880.086862881,14307
2934,14,6293765644420,7378285,2910.088658509,14307
2965,14,6358991207000,7454750,2940.089831261,14307
2996,14,6425257444220,7532435,2970.091047025,14307
3026,14,6490444621260,7608855,3000.091348804,14307
3056,14,6554778786300,7684275,3030.091791703,14307
3086,14,6619321939280,7759940,3060.091900177,14307
3116,14,6683583598300,7835275,3090.092615287,14307
3146,14,6747986004300,7910775,3120.092935855,14307
3176,14,6813092145200,7987100,3150.09347736,14307
3207,14,6878432864400,8063700,3180.094158588,14307
3237,14,6944276860680,8140890,3210.094618693,14307
3268,14,7008888254620,8216635,3240.095712954,14307
3298,14,7073559359400,8292450,3270.096905361,14307
3328,14,7138204873820,8368235,3300.097072958,14307
3358,14,7203038050880,8444240,3330.097365789,14307
3388,14,7267930938780,8520315,3360.09810813,14307
3418,14,7332401585740,8595895,3390.099268615,14307
3449,14,7397111076060,8671755,3420.09981255,14307
3479,14,7461654229040,8747420,3450.101281578,14307
3509,14,7526201647080,8823090,3480.102429459,14307
3539,14,7590535812120,8898510,3510.103091404,14307
3568,14,7654332579600,8973300,3540.104942075,14307
3598,14,7718803226560,9048880,3570.105797336,14307
3629,14,7784242042140,9125595,3600.107317,14307
3659,14,7848823580660,9201305,3630.109315581,14307
3689,14,7913788974580,9277465,3660.110206342,14307
3719,14,7978430223940,9353245,3690.1106502,14307
3750,14,8043237810640,9429220,3720.112427706,14307
3780,14,8107188120280,9504190,3750.113651566,14307
3810,14,8171803779280,9579940,3780.115276729,14307
3839,14,8235737028680,9654890,3810.116460626,14307
3870,14,8300322832260,9730605,3840.116996892,14307
3899,14,8364614346700,9805975,3870.117730336,14307
3929,14,8428812029820,9881235,3900.118596342,14307
3959,14,8493176050280,9956690,3930.119405718,14307
3989,14,8557343877980,10031915,3960.11954273,14307
4019,14,8621831585180,10107515,3990.120917593,14307
4049,14,8686199870700,10182975,4020.121623964,14307
4079,14,8750098999620,10257885,4050.122833491,14307
4109,14,8814198586360,10333030,4080.124690069,14307
4139,14,8878362149000,10408250,4110.125337011,14307
4169,14,8942517181520,10483460,4140.127251122,14307
4199,14,9006471756220,10558435,4170.128167935,14307
4228,14,9070255728520,10633210,4200.128211865,14307
4259,14,9134828736920,10708910,4230.128982314,14307
4289,14,9199307914000,10784500,4260.130951459,14307
4319,14,9263940633240,10860270,4290.131416145,14307
4349,14,9328445400680,10935890,4320.132321118,14307
4379,14,9393952457220,11012685,4350.134166664,14307
4410,14,9459489369180,11089515,4380.135483742,14307
4440,14,9524356666720,11165560,4410.137079553,14307
4470,14,9589364711240,11241770,4440.13770849,14307
4500,14,9653570924480,11317040,4470.138353721,14307
4530,14,9717696101580,11392215,4500.13923647,14307
4560,14,9782153953360,11467780,4530.139517047,14307
4590,14,9846599009960,11543330,4560.139607762,14307
4620,14,9910907584640,11618720,4590.139861067,14307
4650,14,9975344111120,11694260,4620.140403747,14307
4680,14,10039494878580,11769465,4650.140613178,14307
4710,14,10103534754480,11844540,4680.14146967,14307
4740,14,10167702582180,11919765,4710.142738663,14307
4770,14,10231921590600,11995050,4740.14376127,14307
4800,14,10295867635180,12070015,4770.144388843,14307
4830,14,10360287101420,12145535,4800.145496549,14307
4860,14,10425781362780,12222315,4830.14579177,14307
4890,14,10490188033840,12297820,4860.147772575,14307
4920,14,10554232174800,12372900,4890.149365306,14307
4950,14,10618382942260,12448105,4920.150267625,14307
4980,14,10683429372320,12524360,4950.150801765,14307
5010,14,10747708091580,12599715,4980.151104027,14307
5041,14,10813112786680,12676390,5010.151675995,14307
5071,14,10877719915560,12752130,5040.153445703,14307
5101,14,10942484851660,12828055,5070.153522523,14307
5131,14,11006554582980,12903165,5100.155387878,14307
5161,14,11071370699800,12979150,5130.156259425,14307
5191,14,11135547057620,13054385,5160.157589851,14307
5221,14,11200290668420,13130285,5190.158626594,14307
5252,14,11265204881620,13206385,5220.160134996,14307
5282,14,11330038058680,13282390,5250.162070478,14307
5312,14,11394726223700,13358225,5280.162859668,14307
5342,14,11459124364640,13433720,5310.164466811,14307
5372,14,11523509710400,13509200,5340.165522583,14307
5402,14,11587622092320,13584360,5370.166806832,14307
5433,14,11655236088500,13663625,5400.167490446,14307
5464,14,11720231337840,13739820,5430.169373536,14307
5495,14,11786830249740,13817895,5460.170012564,14307
5525,14,11851731667760,13893980,5490.171251356,14307
5555,14,11916172459300,13969525,5520.172611359,14307
5585,14,11980097178580,14044465,5550.173636216,14307
5615,14,12044388693020,14119835,5580.173685595,14307
5645,14,12109541749580,14196215,5610.173751268,14307
5675,14,12173807673660,14271555,5640.174678601,14307
5705,14,12238615260360,14347530,5670.174743397,14307
5735,14,12303026196480,14423040,5700.175071988,14307
5765,14,12367304915740,14498395,5730.176690193,14307
5795,14,12431771297640,14573970,5760.178340519,14307
5825,14,12496041486780,14649315,5790.178982976,14307
5855,14,12560678471080,14725090,5820.181023122,14307
5885,14,12625089407200,14800600,5850.181545541,14307
5916,14,12690933403480,14877790,5880.18282221,14307
5946,14,12755455231160,14953430,5910.183994411,14307
5976,14,12819930143180,15029015,5940.184893356,14307
6006,14,12884234452800,15104400,5970.186820949,14307
6037,14,12949745774400,15181200,6000.188471897,14307
6067,14,13014659987600,15257300,6030.189299437,14307
6097,14,13079245791180,15333015,6060.189495112,14307
6127,14,13144373257380,15409365,6090.190858213,14307
6158,14,13208826844100,15484925,6120.190969522,14307
6187,14,13273101298300,15560275,6150.191722826,14307
6218,14,13338066692220,15636435,6180.193519279,14307
6248,14,13403616399360,15713280,6210.19454905,14307
6279,14,13468654299300,15789525,6240.196509549,14307
6309,14,13533197452280,15865190,6270.196998023,14307
6339,14,13597834436580,15940965,6300.1981747,14307
6369,14,13663021613620,16017385,6330.198522609,14307
6400,14,13728528670160,16094180,6360.199373535,14307
6430,14,13793643341180,16170515,6390.199919592,14307
6461,14,13860092975980,16248415,6420.200575709,14307
6492,14,13926401863800,16326150,6450.200718367,14307
6522,14,13990689113180,16401515,6480.202192614,14307
6552,14,14055309037240,16477270,6510.202964873,14307
6582,14,14119651732400,16552700,6540.204307892,14307
6612,14,14184437993800,16628650,6570.205891747,14307
6644,14,14251834471920,16707660,6600.207590488,14307
6673,14,14315533143020,16782335,6630.207746813,14307
6704,14,14380182922500,16858125,6660.209309536,14307
6733,14,14444427521280,16933440,6690.210410259,14307
6763,14,14508454602000,17008500,6720.211977799,14307
6793,14,14573155562200,17084350,6750.212968831,14307
6824,14,14638116691060,17160505,6780.214385062,14307
6854,14,14702591603080,17236090,6810.215913452,14307
6884,14,14767215792200,17311850,6840.217964569,14307
6914,14,14831592607840,17387320,6870.218496932,14307
6945,14,14897150845100,17464175,6900.220124182,14307
6975,14,14962316696840,17540570,6930.221537415,14307
7005,14,15026710572720,17616060,6960.221659227,14307
7035,14,15090767508860,17691155,6990.223052774,14307
7065,14,15155208300400,17766700,7020.223756502,14307
7095,14,15219487019660,17842055,7050.225938876,14307
7125,14,15284021642520,17917710,7080.226066734,14307
7155,14,15348603181040,17993420,7110.227475656,14307
7185,14,15413022647280,18068940,7140.22914432,14307
7215,14,15477463438820,18144485,7170.230941918,14307
7245,14,15542838278500,18221125,7200.231958195,14307
7275,14,15607095672460,18296455,7230.233733738,14307
7306,14,15671715596520,18372210,7260.234782266,14307
7336,14,15736224629020,18447835,7290.235204605,14307
7366,14,15800691010920,18523410,7320.237003563,14307
7396,14,15864969730180,18598765,7350.238497062,14307
7425,14,15928962690420,18673785,7380.240028183,14307
7456,14,15993420542200,18749350,7410.241543928,14307
7485,14,16057383647020,18824335,7440.241676901,14307
7515,14,16121470438580,18899465,7470.241786605,14307
7545,14,16185190434980,18974165,7500.24334428,14307
7575,14,16248927491620,19048885,7530.243888651,14307
7605,14,16313069728960,19124080,7560.244537137,14307
7634,14,16377216231360,19199280,7590.246239777,14307
7664,14,16441341408460,19274455,7620.24654828,14307
7694,14,16505782200000,19350000,7650.247601613,14307
7724,14,16570282702380,19425615,7680.248248976,14307
7754,14,16634650987900,19501075,7710.248696626,14307
7784,14,16698166261420,19575535,7740.250629198,14307
7814,14,16762466305980,19650915,7770.252434584,14307
7844,14,16827009458960,19726580,7800.253194701,14307
7874,14,16891318033640,19801970,7830.253901298,14307
7904,14,16955396295080,19877090,7860.254758992,14307
7934,14,17020579207060,19953505,7890.255405699,14307
7965,14,17085595781700,20029725,7920.255995417,14307
7994,14,17149729488920,20104910,7950.256835975,14307
8025,14,17214217196120,20180510,7980.257391677,14307
8055,14,17278696373200,20256100,8010.257597903,14307
8085,14,17342906851500,20331375,8040.25905,14307
8114,14,17407134390040,20406670,8070.259297817,14307
8145,14,17471630627360,20482280,8100.259431693,14307
8175,14,17536224961060,20558005,8130.259894668,14307
8205,14,17600482355020,20633335,8160.260248019,14307
8235,14,17665260086300,20709275,8190.260581557,14307
8265,14,17729777648920,20784910,8220.262640514,14307
8295,14,17794261091060,20860505,8250.263891561,14307
8325,14,17858437448880,20935740,8280.264899728,14307
8355,14,17923082963300,21011525,8310.265577555,14307
8385,14,17987293441600,21086800,8340.26751408,14307
8414,14,18050685028380,21161115,8370.268878221,14307
8444,14,18114784615120,21236260,8400.270621286,14307
8474,14,18178359599480,21310790,8430.272400344,14307
8504,14,18242762005480,21386290,8460.27244798,14307
8534,14,18306959688600,21461550,8490.272974119,14307
8564,14,18371908022280,21537690,8520.273483342,14307
8595,14,18436988572820,21613985,8550.275004096,14307
8625,14,18501958231800,21690150,8580.275751957,14307
8655,14,18566403288400,21765700,8610.276296662,14307
8689,14,18639659958960,21851580,8640.278130035,14307
8719,14,18704714919140,21927845,8670.280144355,14307
8750,14,18769454264880,22003740,8700.280977919,14307
8780,14,18834193610620,22079635,8730.282273124,14307
8810,14,18898672787700,22155225,8760.28261124,14307
8841,14,18964721506860,22232655,8790.283097468,14307
8871,14,19029213479120,22308260,8820.283915375,14307
8901,14,19093850463420,22384035,8850.285573614,14307
8931,14,19158286989900,22459575,8880.287360132,14307
8961,14,19223086046480,22535540,8910.289443531,14307
8991,14,19288277488580,22611965,8940.290555869,14307
9021,14,19352048665700,22686725,8970.292130962,14307
9051,14,19416685650000,22762500,9000.293418869,14307
9081,14,19481305574060,22838255,9030.294161782,14307
9111,14,19545541642720,22913560,9060.295752966,14307
9142,14,19611829205240,22991270,9090.295979802,14307
9172,14,19675937322100,23066425,9120.29614965,14307
9203,14,19741487029240,23143270,9150.296650877,14307
9232,14,19805573820800,23218400,9180.297267795,14307
9262,14,19869639287060,23293505,9210.298506409,14307
9292,14,19933738873800,23368650,9240.299133901,14307
9322,14,19997697713560,23443630,9270.300181416,14307
9352,14,20061042384680,23517890,9300.300964347,14307
9381,14,20124532067840,23592320,9330.301154336,14307
9411,14,20188239269060,23667005,9360.302831949,14307
9441,14,20253008470220,23742935,9390.303512184,14307
9471,14,20317653984640,23818720,9420.303932533,14307
9501,14,20381941234020,23894085,9450.305442807,14307
9531,14,20446092001480,23969290,9480.306764809,14307
9561,14,20510366455680,24044640,9510.306883619,14307
9591,14,20574670765300,24120025,9540.307670116,14307
9621,14,20639222448400,24195700,9570.308606599,14307
9651,14,20703774131500,24271375,9600.309933461,14307
9681,14,20768214923040,24346920,9630.311326938,14307
9712,14,20835146509620,24425385,9660.312983634,14307
9743,14,20899992481860,24501405,9690.313358329,14307
9773,14,20964974936020,24577585,9720.314969321,14307
9803,14,21030059751620,24653885,9750.316508235,14307
9833,14,21094526133520,24729460,9780.318074728,14307
9863,14,21158941334700,24804975,9810.318925003,14307
9893,14,21223659355140,24880845,9840.320724887,14307
9924,14,21288390170760,24956730,9870.321904379,14307
9954,14,21353027155060,25032505,9900.322849771,14307
9984,14,21417881657420,25108535,9930.32324355,14307
10014,14,21482616738100,25184425,9960.324805287,14307
10046,14,21550746806540,25264295,9990.325163452,14307
10077,14,21616322104040,25341170,10020.326143597,14307
10107,14,21681040124480,25417040,10050.326210981,14307
10137,14,21745877566600,25493050,10080.327688938,14307
10167,14,21811265201460,25569705,10110.328199975,14307
10197,14,21875049173760,25644480,10140.328349098,14307
10227,14,21939643507460,25720205,10170.329164616,14307
10258,14,22005406467600,25797300,10200.330294877,14307
10288,14,22069672391680,25872640,10230.330829958,14307
10318,14,22133887135040,25947920,10260.332249738,14307
10348,14,22198583830180,26023765,10290.333413391,14307
10378,14,22263190959060,26099505,10320.333547221,14307
10408,14,22327235100020,26174585,10350.33455893,14307
10438,14,22391236590380,26249615,10380.33584172,14307
10468,14,22455221020500,26324625,10410.33738805,14307
10503,14,22531215859580,26413715,10440.337441975,14307
10533,14,22595780337860,26489405,10470.338490635,14307
10563,14,22660489828180,26565265,10500.339931522,14307
10593,14,22725079896820,26640985,10530.341693717,14307
10623,14,22789674230520,26716710,10560.342205692,14307
10654,14,22854174732900,26792325,10590.344292878,14307
10684,14,22918632584680,26867890,10620.344739101,14307
10714,14,22982907038880,26943240,10650.344983265,14307
10743,14,23047177228020,27018585,10680.346102144,14307
10774,14,23111677730400,27094200,10710.346953541,14307
10804,14,23176075871340,27169695,10740.347159773,14307
10834,14,23240397241200,27245100,10770.348793941,14307
10863,14,23304445647220,27320185,10800.349346922,14307
10895,14,23371765354260,27399105,10830.351157944,14307
10926,14,23438790772160,27477680,10860.352002196,14307
10959,14,23508686575440,27559620,10890.352609288,14307
10989,14,23573835366940,27635995,10920.352667385,14307
11019,14,23638988423500,27712375,10950.354549217,14307
11049,14,23703680853580,27788215,10980.356467938,14307
11079,14,23767980898140,27863595,11010.356508127,14307
11110,14,23832502725820,27939235,11040.356851184,14307
11140,14,23897114119760,28014980,11070.358016521,14307
11170,14,23961661537800,28090650,11100.358435797,14307
11200,14,24026835919660,28167055,11130.360596348,14307
11230,14,24091323626860,28242655,11160.362475988,14307
11260,14,24155879575020,28318335,11190.364087429,14307
11290,14,24220426993060,28394005,11220.36581969,14307
11321,14,24285085302660,28469805,11250.366996202,14307
11351,14,24350814142320,28546860,11280.36797077,14307
11382,14,24416717849440,28624120,11310.369416655,14307
11412,14,24481708833720,28700310,11340.369993254,14307
11442,14,24546315962600,28776050,11370.371659966,14307
11472,14,24610492320420,28851285,11400.373500726,14307
11502,14,24674856340880,28926740,11430.375406502,14307
11532,14,24739207566160,29002180,11460.375811939,14307
11562,14,24803183466160,29077180,11490.376168672,14307
11593,14,24869526474460,29154955,11520.377421812,14307
11623,14,24933638856380,29230115,11550.378197218,14307
11653,14,24997712852760,29305230,11580.379140336,14307
11683,14,25062106728640,29380720,11610.380549675,14307
11713,14,25126735182820,29456485,11640.380601103,14307
11743,14,25190787853900,29531575,11670.380765954,14307
11773,14,25254930091240,29606770,11700.381670371,14307
11802,14,25319008352680,29681890,11730.383556753,14307
11833,14,25383922565880,29757990,11760.384795738,14307
11863,14,25448670441740,29833895,11790.385089802,14307
11893,14,25513153883880,29909490,11820.38678167,14307
11923,14,25578008386240,29985520,11850.388392754,14307
11953,14,25643003635580,30061715,11880.388888746,14307
11984,14,25708079921060,30138005,11910.390678518,14307
12016,14,25777694230380,30219615,11940.390795956,14307
12046,14,25842071046020,30295085,11970.391764639,14307
12076,14,25906400946000,30370500,12000.393083337,14307
12106,14,25971025135120,30446260,12030.39406922,14307
12137,14,26036847806100,30523425,12060.394425175,14307
12167,14,26102077633740,30599895,12090.395413069,14307
12198,14,26167635871000,30676750,12120.396762057,14307
12228,14,26231739722800,30751900,12150.397818016,14307
12258,14,26295847839660,30827055,12180.398525156,14307
12287,14,26359414293900,30901575,12210.398778523,14307
12317,14,26423304892700,30976475,12240.399828987,14307
12347,14,26486803105980,31050915,12270.401641194,14307
12376,14,26550514572260,31125605,12300.402957563,14307
12406,14,26614332665040,31200420,12330.403282929,14307
12436,14,26678496227680,31275640,12360.405017429,14307
12466,14,26743086296320,31351360,12390.405861642,14307
12497,14,26808213762520,31427710,12420.407065387,14307
12527,14,26873417999800,31504150,12450.408814753,14307
12558,14,26939398478000,31581500,12480.408919688,14307
12588,14,27003950161100,31657175,12510.410259737,14307
12618,14,27068864374300,31733275,12540.410690156,14307
12648,14,27133279575480,31808790,12570.412047791,14307
12678,14,27197630800760,31884230,12600.41253785,14307
12708,14,27262242194700,31959975,12630.413685565,14307
12738,14,27326857853700,32035725,12660.413961781,14307
12768,14,27391486307880,32111490,12690.415127591,14307
12799,14,27456566858420,32187785,12720.415865192,14307
12829,14,27521344589700,32263725,12750.417486333,14307
12859,14,27586096730620,32339635,12780.419350419,14307
12890,14,27651215666700,32415975,12810.420249006,14307
12920,14,27716189590740,32492145,12840.420606946,14307
12950,14,27781150719600,32568300,12870.42235822,14307
12981,14,27846363487000,32644750,12900.422483912,14307
13011,14,27912510302540,32722295,12930.424034908,14307
13042,14,27977983238600,32799050,12960.425775458,14307
13072,14,28043434849360,32875780,12990.427097503,14307
13103,14,28109918604640,32953720,13020.428032888,14307
13134,14,28175229468420,33030285,13050.428545256,14307
13164,14,28241047874340,33107445,13080.429032297,14307
13195,14,28307032617600,33184800,13110.429880389,14307
13226,14,28373243409040,33262420,13140.430538584,14307
13257,14,28440315742600,33341050,13170.430562271,14307
13289,14,28509085570040,33421670,13200.431456216,14307
13321,14,28577254024020,33501585,13230.432659653,14307
13352,14,28643277152820,33578985,13260.43336995,14307
13383,14,28710485968300,33657775,13290.434966738,14307
13417,14,28782313843760,33741980,13320.436978613,14307
13448,14,28849514129120,33820760,13350.439049725,14307
13479,14,28916586462680,33899390,13380.439394785,14307
13511,14,28983884844420,33978285,13410.439619108,14307
13542,14,29051976527320,34058110,13440.441160188,14307
13574,14,29119569198200,34137350,13470.442403792,14307
13606,14,29187456158220,34216935,13500.442503833,14307
13637,14,29255633142320,34296860,13530.443204091,14307
13669,14,29323511572220,34376435,13560.44394465,14307
13701,14,29391658700900,34456325,13590.444446878,14307
13732,14,29459366528400,34535700,13620.445128534,14307
13764,14,29527193777580,34615215,13650.445771574,14307
13796,14,29594991171340,34694695,13680.446328287,14307
13827,14,29662694733780,34774065,13710.446370058,14307
13859,14,29730568898620,34853635,13740.446662088,14307
13890,14,29798349232140,34933095,13770.447243573,14307
13922,14,29865933372900,35012325,13800.448751101,14307
13954,14,29934131682300,35092275,13830.449648578,14307
13986,14,30003328015740,35173395,13860.450913507,14307
14017,14,30070413144480,35252040,13890.451368373,14307
14048,14,30136517309420,35329535,13920.452842842,14307
14081,14,30208212968020,35413585,13950.453836344,14307
14120,14,30289880336900,35509325,13980.455058076,14307
14170,14,30397210571800,35635150,14010.455833269,14307
14219,14,30504378734420,35760785,14040.456604554,14307
32,15,66846285380,78365,30.000902146,14307
62,15,131282811860,153905,60.002268913,14307
94,15,200001458580,234465,90.003367626,14307
125,15,266139744000,312000,120.003984879,14307
155,15,331105137920,388160,150.004176051,14307
185,15,395874339080,464090,180.00599827,14307
216,15,462503106400,542200,210.007730662,14307
246,15,527711608740,618645,240.00864397,14307
277,15,593807243560,696130,270.009944781,14307
308,15,659246059140,772845,300.01030502,14307
341,15,730220922600,856050,330.011615311,14307
371,15,795310003260,932355,360.012169977,14307
402,15,861333132060,1009755,390.013131836,14307
432,15,926196164540,1085795,420.014382214,14307
463,15,992543437900,1163575,450.014679747,14307
493,15,1057619723380,1239865,480.016612009,14307
524,15,1123246201600,1316800,510.017567189,14307
555,15,1188787378620,1393635,540.019451889,14307
585,15,1252997856920,1468910,570.020477181,14307
615,15,1318820527900,1546075,600.021139025,14307
646,15,1383901078440,1622370,630.02123702,14307
676,15,1449885821700,1699725,660.021992318,14307
707,15,1515678637260,1776855,690.022970221,14307
737,15,1580780513100,1853175,720.023113549,14307
767,15,1645421762460,1928955,750.024025042,14307
798,15,1709994770860,2004655,780.024777934,14307
827,15,1774166863620,2079885,810.025025091,14307
858,15,1839661124980,2156665,840.025265387,14307
892,15,1911749169100,2241175,870.027004533,14307
923,15,1979320514680,2320390,900.027760197,14307
954,15,2045787209720,2398310,930.028902991,14307
985,15,2111319856620,2475135,960.02981315,14307
1015,15,2176225539700,2551225,990.031083672,14307
1045,15,2241071511940,2627245,1020.032024207,14307
1075,15,2305947339600,2703300,1050.032279882,14307
1106,15,2372162396100,2780925,1080.033566528,14307
1136,15,2436952922560,2856880,1110.033993924,14307
1167,15,2503406822420,2934785,1140.034630537,14307
1198,15,2568645180180,3011265,1170.035174669,14307
1228,15,2633525272900,3087325,1200.03562403,14307
1258,15,2698324329480,3163290,1230.036833911,14307
1289,15,2763315313760,3239480,1260.037370626,14307
1319,15,2827773165540,3315045,1290.039274681,14307
1351,15,2897515426660,3396805,1320.041046394,14307
1381,15,2962608772380,3473115,1350.043013442,14307
1413,15,3030141732420,3552285,1380.044163619,14307
1443,15,3094544138420,3627785,1410.045820753,14307
1473,15,3159347460060,3703755,1440.045921115,14307
1504,15,3224551697340,3780195,1470.046477302,14307
1534,15,3290553500840,3857570,1500.047006435,14307
1565,15,3356887979020,3935335,1530.047661545,14307
1596,15,3422053830760,4011730,1560.048641891,14307
1627,15,3490149778720,4091560,1590.050076085,14307
1657,15,3554795293140,4167345,1620.052240572,14307
1688,15,3619432277440,4243120,1650.052400846,14307
1717,15,3683344201540,4318045,1680.052937366,14307
1748,15,3748970679760,4394980,1710.054191727,14307
1779,15,3814695254360,4472030,1740.05572938,14307
1809,15,3879093395300,4547525,1770.056403801,14307
1839,15,3943602427800,4623150,1800.058357651,14307
1869,15,4008879171100,4699675,1830.059418879,14307
1900,15,4074117528860,4776155,1860.061192589,14307
1930,15,4138848344480,4852040,1890.063097247,14307
1960,15,4203532244440,4927870,1920.063972555,14307
1990,15,4268642650400,5004200,1950.065013448,14307
2021,15,4334183827420,5081035,1980.066719426,14307
2052,15,4401294546520,5159710,2010.066777721,14307
2084,15,4470525000440,5240870,2040.067472349,14307
2115,15,4535251551000,5316750,2070.068036295,14307
2145,15,4600681836460,5393455,2100.069355343,14307
2175,15,4665459567740,5469395,2130.071039824,14307
2206,15,4730719250800,5545900,2160.072113906,14307
2236,15,4795885102540,5622295,2190.072972457,14307
2267,15,4862095893980,5699915,2220.07451641,14307
2301,15,4935885697040,5786420,2250.075334978,14307
2332,15,5002565645080,5864590,2280.07664905,14307
2363,15,5068000195600,5941300,2310.077318422,14307
2394,15,5135605661660,6020555,2340.078848619,14307
2424,15,5199739368880,6095740,2370.079117738,14307
2454,15,5264316642340,6171445,2400.079185814,14307
2485,15,5329247915780,6247565,2430.079317815,14307
2515,15,5394584369920,6324160,2460.079697239,14307
2546,15,5461251522780,6402315,2490.081055211,14307
2577,15,5526878001000,6479250,2520.081691186,14307
2610,15,5598147153600,6562800,2550.082236677,14307
2640,15,5662762812600,6638550,2580.083182686,14307
2670,15,5727378471600,6714300,2610.084093026,14307
2702,15,5795086299100,6793675,2640.08552243,14307
2733,15,5861727861600,6871800,2670.086015329,14307
2763,15,5926996074780,6948315,2700.087500878,14307
2793,15,5991786601240,7024270,2730.08827776,14307
2824,15,6058048573400,7101950,2760.089207277,14307
2855,15,6124289220260,7179605,2790.090760455,14307
2886,15,6189672590060,7256255,2820.091382755,14307
2917,15,6256071044140,7334095,2850.091512378,14307
2947,15,6321548245260,7410855,2880.091620158,14307
2977,15,6386628795800,7487150,2910.093014225,14307
3008,15,6452093201740,7563895,2940.094655137,14307
3039,15,6518734764240,7642020,2970.095622046,14307
3070,15,6584847459300,7719525,3000.097073091,14307
3100,15,6650188178500,7796125,3030.098838272,14307
3132,15,6717136825320,7874610,3060.099393147,14307
3162,15,6781424074700,7949975,3090.101487198,14307
3192,15,6846048263820,8025735,3120.102868753,14307
3222,15,6911866669740,8102895,3150.104340009,14307
3253,15,6976776617880,8178990,3180.105433018,14307
3283,15,7041085192560,8254380,3210.106333094,14307
3314,15,7108554176700,8333475,3240.107901255,14307
3347,15,7178624847440,8415620,3270.109547683,14307
3377,15,7243585976300,8491775,3300.110385576,14307
3408,15,7309417177400,8568950,3330.110920082,14307
3438,15,7375615173660,8646555,3360.111522706,14307
3469,15,7440171121820,8722235,3390.112020315,14307
3499,15,7505648322940,8798995,3420.112962502,14307
3531,15,7573334825140,8878345,3450.114283433,14307
3562,15,7641311351420,8958035,3480.114982543,14307
3593,15,7706613685080,9034590,3510.115307245,14307
3623,15,7770875344100,9109925,3540.11647662,14307
3653,15,7835981485000,9186250,3570.118192153,14307
3683,15,7901181457220,9262685,3600.120147068,14307
3714,15,7966381429440,9339120,3630.120429045,14307
3747,15,8037215545920,9422160,3660.12115716,14307
3778,15,8103985060220,9500435,3690.121209365,14307
3809,15,8170844140780,9578815,3720.121284737,14307
3839,15,8234832835960,9653830,3750.122901489,14307
3869,15,8299764109400,9729950,3780.123717379,14307
3899,15,8364132394920,9805410,3810.125261128,14307
3929,15,8428961306920,9881410,3840.125477601,14307
3960,15,8494656026100,9958425,3870.127244824,14307
3990,15,8559267420040,10034170,3900.127346896,14307
4020,15,8624104862160,10110180,3930.128110492,14307
4051,15,8688912448860,10186155,3960.129586356,14307
4083,15,8757238710060,10266255,3990.129848093,14307
4113,15,8822792682260,10343105,4020.130171781,14307
4143,15,8887203618380,10418615,4050.131770121,14307
4173,15,8951883253280,10494440,4080.133349544,14307
4204,15,9016946743580,10570715,4110.133639294,14307
4234,15,9081882282080,10646840,4140.134886579,14307
4264,15,9146459555540,10722545,4170.136909699,14307
4294,15,9210704154320,10797860,4200.137382029,14307
4325,15,9277217765020,10875835,4230.138032271,14307
4356,15,9343176917920,10953160,4260.139317931,14307
4386,15,9408730890120,11030010,4290.140045081,14307
4417,15,9474097199680,11106640,4320.141166889,14307
4449,15,9543830930680,11188390,4350.142700581,14307
4480,15,9609282541440,11265120,4380.143894762,14307
4510,15,9674661646180,11341765,4410.144123402,14307
4540,15,9739584389500,11417875,4440.144432865,14307
4571,15,9804494337640,11493970,4470.14488624,14307
4601,15,9869297659280,11569940,4500.146082665,14307
4631,15,9934092450800,11645900,4530.146351353,14307
4662,15,9999480085660,11722555,4560.147551379,14307
4692,15,10064168250680,11798390,4590.148836006,14307
4722,15,10129095259060,11874505,4620.150786221,14307
4752,15,10193745038540,11950295,4650.15218884,14307
4782,15,10258313781880,12025990,4680.153736819,14307
4812,15,10322814284260,12101605,4710.155398145,14307
4842,15,10387306256520,12177210,4740.156930562,14307
4872,15,10451845144440,12252870,4770.157031763,14307
4903,15,10516819068480,12329040,4800.157760877,14307
4933,15,10581827113000,12405250,4830.158554038,14307
4963,15,10646847952700,12481475,4860.158577959,14307
4993,15,10711369780380,12557115,4890.159879125,14307
5023,15,10775917198420,12632785,4920.161185547,14307
5056,15,10845471796900,12714325,4950.163145699,14307
5086,15,10909852877600,12789800,4980.163994671,14307
5117,15,10975880271460,12867205,5010.164694176,14307
5147,15,11040692123220,12943185,5040.165883065,14307
5178,15,11107001011040,13020920,5070.166864467,14307
5208,15,11172738380820,13097985,5100.168360209,14307
5240,15,11239452449340,13176195,5130.168950931,14307
5270,15,11304486084220,13252435,5160.169482523,14307
5300,15,11369668996200,13328850,5190.171188483,14307
5331,15,11435410631040,13405920,5220.172179554,14307
5363,15,11504833012660,13487305,5250.173145326,14307
5394,15,11570941442660,13564805,5280.173351666,14307
5425,15,11636789704000,13642000,5310.17346423,14307
5455,15,11702309555720,13718810,5340.17461941,14307
5487,15,11769633527820,13797735,5370.175954547,14307
5519,15,11838787210660,13878805,5400.176972914,14307
5550,15,11905633496040,13957170,5430.179155048,14307
5582,15,11973844600620,14037135,5460.179929564,14307
5612,15,12038387753600,14112800,5490.18194046,14307
5642,15,12102760304180,14188265,5520.183680795,14307
5672,15,12168037047480,14264790,5550.184659834,14307
5703,15,12233330851020,14341335,5580.186784312,14307
5733,15,12298193883500,14417375,5610.187346424,14307
5763,15,12362963084660,14493305,5640.188698379,14307
5794,15,12428214237600,14569800,5670.189351203,14307
5824,15,12493580547160,14646430,5700.190971457,14307
5855,15,12558985242260,14723105,5730.191425236,14307
5885,15,12623861069920,14799160,5760.193060832,14307
5915,15,12689363861400,14875950,5790.194945364,14307
5947,15,12756137640760,14954230,5820.196415262,14307
5977,15,12821448504540,15030795,5850.198033068,14307
6007,15,12886635681580,15107215,5880.198964184,14307
6038,15,12951788738140,15183595,5910.200977838,14307
6068,15,13016587794720,15259560,5940.20253113,14307
6098,15,13081429501900,15335575,5970.203932624,14307
6129,15,13146667859660,15412055,6000.205677369,14307
6159,15,13212110940300,15488775,6030.207482969,14307
6190,15,13277592406480,15565540,6060.208536718,14307
6220,15,13343406547340,15642695,6090.210104164,14307
6251,15,13408649170160,15719180,6120.210392319,14307
6281,15,13474497431500,15796375,6150.210934367,14307
6311,15,13538750560400,15871700,6180.212478685,14307
6341,15,13603157231460,15947205,6210.212695613,14307
6371,15,13667661998900,16022825,6240.213583423,14307
6402,15,13732674308480,16099040,6270.215401541,14307
6432,15,13796833606060,16174255,6300.217360622,14307
6462,15,13862357722840,16251070,6330.219303478,14307
6492,15,13927067213160,16326930,6360.220324091,14307
6524,15,13993968944320,16405360,6390.221404046,14307
6554,15,14058853302100,16481425,6420.221925916,14307
6584,15,14123387924960,16557080,6450.223658163,14307
6614,15,14187747680360,16632530,6480.225403784,14307
6645,15,14253685507960,16709830,6510.226367719,14307
6675,15,14319064612700,16786475,6540.227894462,14307
6705,15,14383381717500,16861875,6570.229061815,14307
6735,15,14448104003000,16937750,6600.230397204,14307
6765,15,14512041517460,17012705,6630.231122337,14307
6795,15,14577049561980,17088915,6660.232460885,14307
6825,15,14641515943880,17164490,6690.233908901,14307
6855,15,14705743482420,17239785,6720.234190497,14307
6885,15,14769898514940,17314995,6750.234866306,14307
6916,15,14835060101620,17391385,6780.23564092,14307
6946,15,14899705616040,17467170,6810.236945864,14307
6976,15,14964824552120,17543510,6840.237297906,14307
7006,15,15029670524360,17619530,6870.238149462,14307
7036,15,15094243532760,17695230,6900.239046148,14307
7067,15,15159908396520,17772210,6930.240893582,14307
7097,15,15224562441060,17848005,6960.240992654,14307
7127,15,15288632172380,17923115,6990.242526998,14307
7157,15,15353874795200,17999600,7020.243524271,14307
7188,15,15419270960180,18076265,7050.245260394,14307
7219,15,15486543751560,18155130,7080.245336172,14307
7249,15,15551393988860,18231155,7110.247258984,14307
7280,15,15617242250200,18308350,7140.249532956,14307
7311,15,15682642680240,18385020,7170.249605599,14307
7342,15,15748874796980,18462665,7200.250883391,14307
7372,15,15813430745140,18538345,7230.252806661,14307
7402,15,15878822645060,18615005,7260.25332037,14307
7432,15,15943715532960,18691080,7290.254484734,14307
7463,15,16008595625680,18767140,7320.25485548,14307
7493,15,16073275260580,18842965,7350.25679266,14307
7523,15,16137844003920,18918660,7380.257357992,14307
7553,15,16202608940020,18994585,7410.257442055,14307
7583,15,16267147827940,19070245,7440.25848909,14307
7613,15,16332322209800,19146650,7470.259250751,14307
7643,15,16396511362800,19221900,7500.260269917,14307
7673,15,16460738901340,19297195,7530.260968285,14307
7704,15,16525789596460,19373455,7560.262026022,14307
7734,15,16590567327740,19449395,7590.263278581,14307
7764,15,16655221372280,19525190,7620.264053355,14307
7794,15,16720127055360,19601280,7650.264144757,14307
7825,15,16785079654100,19677425,7680.265206322,14307
7855,15,16849934156460,19753455,7710.265508925,14307
7885,15,16914477309440,19829120,7740.265581004,14307
7915,15,16979468293720,19905310,7770.266652835,14307
7945,15,17044088217780,19981065,7800.266931372,14307
7977,15,17111147756160,20059680,7830.268153069,14307
8007,15,17176424499460,20136205,7860.268979534,14307
8037,15,17241121194600,20212050,7890.269957354,14307
8067,15,17305937311420,20288035,7920.271166599,14307
8097,15,17370275741520,20363460,7950.272287662,14307
8128,15,17435130243880,20439490,7980.27354692,14307
8158,15,17501532963020,20517335,8010.274745915,14307
8189,15,17566536742480,20593540,8040.274899909,14307
8222,15,17637012593920,20676160,8070.276139156,14307
8252,15,17702097409520,20752460,8100.276231802,14307
8283,15,17767685502200,20829350,8130.278106568,14307
8313,15,17833734221360,20906780,8160.279051478,14307
8344,15,17899053615260,20983355,8190.281044421,14307
8374,15,17964569201920,21060160,8220.282149448,14307
8405,15,18029794764500,21136625,8250.283833786,14307
8435,15,18094180110260,21212105,8280.284510979,14307
8465,15,18158851215040,21287920,8310.285814424,14307
8495,15,18223091548760,21363230,8340.286061253,14307
8525,15,18286973617440,21438120,8370.287588071,14307
8555,15,18351286457180,21513515,8400.288806727,14307
8584,15,18415330598140,21588595,8430.289695973,14307
8615,15,18479933461960,21664330,8460.290722259,14307
8645,15,18544881795640,21740470,8490.291107051,14307
8676,15,18611297309960,21818330,8520.292932287,14307
8706,15,18676919523120,21895260,8550.293853343,14307
8737,15,18741889182100,21971425,8580.294642574,14307
8767,15,18806406744720,22047060,8610.294724667,14307
8798,15,18873393777080,22125590,8640.295481812,14307
8828,15,18938239749320,22201610,8670.297240437,14307
8863,15,19013965889620,22290385,8700.299146979,14307
8894,15,19079170126900,22366825,8730.300114331,14307
8924,15,19144839255720,22443810,8760.301132434,14307
8955,15,19210081878540,22520295,8790.3021502,14307
8985,15,19275712621820,22597235,8820.303127694,14307
9015,15,19339918835060,22672505,8850.304196915,14307
9046,15,19404683771160,22748430,8880.305379676,14307
9079,15,19476183237000,22832250,8910.30622079,14307
9109,15,19540845811660,22908055,8940.306687321,14307
9139,15,19604663904440,22982870,8970.30847642,14307
9169,15,19669416045360,23058780,9000.309854765,14307
9199,15,19734070089900,23134575,9030.311052199,14307
9229,15,19798208062180,23209765,9060.312419667,14307
9259,15,19863514660900,23286325,9090.312989696,14307
9289,15,19927588657280,23361440,9120.314705703,14307
9320,15,19992622292160,23437680,9150.31523627,14307
9350,15,20057033228280,23513190,9180.31570566,14307
9380,15,20121653152340,23588945,9210.315890656,14307
9410,15,20185923341480,23664290,9240.317190004,14307
9440,15,20250283096880,23739740,9270.319167141,14307
9469,15,20313998828220,23814435,9300.320466441,14307
9499,15,20377829716180,23889265,9330.322328536,14307
9529,15,20441750170400,23964200,9360.324028758,14307
9559,15,20506668648660,24040305,9390.326009186,14307
9590,15,20572222620860,24117155,9420.326929295,14307
9620,15,20636228376280,24192190,9450.328841561,14307
9650,15,20700792854560,24267880,9480.329504117,14307
9680,15,20765476754520,24343710,9510.329910371,14307
9710,15,20830245955680,24419640,9540.331258596,14307
9741,15,20895748747160,24496430,9570.332962834,14307
9771,15,20960535008560,24572380,9600.333636169,14307
9801,15,21025342595260,24648355,9630.334062936,14307
9834,15,21096611747860,24731905,9660.334129894,14307
9865,15,21161543021300,24808025,9690.335623177,14307
9895,15,21226832559780,24884565,9720.336710289,14307
9927,15,21295184411340,24964695,9750.337682735,14307
9963,15,21372151684100,25054925,9780.338523883,14307
9993,15,21437500933420,25131535,9810.340049314,14307
10023,15,21502381026140,25207595,9840.34172349,14307
10056,15,21572187263160,25289430,9870.342977121,14307
10086,15,21637169717320,25365610,9900.343237117,14307
10117,15,21702126581120,25441760,9930.345100036,14307
10149,15,21771348504920,25522910,9960.345281481,14307
10179,15,21836702019300,25599525,9990.345897771,14307
10210,15,21902405268600,25676550,10020.346992543,14307
10240,15,21967157409520,25752460,10050.34743972,14307
10272,15,22035372779160,25832430,10080.3492439,14307
10303,15,22101540920000,25910000,10110.349743047,14307
10333,15,22165508289880,25984990,10140.350574236,14307
10363,15,22230341466940,26060995,10170.3521143,14307
10393,15,22295294065680,26137140,10200.353459486,14307
10423,15,22360280784900,26213325,10230.353606085,14307
10453,15,22424828202940,26288995,10260.354933617,14307
10484,15,22489942873960,26365330,10290.355082421,14307
10515,15,22556102484680,26442890,10320.356545794,14307
10545,15,22620398264180,26518265,10350.35771294,14307
10574,15,22684630067780,26593565,10380.359562908,14307
10604,15,22748985558120,26669010,10410.360266635,14307
10635,15,22814172735160,26745430,10440.361687763,14307
10665,15,22879534779660,26822055,10470.362899049,14307
10696,15,22945319065100,26899175,10500.363116351,14307
10727,15,23011546916780,26976815,10530.364805367,14307
10757,15,23076273467340,27052695,10560.365290912,14307
10787,15,23141051198620,27128635,10590.366476757,14307
10818,15,23206054978080,27204840,10620.367020099,14307
10848,15,23272210323740,27282395,10650.368241429,14307
10879,15,23338028729660,27359555,10680.369364087,14307
10909,15,23402849111540,27435545,10710.370058927,14307
10939,15,23467660963300,27511525,10740.370798387,14307
10970,15,23532323537960,27587330,10770.372535423,14307
11000,15,23596521221080,27662590,10800.37376815,14307
11032,15,23666962952040,27745170,10830.37406416,14307
11063,15,23732824008560,27822380,10860.374797574,14307
11093,15,23798075161500,27898875,10890.376627271,14307
11125,15,23865283976980,27977665,10920.377141889,14307
11156,15,23931400937100,28055175,10950.37752517,14307
11187,15,23998144861040,28133420,10980.377593307,14307
11217,15,24063110254960,28209580,11010.378619486,14307
11248,15,24129483118680,28287390,11040.378976913,14307
11278,15,24194388801760,28363480,11070.381031352,14307
11309,15,24260991978720,28441560,11100.381128163,14307
11341,15,24328439637560,28520630,11130.381640717,14307
11371,15,24393072356800,28596400,11160.383018227,14307
11401,15,24457624039900,28672075,11190.383307294,14307
11431,15,24522359120580,28747965,11220.384620433,14307
11461,15,24587563357860,28824405,11250.386293184,14307
11492,15,24652166221680,28900140,11280.387670235,14307
11524,15,24721064000920,28980910,11310.389034482,14307
11554,15,24785824671960,29056830,11340.389979993,14307
11584,15,24851067294780,29133315,11370.390690023,14307
11614,15,24915781050160,29209180,11400.391282748,14307
11645,15,24980371118800,29284900,11430.391662094,14307
11675,15,25045161645260,29360855,11460.391847686,14307
11705,15,25109692003060,29436505,11490.392969854,14307
11735,15,25174328987360,29512280,11520.39441862,14307
11766,15,25239848839080,29589090,11550.395443721,14307
11796,15,25304246980020,29664585,11580.397467187,14307
11826,15,25369054566720,29740560,11610.397727549,14307
11856,15,25434663984700,29817475,11640.399312255,14307
11887,15,25499471571400,29893450,11670.399838749,14307
11916,15,25563639399100,29968675,11700.400499781,14307
11946,15,25627598238860,30043655,11730.401147918,14307
11976,15,25692179777380,30119365,11760.402983781,14307
12007,15,25758548376040,30197170,11790.403423142,14307
12037,15,25823108589260,30272855,11820.403529342,14307
12067,15,25887434224180,30348265,11850.405368892,14307
12097,15,25951614847060,30423505,11880.406965741,14307
12128,15,26017147493960,30500330,11910.408620496,14307
12159,15,26084637803400,30579450,11940.409719863,14307
12190,15,26149394209380,30655365,11970.410856843,14307
12220,15,26214406518960,30731580,12000.411536824,14307
12251,15,26280259045360,30808780,12030.413041787,14307
12280,15,26344482318840,30884070,12060.413706006,14307
12310,15,26408876194720,30959560,12090.414462695,14307
12341,15,26473513179020,31035335,12120.416358781,14307
12371,15,26537736452500,31110625,12150.41742387,14307
12400,15,26601720882620,31185635,12180.419182208,14307
12430,15,26665628541660,31260555,12210.420919286,14307
12460,15,26729809164540,31335795,12240.422715435,14307
12490,15,26793584606720,31410560,12270.422903134,14307
12520,15,26857641542860,31485655,12300.423777212,14307
12550,15,26922103659700,31561225,12330.424980831,14307
12580,15,26986962427120,31637260,12360.426063734,14307
12610,15,27051915025860,31713405,12390.427857617,14307
12640,15,27116833504120,31789510,12420.429386566,14307
12671,15,27182293645000,31866250,12450.429477875,14307
12701,15,27247677014800,31942900,12480.429946012,14307
12732,15,27312676529200,32019100,12510.431563196,14307
12763,15,27378776429080,32096590,12540.433337998,14307
12793,15,27444876328960,32174080,12570.434922028,14307
12823,15,27509376831340,32249695,12600.436031345,14307
12854,15,27574308104780,32325815,12630.436362877,14307
12884,15,27639064510760,32401730,12660.436704741,14307
12914,15,27704123736000,32478000,12690.438180252,14307
12945,15,27770479539480,32555790,12720.438974661,14307
12975,15,27835547294840,32632070,12750.44061392,14307
13006,15,27901523507980,32709415,12780.441903988,14307
13037,15,27967265142820,32786485,12810.443447851,14307
13067,15,28032111115060,32862505,12840.44378639,14307
13097,15,28097008268020,32938585,12870.444879057,14307
13128,15,28162732842620,33015635,12900.446715695,14307
13158,15,28227920019660,33092055,12930.44776787,14307
13189,15,28292945124420,33168285,12960.448205555,14307
13219,15,28358712349620,33245385,12990.448421181,14307
13251,15,28426577984340,33324945,13020.448912935,14307
13282,15,28492323884240,33402020,13050.449071729,14307
13313,15,28560176723780,33481565,13080.449980331,14307
13344,15,28626912117600,33559800,13110.450352072,14307
13376,15,28694538908960,33639080,13140.451198983,14307
13408,15,28762459989460,33718705,13170.451980775,14307
13440,15,28831123190400,33799200,13200.452944448,14307
13471,15,28897658126400,33877200,13230.454748363,14307
13516,15,28994449398040,33990670,13260.454806132,14307
13548,15,29063125394160,34071180,13290.455224164,14307
13579,15,29130018595200,34149600,13320.457037912,14307
13611,15,29198745772040,34230170,13350.458291951,14307
13643,15,29267515599480,34310790,13380.459156789,14307
13675,15,29335300198060,34390255,13410.459310534,14307
13707,15,29404202242360,34471030,13440.45954849,14307
13742,15,29480452985040,34560420,13470.46096101,14307
13774,15,29549163101640,34640970,13500.461584491,14307
13806,15,29617323025500,34720875,13530.462691941,14307
13838,15,29685559720440,34800870,13560.463047977,14307
13870,15,29754163210540,34881295,13590.463673892,14307
13902,15,29822220772960,34961080,13620.464851578,14307
13934,15,29891421371460,35042205,13650.465645706,14307
13966,15,29959768957960,35122330,13680.466506642,14307
13999,15,30031468881620,35206385,13710.468297978,14307
14031,15,30100665215060,35287505,13740.468448901,14307
14063,15,30169149283480,35367790,13770.469831549,14307
14104,15,30257606627880,35471490,13800.470796148,14307
14137,15,30326973563720,35552810,13830.472095097,14307
14170,15,30397206306740,35635145,13860.473001993,14307
14203,15,30468112929240,35718270,13890.474681845,14307
14236,15,30538964105960,35801330,13920.476065666,14307
14276,15,30625485113120,35902760,13950.476419721,14307
32,16,67908285320,79610,30.000092512,14307
62,16,131905510620,154635,60.001315262,14307
92,16,197101217780,231065,90.002343617,14307
123,16,263435695960,308830,120.003781403,14307
153,16,328221957360,384780,150.005785138,14307
183,16,392304483860,459905,180.007641977,14307
214,16,457594022340,536445,210.009083644,14307
244,16,522576476500,612625,240.010467673,14307
274,16,586420159640,687470,270.012590507,14307
303,16,649564372940,761495,300.014192772,14307
334,16,715864730640,839220,330.015399294,14307
364,16,779576196920,913910,360.01648912,14307
394,16,844383783620,989885,390.016990617,14307
424,16,907673008960,1064080,420.017523135,14307
454,16,972109535440,1139620,450.019265246,14307
484,16,1036243242660,1214805,480.02022609,14307
519,16,1112643262440,1304370,510.021091614,14307
549,16,1176644752800,1379400,540.022507594,14307
579,16,1241281737100,1455175,570.024144844,14307
611,16,1309509901920,1535160,600.025548352,14307
641,16,1373643609140,1610345,630.026733473,14307
673,16,1443398665440,1692120,660.026779578,14307
704,16,1508884396680,1768890,690.028125083,14307
734,16,1573564031580,1844715,720.028977346,14307
764,16,1637565521940,1919745,750.029115937,14307
794,16,1701694964100,1994925,780.030651712,14307
823,16,1764395611160,2068430,810.031271912,14307
853,16,1828469607540,2143545,840.032560016,14307
883,16,1893238808700,2219475,870.034012578,14307
914,16,1959667118200,2297350,900.035753411,14307
944,16,2024560006100,2373425,930.036070223,14307
975,16,2090233399980,2450415,960.036865806,14307
1005,16,2154704046940,2525995,990.038551689,14307
1035,16,2219494573400,2601950,1020.039018415,14307
1065,16,2284430111900,2678075,1050.039127543,14307
1096,16,2349583168460,2754455,1080.041173094,14307
1126,16,2415094490060,2831255,1110.04156836,14307
1157,16,2480384028540,2907795,1140.043010117,14307
1187,16,2545822844120,2984510,1170.043883312,14307
1217,16,2609969346520,3059710,1200.045233075,14307
1248,16,2675659800640,3136720,1230.047408755,14307
1279,16,2742160616160,3214680,1260.048833523,14307
1308,16,2806076805320,3289610,1290.05012603,14307
1339,16,2871903741360,3366780,1320.050600221,14307
1369,16,2935952147380,3441865,1350.052148808,14307
1400,16,3001834529200,3519100,1380.053269836,14307
1430,16,3066074862920,3594410,1410.053698106,14307
1460,16,3130733172520,3670210,1440.055196159,14307
1490,16,3195289120680,3745890,1470.057037019,14307
1521,16,3261214153100,3823175,1500.058759978,14307
1554,16,3332871426160,3907180,1530.06072744,14307
1585,16,3398335832100,3983925,1560.061095259,14307
1614,16,3462170985120,4058760,1590.062067073,14307
1644,16,3526010403200,4133600,1620.063824879,14307
1674,16,3590314712820,4208985,1650.065691467,14307
1704,16,3654499600760,4284230,1680.06706916,14307
1734,16,3717972223680,4358640,1710.067363601,14307
1764,16,3783624292260,4435605,1740.067964583,14307
1794,16,3847258987460,4510205,1770.068272923,14307
1823,16,3910620718820,4584485,1800.069742683,14307
1854,16,3977403028300,4662775,1830.071678623,14307
1886,16,4044338879940,4741245,1860.073507771,14307
1917,16,4111129719540,4819545,1890.074516248,14307
1946,16,4174248342480,4893540,1920.076578082,14307
1976,16,4239081519540,4969545,1950.077484628,14307
2006,16,4303198166520,5044710,1980.078413322,14307
2036,16,4367498211080,5120090,2010.08025619,14307
2066,16,4431124376160,5194680,2040.082319629,14307
2096,16,4494976589420,5269535,2070.082881415,14307
2126,16,4560423935120,5346260,2100.083554517,14307
2156,16,4624263353200,5421100,2130.084095141,14307
2187,16,4690269421760,5498480,2160.085277372,14307
2217,16,4754518285600,5573800,2190.086812379,14307
2248,16,4820724811980,5651415,2220.087743104,14307
2277,16,4883945796360,5725530,2250.088789018,14307
2308,16,4950199238400,5803200,2280.090609729,14307
2339,16,5017501885200,5882100,2310.092644953,14307
2370,16,5082748773080,5958590,2340.09463498,14307
2399,16,5145756504460,6032455,2370.096163754,14307
2429,16,5209369874360,6107030,2400.096562973,14307
2459,16,5275184015220,6184185,2430.096944989,14307
2489,16,5339091674260,6259105,2460.098620144,14307
2520,16,5404986851260,6336355,2490.099118045,14307
2550,16,5470557883700,6413225,2520.099557416,14307
2581,16,5535847422180,6489765,2550.101641244,14307
2612,16,5602514575040,6567920,2580.102209493,14307
2643,16,5669130547180,6646015,2610.102899129,14307
2677,16,5741022398540,6730295,2640.104408272,14307
2707,16,5806021912940,6806495,2670.104479791,14307
2738,16,5872168728480,6884040,2700.106506589,14307
2768,16,5936438917620,6959385,2730.106946669,14307
2799,16,6003814070440,7038370,2760.108715659,14307
2830,16,6070911994360,7117030,2790.109984843,14307
2862,16,6138363918260,7196105,2820.111093573,14307
2892,16,6203128854360,7272030,2850.113268974,14307
2922,16,6268401332600,7348550,2880.114843214,14307
2953,16,6334458581880,7425990,2910.115499107,14307
2984,16,6400780264880,7503740,2940.116186399,14307
3015,16,6467664935800,7582150,2970.118100709,14307
3046,16,6534647703100,7660675,3000.120151672,14307
3078,16,6602820422140,7740595,3030.120401535,14307
3110,16,6670549574940,7819995,3060.122046357,14307
3140,16,6735425402600,7896050,3090.122729548,14307
3171,16,6801269398880,7973240,3120.124208402,14307
3202,16,6868781033620,8052385,3150.125492262,14307
3233,16,6934787102180,8129765,3180.125980664,14307
3263,16,6998933604580,8204965,3210.127059207,14307
3294,16,7065698853820,8283235,3240.127945003,14307
3324,16,7130540561000,8359250,3270.129010523,14307
3354,16,7195271376620,8435135,3300.129322967,14307
3386,16,7263772505280,8515440,3330.129936831,14307
3417,16,7329518405180,8592515,3360.130190333,14307
3448,16,7395592714700,8669975,3390.131158043,14307
3479,16,7462818590420,8748785,3420.132834174,14307
3510,16,7528253140940,8825495,3450.134567407,14307
3542,16,7598084968320,8907360,3480.135990262,14307
3572,16,7662350892400,8982700,3510.136606738,14307
3602,16,7726211635780,9057565,3540.13792025,14307
3632,16,7791036282720,9133560,3570.139751841,14307
3663,16,7856841893460,9210705,3600.141655417,14307
3693,16,7921581239200,9286600,3630.141822017,14307
3724,16,7987425235480,9363790,3660.143191178,14307
3756,16,8056455231580,9444715,3690.143812182,14307
3787,16,8124320866300,9524275,3720.1445806,14307
3817,16,8188028067520,9598960,3750.145503916,14307
3847,16,8252076473540,9674045,3780.147310895,14307
3877,16,8315596012120,9748510,3810.148444354,14307
3907,16,8379670008500,9823625,3840.148598698,14307
3937,16,8445232510820,9900485,3870.150166574,14307
3967,16,8509993181860,9976405,3900.150305096,14307
3998,16,8574894599880,10052490,3930.152307986,14307
4028,16,8639791752840,10128570,3960.154317209,14307
4058,16,8704654785320,10204610,3990.155204043,14307
4089,16,8770908227360,10282280,4020.156537551,14307
4118,16,8834393645460,10356705,4050.156804338,14307
4148,16,8897827882840,10431070,4080.158127377,14307
4178,16,8961965855120,10506260,4110.159373287,14307
4208,16,9025732767180,10581015,4140.159781239,14307
4237,16,9089115823840,10655320,4170.16126939,14307
4267,16,9152328278100,10729425,4200.161624793,14307
4297,16,9216969527460,10805205,4230.162540659,14307
4327,16,9282280391240,10881770,4260.163129944,14307
4357,16,9346729712900,10957325,4290.163459692,14307
4387,16,9410726938200,11032350,4320.164483342,14307
4421,16,9483331054580,11117465,4350.164960777,14307
4452,16,9549947026720,11195560,4380.165733117,14307
4483,16,9616673890420,11273785,4410.167125702,14307
4513,16,9681217043400,11349450,4440.167288068,14307
4544,16,9746361569840,11425820,4470.168665214,14307
4573,16,9810486746940,11500995,4500.170049111,14307
4603,16,9874249393940,11575745,4530.171274587,14307
4634,16,9939312884240,11652020,4560.173284075,14307
4664,16,10004086350460,11727955,4590.17437409,14307
4694,16,10068318154060,11803255,4620.176250782,14307
4724,16,10133292078100,11879425,4650.17638767,14307
4754,16,10197511086520,11954710,4680.178169201,14307
4784,16,10261299323880,12029490,4710.18003736,14307
4814,16,10325906452760,12105230,4740.180308117,14307
4843,16,10389327894960,12179580,4770.181891408,14307
4873,16,10453696180480,12255040,4800.183447923,14307
4903,16,10518247863580,12330715,4830.185190094,14307
4933,16,10582680125000,12406250,4860.18585302,14307
4963,16,10646907663540,12481545,4890.187112424,14307
4993,16,10711442286400,12557200,4920.188861225,14307
5024,16,10777422764600,12634550,4950.190390173,14307
5055,16,10842908495840,12711320,4980.190516476,14307
5086,16,10909097961980,12788915,5010.191467084,14307
5116,16,10973973789640,12864970,5040.192426706,14307
5147,16,11040137665420,12942535,5070.193780059,14307
5177,16,11105256601500,13018875,5100.194247849,14307
5207,16,11169620621960,13094330,5130.195735752,14307
5238,16,11235144738740,13171145,5160.196736993,14307
5267,16,11298758108640,13245720,5190.197180866,14307
5297,16,11363668056780,13321815,5220.197944461,14307
5328,16,11428305041080,13397590,5250.198850173,14307
5361,16,11500798265900,13482575,5280.199098161,14307
5391,16,11565294503220,13558185,5310.200525687,14307
5422,16,11630626692300,13634775,5340.20251594,14307
5452,16,11694790254940,13709995,5370.204511683,14307
5488,16,11771544274700,13799975,5400.206079948,14307
5519,16,11838646463680,13878640,5430.207498686,14307
5549,16,11903155496180,13954265,5460.208004747,14307
5581,16,11971588383880,14034490,5490.208976353,14307
5615,16,12044337512300,14119775,5520.209183758,14307
5648,16,12116677194960,14204580,5550.210294693,14307
5680,16,12183864685140,14283345,5580.211175325,14307
5710,16,12249341886260,14360105,5610.213118479,14307
5742,16,12316567761980,14438915,5640.213980583,14307
5772,16,12381029878820,14514485,5670.214167456,14307
5802,16,12447172429300,14592025,5700.215586344,14307
5834,16,12515805774820,14672485,5730.215792147,14307
5864,16,12579751819400,14747450,5760.217440703,14307
5895,16,12645817598800,14824900,5790.218224236,14307
5926,16,12711098607160,14901430,5820.218927429,14307
5957,16,12779540024980,14981665,5850.219041735,14307
5988,16,12844279370720,15057560,5880.22102921,14307
6018,16,12909927174240,15134520,5910.2212278,14307
6048,16,12974495917580,15210215,5940.222539766,14307
6079,16,13039589263300,15286525,5970.222714015,14307
6109,16,13104529066860,15362655,6000.22344182,14307
6140,16,13170449834220,15439935,6030.225675861,14307
6170,16,13234907686000,15515500,6060.227291348,14307
6202,16,13303451465260,15595855,6090.228870524,14307
6232,16,13367990353180,15671515,6120.229528512,14307
6263,16,13434538084360,15749530,6150.229716267,14307
6294,16,13500915213140,15827345,6180.231077439,14307
6326,16,13569339570720,15907560,6210.233342105,14307
6357,16,13636544121140,15986345,6240.234622727,14307
6388,16,13702878599320,16064110,6270.236440674,14307
6421,16,13773060161620,16146385,6300.237489474,14307
6452,16,13841446133660,16226555,6330.239099867,14307
6485,16,13911388852600,16308550,6360.240868194,14307
6517,16,13980000872820,16388985,6390.241108796,14307
6548,16,14045768098020,16466085,6420.241245164,14307
6579,16,14112878817120,16544760,6450.241786734,14307
6609,16,14177490211060,16620505,6480.242174713,14307
6639,16,14242148520660,16696305,6510.243172277,14307
6669,16,14307113914580,16772465,6540.243959913,14307
6699,16,14370804055560,16847130,6570.244493619,14307
6728,16,14433675305020,16920835,6600.245996794,14307
6758,16,14496538024360,16994530,6630.246236138,14307
6788,16,14560752767720,17069810,6660.247622574,14307
6818,16,14624873679760,17144980,6690.249885634,14307
6847,16,14688406013520,17219460,6720.251805787,14307
6877,16,14751823190660,17293805,6750.252355218,14307
6909,16,14821591042140,17375595,6780.253556343,14307
6940,16,14887132219160,17452430,6810.255773979,14307
6970,16,14952396167280,17528940,6840.257002544,14307
7001,16,15017741151540,17605545,6870.257452638,14307
7031,16,15081781027440,17680620,6900.259333933,14307
7060,16,15145846493700,17755725,6930.261390563,14307
7090,16,15209596345520,17830460,6960.263581863,14307
7119,16,15272467594980,17904165,6990.264856562,14307
7150,16,15336980892540,17979795,7020.265409464,14307
7180,16,15402415443060,18056505,7050.266074848,14307
7210,16,15467559969500,18132875,7080.266254585,14307
7242,16,15535306182540,18212295,7110.266451692,14307
7274,16,15603513022060,18292255,7140.266742184,14307
7306,16,15671984295300,18372525,7170.268099401,14307
7336,16,15736062556740,18447645,7200.269320924,14307
7366,16,15801497107260,18524355,7230.270824233,14307
7396,16,15866419850580,18600465,7260.271083567,14307
7426,16,15930080136140,18675095,7290.271907188,14307
7456,16,15994213843360,18750280,7320.271961971,14307
7486,16,16058334755400,18825450,7350.272931941,14307
7516,16,16122732896340,18900945,7380.27357808,14307
7546,16,16186491278280,18975690,7410.275181413,14307
7576,16,16251601684240,19052020,7440.275912314,14307
7606,16,16316515897440,19128120,7470.276390461,14307
7637,16,16381924857600,19204800,7500.276509275,14307
7666,16,16445295119080,19279090,7530.278607904,14307
7696,16,16508708031160,19353430,7560.279128603,14307
7725,16,16571199690280,19426690,7590.279751105,14307
7755,16,16635994481800,19502650,7620.279922741,14307
7785,16,16701011056440,19578870,7650.280705729,14307
7816,16,16765997775660,19655055,7680.282527689,14307
7845,16,16829892639520,19729960,7710.283431419,14307
7875,16,16894107382880,19805240,7740.283613896,14307
7906,16,16960177427340,19882695,7770.284961622,14307
7936,16,17024114941800,19957650,7800.286265997,14307
7966,16,17087920239400,20032450,7830.287037794,14307
7997,16,17154246187460,20110205,7860.288889127,14307
8028,16,17222205653500,20189875,7890.289653602,14307
8062,16,17294208396420,20274285,7920.291233489,14307
8091,16,17357659694040,20348670,7950.291769954,14307
8121,16,17421221883220,20423185,7980.293558291,14307
8153,16,17488946770960,20502580,8010.294437823,14307
8182,16,17552696622780,20577315,8040.295690824,14307
8213,16,17618331631120,20654260,8070.296162727,14307
8243,16,17682128398600,20729050,8100.297932649,14307
8273,16,17747631190080,20805840,8130.299867544,14307
8304,16,17813641523700,20883225,8160.301053489,14307
8334,16,17877749640560,20958380,8190.302903935,14307
8365,16,17944092648860,21036155,8220.304634689,14307
8395,16,18007944862120,21111010,8250.30621971,14307
8424,16,18070496232080,21184340,8280.307126628,14307
8454,16,18136161095840,21261320,8310.307339275,14307
8485,16,18201117959640,21337470,8340.308114153,14307
8514,16,18263989209100,21411175,8370.308187891,14307
8544,16,18328071735600,21486300,8400.30828278,14307
8573,16,18391544358520,21560710,8430.308687435,14307
8603,16,18455016981440,21635120,8460.310490256,14307
8633,16,18518980086260,21710105,8490.310998725,14307
8664,16,18586031094520,21788710,8520.312357621,14307
8694,16,18650254368000,21864000,8550.312761357,14307
8724,16,18715522581180,21940515,8580.313046018,14307
8754,16,18779451565520,22015460,8610.31403635,14307
8784,16,18844016043800,22091150,8640.314376054,14307
8814,16,18908533606420,22166785,8670.316071581,14307
8846,16,18976740445940,22246745,8700.317967403,14307
8876,16,19041398755540,22322545,8730.319926974,14307
8906,16,19105873667560,22398130,8760.320932637,14307
8937,16,19171636627700,22475225,8790.321234889,14307
8968,16,19237199130020,22552085,8820.321526187,14307
8997,16,19301486379400,22627450,8850.321765345,14307
9028,16,19366089243220,22703185,8880.323393547,14307
9058,16,19431174058820,22779485,8910.324055144,14307
9090,16,19498945862220,22858935,8940.32427881,14307
9119,16,19561215738220,22931935,8970.324720577,14307
9149,16,19625639469520,23007460,9000.325138182,14307
9178,16,19689683610480,23082540,9030.325893035,14307
9208,16,19752316016580,23155965,9060.326492499,14307
9238,16,19817285675560,23232130,9090.327012319,14307
9268,16,19882724491140,23308845,9120.328559359,14307
9298,16,19946512728500,23383625,9150.330488957,14307
9328,16,20010804242940,23458995,9180.33233243,14307
9358,16,20075249299540,23534545,9210.333145392,14307
9388,16,20139788187460,23610205,9240.33400095,14307
9418,16,20203793942880,23685240,9270.33582042,14307
9447,16,20266793144140,23759095,9300.336445864,14307
9477,16,20329975742980,23833165,9330.336672392,14307
9507,16,20393618968300,23907775,9360.337866105,14307
9536,16,20457765470700,23982975,9390.338418182,14307
9567,16,20522602912820,24058985,9420.3389075,14307
9597,16,20586787800760,24134230,9450.340662189,14307
9627,16,20651075050140,24209595,9480.341445912,14307
9656,16,20715106395920,24284660,9510.342703009,14307
9686,16,20779167597120,24359760,9540.343011706,14307
9717,16,20844499786200,24436350,9570.344218783,14307
9747,16,20908659083780,24511565,9600.344479777,14307
9777,16,20973057224720,24587060,9630.346052061,14307
9807,16,21037736859620,24662885,9660.347391193,14307
9837,16,21102442084880,24738740,9690.348736089,14307
9868,16,21168187984780,24815815,9720.349573026,14307
9897,16,21232168149840,24890820,9750.351542591,14307
9927,16,21296476724520,24966210,9780.352186403,14307
9958,16,21362269540080,25043340,9810.353268424,14307
9988,16,21427303174960,25119580,9840.355023348,14307
10020,16,21494200641060,25198005,9870.35573627,14307
10050,16,21558782179580,25273715,9900.35629559,14307
10081,16,21625125187880,25351490,9930.357463683,14307
10111,16,21690790051640,25428470,9960.357964352,14307
10142,16,21755857807000,25504750,9990.358477204,14307
10172,16,21820563032260,25580605,10020.359298451,14307
10202,16,21885865365920,25657160,10050.36063144,14307
10233,16,21951304181500,25733875,10080.36248325,14307
10264,16,22019276442720,25813560,10110.363684772,14307
10294,16,22082139162060,25887255,10140.363817945,14307
10323,16,22146098001820,25962235,10170.365729632,14307
10354,16,22210756311420,26038035,10200.367047698,14307
10383,16,22274676765640,26112970,10230.368431092,14307
10414,16,22340819316120,26190510,10260.370037538,14307
10444,16,22405230252240,26266020,10290.371607943,14307
10475,16,22470737308780,26342815,10320.372423269,14307
10505,16,22534764389500,26417875,10350.37288361,14307
10534,16,22598062144960,26492080,10380.374387865,14307
10564,16,22661718165460,26566705,10410.374497474,14307
10596,16,22730360041100,26647175,10440.376075238,14307
10626,16,22795811651860,26723905,10470.376392363,14307
10657,16,22861612997540,26801045,10500.376930779,14307
10688,16,22927857909460,26878705,10530.377743063,14307
10718,16,22991735713080,26953590,10560.378924724,14307
10748,16,23056266070880,27029240,10590.380941492,14307
10777,16,23119781344400,27103700,10620.382678709,14307
10808,16,23185582690080,27180840,10650.384587807,14307
10838,16,23249942445480,27256290,10680.386393471,14307
10868,16,23314630610500,27332125,10710.387211847,14307
10898,16,23379114052640,27407720,10740.388002736,14307
10928,16,23443623085140,27483345,10770.388632322,14307
10958,16,23507581924900,27558325,10800.38878004,14307
10989,16,23574679848820,27636985,10830.389173567,14307
11020,16,23640447074020,27714085,10860.390145985,14307
11051,16,23705979720920,27790910,10890.390427622,14307
11081,16,23770330946200,27866350,10920.392294953,14307
11111,16,23836046990680,27943390,10950.393147774,14307
11142,16,23901605227940,28020245,10980.395142403,14307
11172,16,23966301923080,28096090,11010.396826308,14307
11201,16,24029680714680,28170390,11040.397614616,14307
11232,16,24094880686900,28246825,11070.399943078,14307
11263,16,24161087213280,28324440,11100.401224306,14307
11293,16,24225903330100,28400425,11130.402791128,14307
11323,16,24290237495140,28475845,11160.404848694,14307
11353,16,24355629395060,28552505,11190.404975093,14307
11384,16,24420343150440,28628370,11220.405464529,14307
11413,16,24483858423960,28702830,11250.405959263,14307
11444,16,24549698155180,28780015,11280.407331723,14307
11474,16,24613379766040,28854670,11310.409266298,14307
11503,16,24676622075720,28928810,11340.410997193,14307
11534,16,24743438505680,29007140,11370.412099305,14307
11564,16,24807405875560,29082130,11400.414145601,14307
11594,16,24872102570700,29157975,11430.41437614,14307
11624,16,24936718229700,29233725,11460.415051841,14307
11654,16,25001470370620,29309635,11490.415210848,14307
11685,16,25066576511520,29385960,11520.416218993,14307
11715,16,25131349977740,29461895,11550.416471149,14307
11745,16,25196383612620,29538135,11580.418119412,14307
11775,16,25260491729480,29613290,11610.420136898,14307
11806,16,25326583099240,29690770,11640.421505599,14307
11835,16,25389701722180,29764765,11670.422590582,14307
11866,16,25454880369100,29841175,11700.424031788,14307
11895,16,25517798534220,29914935,11730.425754723,14307
11925,16,25581437494480,29989540,11760.426785852,14307
11955,16,25646462599240,30065770,11790.427296571,14307
11986,16,25712460137680,30143140,11820.428623697,14307
12015,16,25775855989520,30217460,11850.429926417,14307
12045,16,25839759383500,30292375,11880.430024366,14307
12076,16,25905112897880,30368990,11910.430487225,14307
12107,16,25973153400060,30448755,11940.431491944,14307
12137,16,26037807444600,30524550,11970.431778791,14307
12167,16,26100482501300,30598025,12000.433357984,14307
12196,16,26163976449520,30672460,12030.434433735,14307
12227,16,26229534686780,30749315,12060.436456866,14307
12258,16,26296666731180,30828015,12090.437605257,14307
12289,16,26363231522600,30906050,12120.439014203,14307
12319,16,26427279928620,30981135,12150.440066733,14307
12349,16,26490637394920,31055410,12180.440956728,14307
12378,16,26554255029880,31129990,12210.44246969,14307
12408,16,26618576399740,31205395,12240.442827088,14307
12438,16,26681584131120,31279260,12270.443225053,14307
12467,16,26744664368520,31353210,12300.444525852,14307
12496,16,26807957858920,31427410,12330.446239621,14307
12526,16,26871468867380,31501865,12360.446663447,14307
12556,16,26935530068580,31576965,12390.44751103,14307
12586,16,27000781221520,31653460,12420.448380351,14307
12617,16,27067047458740,31731145,12450.448611218,14307
12648,16,27132609961060,31808005,12480.449711162,14307
12678,16,27197613740520,31884210,12510.451470113,14307
12710,16,27266451808920,31964910,12540.452416182,14307
12741,16,27332099612440,32041870,12570.454045321,14307
12772,16,27397956403900,32119075,12600.455393023,14307
12801,16,27461974954500,32194125,12630.45746858,14307
12833,16,27529908830180,32273765,12660.458914161,14307
12863,16,27594554344600,32349550,12690.460453782,14307
12894,16,27660108316800,32426400,12720.461424886,14307
12925,16,27727193445540,32505045,12750.46172533,14307
12954,16,27790303538360,32579030,12780.463068464,14307
12985,16,27854927727480,32654790,12810.464891911,14307
13014,16,27919108350360,32730030,12840.466796369,14307
13044,16,27983536346720,32805560,12870.468247568,14307
13075,16,28048962367120,32882260,12900.46876405,14307
13106,16,28115096387480,32959790,12930.469724646,14307
13136,16,28179827203100,33035675,12960.471618672,14307
13167,16,28246268307780,33113565,12990.472237839,14307
13200,16,28316321918280,33195690,13020.474162253,14307
13230,16,28382511384420,33273285,13050.475785508,14307
13262,16,28451102079340,33353695,13080.476495283,14307
13293,16,28515854220260,33429605,13110.476654517,14307
13325,16,28584491830840,33510070,13140.478299222,14307
13356,16,28652199658340,33589445,13170.479113602,14307
13391,16,28726394642100,33676425,13200.480376628,14307
13427,16,28804841890680,33768390,13230.480744031,14307
13465,16,28884713669300,33862025,13260.48233161,14307
13503,16,28967946315200,33959600,13290.483021225,14307
13535,16,29035082624660,34038305,13320.484040188,14307
13568,16,29107379656720,34123060,13350.48513409,14307
13604,16,29184359724660,34213305,13380.486281622,14307
13636,16,29252199769020,34292835,13410.487011506,14307
13667,16,29318653668880,34370740,13440.487605373,14307
13699,16,29388336219160,34452430,13470.487822157,14307
13731,16,29455771082820,34531485,13500.487938937,14307
13763,16,29524506789780,34612065,13530.489043397,14307
13794,16,29592056810060,34691255,13560.489168148,14307
13827,16,29661419480840,34772570,13590.489432349,14307
13858,16,29728730657760,34851480,13620.490553887,14307
13890,16,29797201931000,34931750,13650.491824284,14307
13923,16,29868432698060,35015255,13680.492278319,14307
13954,16,29935743874980,35094165,13710.493257891,14307
13986,16,30003421847060,35173505,13740.494022591,14307
14017,16,30069508951760,35250980,13770.495198613,14307
14050,16,30141665236840,35335570,13800.497144822,14307
14082,16,30209257907720,35414810,13830.498420901,14307
14116,16,30282143518060,35500255,13860.498841646,14307
14150,16,30356125248820,35586985,13890.499754914,14307
14191,16,30442433002980,35688165,13920.501410419,14307
14247,16,30562686369680,35829140,13950.501548488,14307
31,17,64948333680,76140,30.001213089,14307
70,17,148095678380,173615,60.001550027,14307
101,17,216221481760,253480,90.001597542,14307
133,17,283293815320,332110,120.002581677,14307
163,17,348182438160,408180,150.004288419,14307
193,17,412584844160,483680,180.00451533,14307
223,17,477409491100,559675,210.005847479,14307
253,17,542340764540,635795,240.007182789,14307
283,17,606947893420,711535,270.008011729,14307
314,17,672826010180,788765,300.008863079,14307
346,17,740704440080,868340,330.010380626,14307
376,17,806079279760,944980,360.010738546,14307
407,17,871492504980,1021665,390.011640435,14307
437,17,936688212140,1098095,420.01274691,14307
468,17,1002003340980,1174665,450.013209981,14307
498,17,1067484807160,1251430,480.014698413,14307
532,17,1139329742860,1335655,510.015940438,14307
562,17,1205442437920,1413160,540.01730735,14307
593,17,1271286434200,1490350,570.018311293,14307
623,17,1336469346180,1566765,600.019227162,14307
654,17,1401050884700,1642475,630.01963314,14307
685,17,1467534639980,1720415,660.01988298,14307
716,17,1534739190400,1799200,690.020085671,14307
746,17,1600126825260,1875855,720.021680047,14307
776,17,1664260532480,1951040,750.021993654,14307
806,17,1728360119220,2026185,780.023346513,14307
836,17,1792173946940,2100995,810.023536282,14307
867,17,1859472328680,2179890,840.025196398,14307
899,17,1928259216360,2260530,870.025452685,14307
929,17,1992981501860,2336405,900.026272398,14307
960,17,2057912775300,2412525,930.027095039,14307
990,17,2122511374060,2488255,960.027424322,14307
1020,17,2187229394500,2564125,990.027868191,14307
1050,17,2251776812540,2639795,1020.029994492,14307
1080,17,2316426592020,2715585,1050.03148541,14307
1111,17,2382372949740,2792895,1080.032859605,14307
1144,17,2454021692680,2876890,1110.034377688,14307
1174,17,2518385713140,2952345,1140.034787496,14307
1205,17,2583649661260,3028855,1170.036714779,14307
1235,17,2648657705780,3105065,1200.038563211,14307
1267,17,2717875364520,3186210,1230.039098986,14307
1300,17,2787809553340,3268195,1260.039368717,14307
1330,17,2852501983420,3344035,1290.041061737,14307
1361,17,2917846967680,3420640,1320.042534686,14307
1392,17,2984215566340,3498445,1350.044146342,14307
1422,17,3048925056660,3574305,1380.045087854,14307
1452,17,3113195245800,3649650,1410.046073492,14307
1482,17,3178766278240,3726520,1440.047882828,14307
1512,17,3243377672180,3802265,1470.049213549,14307
1542,17,3308023186600,3878050,1500.049829131,14307
1574,17,3376178845400,3957950,1530.050717195,14307
1606,17,3443652094600,4037050,1560.051849228,14307
1636,17,3508715584900,4113325,1590.052142317,14307
1666,17,3573971002900,4189825,1620.053910432,14307
1697,17,3638757264300,4265775,1650.055704322,14307
1727,17,3704405067820,4342735,1680.057541845,14307
1757,17,3769319281020,4418835,1710.058242297,14307
1788,17,3835623903780,4496565,1740.059980896,14307
1819,17,3900222502540,4572295,1770.06106501,14307
1849,17,3964885077200,4648100,1800.062307444,14307
1879,17,4029726784380,4724115,1830.062714206,14307
1909,17,4094240081940,4799745,1860.064092924,14307
1941,17,4163180511780,4880565,1890.065334386,14307
1971,17,4227890002100,4956425,1920.065904771,14307
2002,17,4292902311680,5032640,1950.066981613,14307
2032,17,4357701368260,5108605,1980.06871363,14307
2062,17,4422389533280,5184440,2010.06905684,14307
2092,17,4487133144080,5260340,2040.070618009,14307
2122,17,4551765863320,5336110,2070.072519567,14307
2152,17,4616304751240,5411770,2100.074136789,14307
2182,17,4680771133140,5487345,2130.074810941,14307
2212,17,4745450768040,5563170,2160.075940913,14307
2243,17,4809998186080,5638840,2190.076142027,14307
2273,17,4874545604120,5714510,2220.076999884,14307
2303,17,4938781672780,5789815,2250.078003109,14307
2333,17,5004007235360,5866280,2280.078120485,14307
2364,17,5070614677380,5944365,2310.080379945,14307
2394,17,5135528890580,6020465,2340.080614668,14307
2424,17,5199491995400,6095450,2370.081129262,14307
2454,17,5264278256800,6171400,2400.081628939,14307
2485,17,5329201000120,6247510,2430.083575143,14307
2516,17,5397134875800,6327150,2460.084089681,14307
2547,17,5463290221460,6404705,2490.085944253,14307
2578,17,5529586314100,6482425,2520.08700137,14307
2608,17,5595008069440,6559120,2550.08854144,14307
2639,17,5660152595880,6635490,2580.089110148,14307
2670,17,5727425387260,6714355,2610.090053928,14307
2703,17,5797278539940,6796245,2640.091916723,14307
2733,17,5862282319400,6872450,2670.09255365,14307
2763,17,5927094171160,6948430,2700.093900772,14307
2793,17,5991296119340,7023695,2730.094315712,14307
2824,17,6056594187940,7100245,2760.095055704,14307
2854,17,6122685557700,7177725,2790.096085953,14307
2886,17,6190691939400,7257450,2820.098077684,14307
2916,17,6255290538160,7333180,2850.099770315,14307
2947,17,6320678173020,7409835,2880.101139709,14307
2977,17,6385037928420,7485285,2910.101915099,14307
3008,17,6451329756000,7563000,2940.103118241,14307
3039,17,6518777414840,7642070,2970.103366015,14307
3070,17,6584838929180,7719515,3000.103874341,14307
3101,17,6651126491700,7797225,3030.105760119,14307
3131,17,6716723114500,7874125,3060.106636397,14307
3162,17,6781859110820,7950485,3090.107480055,14307
3192,17,6847664721560,8027630,3120.107611807,14307
3223,17,6913551368440,8104870,3150.108914376,14307
3254,17,6979979677940,8182745,3180.109921367,14307
3287,17,7050272131800,8265150,3210.111326233,14307
3318,17,7116316585900,8342575,3240.112519462,14307
3348,17,7182117931580,8419715,3270.113778358,14307
3379,17,7247015084540,8495795,3300.115587111,14307
3409,17,7312969972380,8573115,3330.11596488,14307
3440,17,7379338571040,8650920,3360.117149522,14307
3470,17,7444124832440,8726870,3390.118612791,14307
3501,17,7510310033520,8804460,3420.118923431,14307
3531,17,7574311523880,8879490,3450.120321281,14307
3563,17,7642224074260,8959105,3480.121269376,14307
3593,17,7707381395880,9035490,3510.122689725,14307
3623,17,7772095151260,9111355,3540.124184243,14307
3654,17,7836924063260,9187355,3570.124605063,14307
3684,17,7902482300520,9264210,3600.126063069,14307
3715,17,7967776104060,9340755,3630.126383425,14307
3746,17,8035658799020,9420335,3660.127470752,14307
3777,17,8101374843500,9497375,3690.128475228,14307
3807,17,8166745418120,9574010,3720.129349894,14307
3837,17,8231604185540,9650045,3750.130237161,14307
3868,17,8296851073420,9726535,3780.131760716,14307
3898,17,8361628804700,9802475,3810.133383364,14307
3928,17,8426061066120,9878010,3840.13538606,14307
3958,17,8490373905860,9953405,3870.135667613,14307
3988,17,8555083396180,10029265,3900.13697708,14307
4018,17,8619434621460,10104705,3930.138173567,14307
4049,17,8684310449120,10180760,3960.138450046,14307
4079,17,8749309963520,10256960,3990.139490687,14307
4109,17,8814313742980,10333165,4020.140728856,14307
4139,17,8878929401980,10408915,4050.141124681,14307
4170,17,8943864940480,10485040,4080.141828113,14307
4200,17,9008753563320,10561110,4110.143862456,14307
4230,17,9073770137960,10637330,4140.144710929,14307
4260,17,9138748327060,10713505,4170.145540874,14307
4290,17,9203154998120,10789010,4200.146042634,14307
4321,17,9268269669140,10865345,4230.147987819,14307
4351,17,9332612364300,10940775,4260.149936395,14307
4381,17,9397300529320,11016610,4290.150263304,14307
4411,17,9461233778720,11091560,4320.151015269,14307
4442,17,9527679148460,11169455,4350.151727919,14307
4476,17,9600534903380,11254865,4380.152348972,14307
4506,17,9665206008160,11330680,4410.152402165,14307
4536,17,9730013594860,11406655,4440.152531202,14307
4566,17,9794774265900,11482575,4470.153441747,14307
4597,17,9860473250140,11559595,4500.153796895,14307
4627,17,9926129583780,11636565,4530.155774691,14307
4658,17,9991969315000,11713750,4560.157164411,14307
4688,17,10056687335440,11789620,4590.158478964,14307
4718,17,10121482126960,11865580,4620.16019962,14307
4749,17,10186396340160,11941680,4650.160579295,14307
4779,17,10250512987140,12016845,4680.162343939,14307
4809,17,10315951802720,12093560,4710.163751497,14307
4839,17,10381173100240,12170020,4740.163911167,14307
4870,17,10446385867640,12246470,4770.165785385,14307
4900,17,10511138008560,12322380,4800.16686273,14307
4930,17,10576124727780,12398565,4830.167542202,14307
4961,17,10641230868680,12474890,4860.168598861,14307
4991,17,10705667395160,12550430,4890.169272338,14307
5021,17,10770001560200,12625850,4920.169461009,14307
5052,17,10836630327520,12703960,4950.169654584,14307
5088,17,10914540178540,12795295,4980.169888706,14307
5121,17,10984372005920,12877160,5010.170926894,14307
5151,17,11049422701040,12953420,5040.171044412,14307
5185,17,11121945781280,13038440,5070.172048284,14307
5216,17,11187917729360,13115780,5100.172770379,14307
5246,17,11254282062960,13193580,5130.173044817,14307
5277,17,11319648372520,13270210,5160.174100828,14307
5307,17,11384635091740,13346395,5190.17567056,14307
5338,17,11450483353080,13423590,5220.176392926,14307
5369,17,11517905421560,13502630,5250.177122442,14307
5400,17,11583143779320,13579110,5280.177315582,14307
5431,17,11651069124880,13658740,5310.179389146,14307
5463,17,11718128663260,13737355,5340.180507067,14307
5497,17,11791376803700,13823225,5370.181463502,14307
5532,17,11865968438040,13910670,5400.183172004,14307
5563,17,11933910843840,13990320,5430.183329298,14307
5594,17,11999238767860,14066905,5460.18427723,14307
5624,17,12064797005120,14143760,5490.184919433,14307
5657,17,12135682302320,14226860,5520.185620939,14307
5688,17,12202456081680,14305140,5550.186728775,14307
5720,17,12270910294680,14385390,5580.187331282,14307
5751,17,12336472797000,14462250,5610.188792267,14307
5782,17,12402248552320,14539360,5640.190105582,14307
5812,17,12467644717300,14616025,5670.19152359,14307
5843,17,12533842713560,14693630,5700.191989238,14307
5876,17,12604685360160,14776680,5730.193388267,14307
5907,17,12670529356440,14853870,5760.194320888,14307
5938,17,12737149593640,14931970,5790.194493594,14307
5969,17,12803957493480,15010290,5820.196359463,14307
5999,17,12869575441580,15087215,5850.197544468,14307
6030,17,12935863004100,15164925,5880.197607842,14307
6061,17,13000994735360,15241280,5910.199115916,14307
6091,17,13066190442520,15317710,5940.199217727,14307
6122,17,13132418294200,15395350,5970.200993813,14307
6153,17,13199332820540,15473795,6000.20165532,14307
6184,17,13266631202280,15552690,6030.20198856,14307
6216,17,13333345270800,15630900,6060.203637106,14307
6246,17,13399381194780,15708315,6090.205562445,14307
6281,17,13473644419500,15795375,6120.205637045,14307
6312,17,13540247596460,15873455,6150.206493986,14307
6343,17,13607571568560,15952380,6180.20676564,14307
6374,17,13673974287700,16030225,6210.208931969,14307
6406,17,13741328115220,16109185,6240.209506695,14307
6437,17,13807355509080,16186590,6270.210246604,14307
6468,17,13875622059440,16266620,6300.21149494,14307
6499,17,13942063164120,16344510,6330.213031615,14307
6530,17,14008116148340,16421945,6360.214752693,14307
6562,17,14076084144500,16501625,6390.215985815,14307
6594,17,14144184357520,16581460,6420.216241691,14307
6625,17,14211120209160,16659930,6450.218164523,14307
6656,17,14277676470460,16737955,6480.219060232,14307
6686,17,14342944683640,16814470,6510.220157694,14307
6717,17,14408605282340,16891445,6540.221366094,14307
6747,17,14473357423260,16967355,6570.222994037,14307
6777,17,14537781154560,17042880,6600.224629529,14307
6807,17,14602034283460,17118205,6630.22550751,14307
6837,17,14667345147240,17194770,6660.226908546,14307
6868,17,14732374517060,17271005,6690.228401102,14307
6898,17,14797779212160,17347680,6720.228903683,14307
6929,17,14862885353060,17424005,6750.229336917,14307
6959,17,14928200481900,17500575,6780.230463163,14307
6992,17,14999780983880,17584490,6810.232087932,14307
7023,17,15065488498240,17661520,6840.232576881,14307
7054,17,15131707819800,17739150,6870.233811919,14307
7084,17,15196784105280,17815440,6900.234628876,14307
7115,17,15263493908740,17893645,6930.235069759,14307
7145,17,15327985881000,17969250,6960.235786308,14307
7175,17,15392247540020,18044585,6990.236786373,14307
7206,17,15457729006200,18121350,7020.237828085,14307
7237,17,15523735074760,18198730,7050.239426981,14307
7267,17,15589826444520,18276210,7080.241101477,14307
7300,17,15660553934500,18359125,7110.24294377,14307
7331,17,15725715521180,18435515,7140.242997228,14307
7362,17,15792851830640,18514220,7170.244382223,14307
7392,17,15857838549860,18590405,7200.245734674,14307
7423,17,15922761293180,18666515,7230.247318721,14307
7453,17,15988374976220,18743435,7260.248204082,14307
7483,17,16052820032820,18818985,7290.248736609,14307
7513,17,16117299209900,18894575,7320.249549677,14307
7544,17,16183420435080,18972090,7350.250297971,14307
7575,17,16248965877160,19048930,7380.250883292,14307
7605,17,16314592355380,19125865,7410.251306469,14307
7636,17,16380018375780,19202565,7440.252946391,14307
7666,17,16444480492620,19278135,7470.254049625,14307
7695,17,16508272995040,19352920,7500.254674019,14307
7725,17,16572214774560,19427880,7530.255129342,14307
7756,17,16638600433460,19505705,7560.255815587,14307
7787,17,16703672453880,19581990,7590.257473948,14307
7817,17,16768522691180,19658015,7620.258013446,14307
7847,17,16832929362240,19733520,7650.260180716,14307
7877,17,16897860635680,19809640,7680.261425008,14307
7908,17,16963508439200,19886600,7710.261706801,14307
7938,17,17028043062060,19962255,7740.263694471,14307
7968,17,17093669540280,20039190,7770.265082406,14307
7999,17,17158434476380,20115115,7800.265378402,14307
8029,17,17224798809980,20192915,7830.266860444,14307
8060,17,17290135264120,20269510,7860.267071841,14307
8091,17,17355714826680,20346390,7890.268857504,14307
8122,17,17423149690340,20425445,7920.269117959,14307
8152,17,17487769614400,20501200,7950.270175743,14307
8183,17,17553093273360,20577780,7980.270691376,14307
8215,17,17622954956160,20659680,8010.272151176,14307
8246,17,17689502687340,20737695,8040.272463507,14307
8277,17,17756545165480,20816290,8070.27439178,14307
8308,17,17822239884660,20893305,8100.27526347,14307
8338,17,17887695760480,20970040,8130.276298103,14307
8371,17,17958278238420,21052785,8160.277070707,14307
8402,17,18023533656420,21129285,8190.277539551,14307
8433,17,18089774303280,21206940,8220.277794725,14307
8463,17,18155541528480,21284040,8250.279473554,14307
8494,17,18221534801860,21361405,8280.281274804,14307
8524,17,18286653737940,21437745,8310.282923301,14307
8555,17,18351956071600,21514300,8340.283916255,14307
8585,17,18415825345100,21589175,8370.285860404,14307
8615,17,18480236281220,21664685,8400.286196058,14307
8645,17,18544540590840,21740070,8430.287406738,14307
8675,17,18609949551000,21816750,8460.289190388,14307
8706,17,18675814872580,21893965,8490.290206978,14307
8738,17,18745250049380,21975365,8520.292184931,14307
8769,17,18810305009560,22051630,8550.294010518,14307
8799,17,18875790740800,22128400,8580.29521805,14307
8829,17,18940739074480,22204540,8610.29691143,14307
8861,17,19007738902020,22283085,8640.298635965,14307
8891,17,19072862103160,22359430,8670.299495879,14307
8922,17,19139883256000,22438000,8700.299802153,14307
8953,17,19204997927020,22514335,8730.301251565,14307
8984,17,19271524332900,22592325,8760.301347827,14307
9014,17,19336511052120,22668510,8790.302416702,14307
9044,17,19402282542380,22745615,8820.304250869,14307
9075,17,19468821743440,22823620,8850.305607064,14307
9106,17,19533770077120,22899760,8880.306502281,14307
9137,17,19600953302240,22978520,8910.307409983,14307
9167,17,19665359973300,23054025,8940.308679468,14307
9197,17,19729591776900,23129325,8970.308785931,14307
9228,17,19795316351500,23206375,9000.310278195,14307
9258,17,19859300781620,23281385,9030.311273712,14307
9287,17,19923332127400,23356450,9060.312573932,14307
9317,17,19987956316520,23432210,9090.314452904,14307
9348,17,20052409903240,23507770,9120.316350647,14307
9378,17,20117174839340,23583695,9150.317705237,14307
9408,17,20181926980260,23659605,9180.318808975,14307
9438,17,20246670591060,23735505,9210.319430031,14307
9469,17,20312224563260,23812355,9240.319903676,14307
9499,17,20376665354800,23887900,9270.320662928,14307
9528,17,20440462122280,23962690,9300.321241613,14307
9558,17,20504489203000,24037750,9330.32202847,14307
9588,17,20568699681300,24113025,9360.322289752,14307
9619,17,20633741846300,24189275,9390.322996866,14307
9648,17,20698016300500,24264625,9420.323063682,14307
9679,17,20762538128180,24340265,9450.323351731,14307
9709,17,20827456606440,24416370,9480.323709493,14307
9739,17,20892848506360,24493030,9510.325067328,14307
9770,17,20958611466500,24570125,9540.327089579,14307
9800,17,21023367872480,24646040,9570.327399045,14307
9831,17,21088994350700,24722975,9600.327532172,14307
9861,17,21154424636160,24799680,9630.328985268,14307
9893,17,21223096367220,24880185,9660.329038366,14307
9924,17,21288620484000,24957000,9690.329101088,14307
9954,17,21354123275480,25033790,9720.329258949,14307
9985,17,21419660187440,25110620,9750.330143737,14307
10015,17,21485329316260,25187605,9780.330751399,14307
10047,17,21552516806440,25266370,9810.332120544,14307
10077,17,21618254176220,25343435,9840.333741331,14307
10108,17,21684550268860,25421155,9870.334723867,14307
10139,17,21751208891600,25499300,9900.335093021,14307
10171,17,21819671634720,25579560,9930.336288533,14307
10203,17,21887183269460,25658705,9960.338131555,14307
10234,17,21953402591020,25736335,9990.3399884,14307
10264,17,22019007743940,25813245,10020.341042553,14307
10295,17,22084664077580,25890215,10050.342749054,14307
10325,17,22150090097980,25966915,10080.34280008,14307
10356,17,22215238889480,26043290,10110.343663859,14307
10386,17,22279948379800,26119150,10140.345545747,14307
10416,17,22345267773700,26195725,10170.346187889,14307
10446,17,22409849312220,26271435,10200.346980977,14307
10476,17,22474238923040,26346920,10230.347695423,14307
10507,17,22539502871160,26423430,10260.348450907,14307
10537,17,22604754024100,26499925,10290.350385904,14307
10567,17,22669531755380,26575865,10320.351638592,14307
10598,17,22734262571000,26651750,10350.353458645,14307
10628,17,22798848374580,26727465,10380.353548529,14307
10658,17,22863617575740,26803395,10410.354003241,14307
10688,17,22928271620280,26879190,10440.354423239,14307
10718,17,22993441737080,26955590,10470.354536288,14307
10751,17,23062595419920,27036660,10500.356363417,14307
10781,17,23128106741520,27113460,10530.35673975,14307
10812,17,23193562617340,27190195,10560.357259934,14307
10843,17,23259875770220,27267935,10590.357455649,14307
10873,17,23325374296640,27344720,10620.357587069,14307
10903,17,23390343955620,27420885,10650.358431125,14307
10934,17,23455778506140,27497595,10680.359357877,14307
10964,17,23521200261480,27574290,10710.360192644,14307
10995,17,23586741438500,27651125,10740.360488213,14307
11026,17,23652551314300,27728275,10770.362285308,14307
11056,17,23717670250380,27804615,10800.362466196,14307
11089,17,23789374439100,27888675,10830.363197348,14307
11121,17,23857913953300,27969025,10860.363433891,14307
11152,17,23922802576140,28045095,10890.364999554,14307
11182,17,23987558982120,28121010,10920.365146359,14307
11214,17,24057233002280,28202690,10950.365442652,14307
11245,17,24123993986460,28280955,10980.367530629,14307
11276,17,24189300585180,28357515,11010.36950863,14307
11306,17,24254799111600,28434300,11040.371077142,14307
11337,17,24321031228340,28511945,11070.371364096,14307
11370,17,24392330236360,28595530,11100.372458598,14307
11401,17,24458634859120,28673260,11130.373394393,14307
11432,17,24523843361460,28749705,11160.373580487,14307
11462,17,24588446225280,28825440,11190.374685337,14307
11492,17,24652968052960,28901080,11220.375677243,14307
11522,17,24717899326400,28977200,11250.375722677,14307
11553,17,24783180334760,29053730,11280.377547598,14307
11583,17,24848337656380,29130115,11310.377902295,14307
11614,17,24914736110460,29207955,11340.379097511,14307
11645,17,24980831745280,29285440,11370.380367041,14307
11675,17,25046172464480,29362040,11400.381715691,14307
11706,17,25112767111320,29440110,11430.381891081,14307
11737,17,25178687878680,29517390,11460.382358537,14307
11768,17,25244992501440,29595120,11490.38274217,14307
11799,17,25310789582060,29672255,11520.383300274,14307
11832,17,25383291337000,29757250,11550.384604529,14307
11867,17,25458036513500,29844875,11580.385631525,14307
11898,17,25523202365240,29921270,11610.387201101,14307
11928,17,25589178578380,29998615,11640.387718339,14307
11959,17,25654502237340,30075195,11670.389461499,14307
11990,17,25720700233600,30152800,11700.390859216,14307
12020,17,25785367073320,30228610,11730.393052472,14307
12050,17,25850234370860,30304655,11760.395069241,14307
12081,17,25916846077940,30382745,11790.395368034,14307
12112,17,25983133640460,30460455,11820.395857687,14307
12143,17,26048704672900,30537325,11850.396815704,14307
12174,17,26115644789600,30615800,11880.398225787,14307
12204,17,26180111171500,30691375,11910.398296204,14307
12235,17,26246658902680,30769390,11940.398880752,14307
12265,17,26311969766460,30845955,11970.400707558,14307
12295,17,26376589690520,30921710,12000.401203132,14307
12326,17,26441469783240,30997770,12030.402304834,14307
12356,17,26506140888020,31073585,12060.403369974,14307
12387,17,26572215197540,31151045,12090.404167742,14307
12417,17,26637453555300,31227525,12120.404389522,14307
12447,17,26701523286620,31302635,12150.40452883,14307
12477,17,26766083499840,31378320,12180.404770389,14307
12507,17,26830110580560,31453380,12210.405183644,14307
12537,17,26894167516700,31528475,12240.406374684,14307
12566,17,26957874717920,31603160,12270.406670102,14307
12597,17,27022980858820,31679485,12300.407432882,14307
12627,17,27087967578040,31755670,12330.408777998,14307
12657,17,27152813550280,31831690,12360.410001948,14307
12687,17,27217497450240,31907520,12390.410642165,14307
12718,17,27282582265840,31983820,12420.411383549,14307
12748,17,27348021081420,32060535,12450.411746113,14307
12779,17,27413532403020,32137335,12480.412064784,14307
12810,17,27479670688440,32214870,12510.41305671,14307
12840,17,27545834564220,32292435,12540.414279333,14307
12872,17,27612514512260,32370605,12570.415681247,14307
12902,17,27677919207360,32447280,12600.417383752,14307
12933,17,27744053227720,32524810,12630.418823391,14307
12964,17,27811061585380,32603365,12660.420586936,14307
12995,17,27878283196040,32682170,12690.421988149,14307
13027,17,27946481505440,32762120,12720.422865667,14307
13058,17,28012265790880,32839240,12750.424376369,14307
13090,17,28080297762940,32918995,12780.425934602,14307
13120,17,28146026602600,32996050,12810.427147002,14307
13151,17,28211572044680,33072890,12840.427806555,14307
13181,17,28276772016900,33149325,12870.428872263,14307
13212,17,28342372904760,33226230,12900.430892947,14307
13242,17,28407334033620,33302385,12930.432257257,14307
13273,17,28473574680480,33380040,12960.433915039,14307
13304,17,28539410146640,33457220,12990.434261233,14307
13335,17,28606427034420,33535785,13020.435492302,14307
13366,17,28672450163220,33613185,13050.437108077,14307
13396,17,28738605508880,33690740,13080.437822594,14307
13427,17,28804982637660,33768555,13110.438481269,14307
13460,17,28874532971080,33850090,13140.439138674,14307
13492,17,28943460605740,33930895,13170.440025684,14307
13525,17,29014256336680,34013890,13200.441807801,14307
13559,17,29086327320560,34098380,13230.442336611,14307
13590,17,29153382593880,34176990,13260.443559018,14307
13621,17,29221320734620,34256635,13290.445087327,14307
13664,17,29312162247560,34363130,13320.446064102,14307
13695,17,29379575785920,34442160,13350.44686395,14307
13727,17,29447650408580,34521965,13380.448371006,14307
13759,17,29515541633660,34601555,13410.449319745,14307
13790,17,29583855099680,34681640,13440.449864134,14307
13822,17,29651520276580,34760965,13470.451704936,14307
13854,17,29720260248600,34841550,13500.451906235,14307
13885,17,29787678052020,34920585,13530.453421687,14307
13917,17,29855547951800,35000150,13560.453796014,14307
13948,17,29922906044380,35079115,13590.454856199,14307
13980,17,29990502980320,35158360,13620.455602505,14307
14012,17,30059042494520,35238710,13650.455854863,14307
14044,17,30127019020800,35318400,13680.456586072,14307
14076,17,30195801643420,35399035,13710.458379458,14307
14107,17,30263927446800,35478900,13740.459813695,14307
14139,17,30332172671860,35558905,13770.460010507,14307
14170,17,30399061607840,35637320,13800.460705251,14307
14202,17,30467541411200,35717600,13830.461887442,14307
14235,17,30538256106000,35800500,13860.462804688,14307
14267,17,30606979017780,35881065,13890.463274485,14307
14301,17,30680261278700,35966975,13920.464150105,14307
30,18,64120912040,75170,30.001910146,14307
60,18,127410137380,149365,60.004060417,14307
90,18,191096013300,224025,90.005802167,14307
120,18,255843889160,299930,120.007251033,14307
149,18,318638367540,373545,150.009277078,14307
178,18,381684484460,447455,180.00948055,14307
208,18,445097396540,521795,210.010428217,14307
237,18,507734067700,595225,240.012379654,14307
267,18,571198160500,669625,270.013965199,14307
297,18,635690132760,745230,300.015587733,14307
326,18,699017743640,819470,330.016721518,14307
356,18,762119306340,893445,360.017399602,14307
385,18,825498097940,967745,390.017663784,14307
415,18,888919540140,1042095,420.018949276,14307
444,18,952157584760,1116230,450.020400454,14307
474,18,1015276207700,1190225,480.02126109,14307
504,18,1079482420940,1265495,510.02140531,14307
534,18,1143641718520,1340710,540.022087536,14307
563,18,1206926678800,1414900,570.023062081,14307
593,18,1270446217380,1489365,600.023620437,14307
622,18,1333449683700,1563225,630.023953767,14307
652,18,1397361607800,1638150,660.026069405,14307
682,18,1462958230600,1715050,690.026479982,14307
712,18,1527262540220,1790435,720.028322973,14307
742,18,1590376898100,1864425,750.030041789,14307
771,18,1653700243920,1938660,780.032053014,14307
801,18,1716285734360,2012030,810.032630884,14307
830,18,1779783947640,2086470,840.033589785,14307
860,18,1843371727180,2161015,870.034120047,14307
889,18,1906682277820,2235235,900.035106677,14307
919,18,1970606997100,2310175,930.035815931,14307
949,18,2034173451340,2384695,960.036186942,14307
978,18,2097641809200,2459100,990.036762389,14307
1008,18,2161152817660,2533555,1020.036905082,14307
1038,18,2225666115220,2609185,1050.03695557,14307
1068,18,2290145292300,2684775,1080.038723307,14307
1098,18,2353711746540,2759295,1110.038992716,14307
1127,18,2416723742980,2833165,1140.039360665,14307
1157,18,2480119594820,2907485,1170.040992354,14307
1186,18,2543920627360,2982280,1200.042467744,14307
1216,18,2607286623780,3056565,1230.043667125,14307
1245,18,2670686740680,3130890,1260.045088033,14307
1275,18,2734227604560,3205380,1290.046048957,14307
1305,18,2798693986460,3280955,1320.046766962,14307
1334,18,2861752898560,3354880,1350.048636833,14307
1364,18,2925336413040,3429420,1380.050377318,14307
1394,18,2988450770920,3503410,1410.051389375,14307
1423,18,3051309225200,3577100,1440.052104245,14307
1453,18,3115575149280,3652440,1470.053820117,14307
1483,18,3179760037220,3727685,1500.054030807,14307
1512,18,3243646370960,3802580,1530.054790685,14307
1542,18,3306683957760,3876480,1560.055514456,14307
1573,18,3372523688980,3953665,1590.057076618,14307
1602,18,3435433323980,4027415,1620.057508131,14307
1631,18,3498769464980,4101665,1650.059464877,14307
1661,18,3562515051740,4176395,1680.060709033,14307
1691,18,3626158277060,4251005,1710.062308297,14307
1720,18,3689925189120,4325760,1740.063458628,14307
1750,18,3753210149400,4399950,1770.065438763,14307
1779,18,3816439663900,4474075,1800.066903773,14307
1810,18,3881046792780,4549815,1830.068373912,14307
1839,18,3944549271120,4624260,1860.070093793,14307
1869,18,4008776809660,4699555,1890.072076489,14307
1899,18,4072484010880,4774240,1920.072180374,14307
1929,18,4136630513280,4849440,1950.072304696,14307
1959,18,4200870847000,4924750,1980.073574373,14307
1988,18,4264236843420,4999035,2010.074372133,14307
2018,18,4327666815740,5073395,2040.075229677,14307
2047,18,4391339896480,5148040,2070.076540478,14307
2077,18,4454641917000,5222250,2100.078635039,14307
2106,18,4517764805000,5296250,2130.079089186,14307
2136,18,4581561572480,5371040,2160.080138609,14307
2166,18,4645332749600,5445800,2190.081656936,14307
2196,18,4710750239880,5522490,2220.083546972,14307
2227,18,4776342597620,5599385,2250.084657304,14307
2257,18,4840493365080,5674590,2280.084884629,14307
2290,18,4910909505680,5757140,2310.085180138,14307
2319,18,4974484490040,5831670,2340.085556619,14307
2349,18,5037274703360,5905280,2370.086603432,14307
2378,18,5100853952780,5979815,2400.087623638,14307
2408,18,5164599539540,6054545,2430.088304268,14307
2437,18,5227863174520,6128710,2460.088504875,14307
2467,18,5292423387740,6204395,2490.090281739,14307
2497,18,5356173239560,6279130,2520.090486124,14307
2527,18,5419662922720,6353560,2550.092318897,14307
2556,18,5483382919120,6428260,2580.093659559,14307
2587,18,5548565831100,6504675,2610.095297003,14307
2617,18,5612311417860,6579405,2640.096360016,14307
2646,18,5676474980500,6654625,2670.096693029,14307
2676,18,5740177916660,6729305,2700.096815268,14307
2706,18,5803236828760,6803230,2730.097483082,14307
2735,18,5866717981800,6877650,2760.098020668,14307
2765,18,5931030821540,6953045,2790.099897809,14307
2795,18,5995241299840,7028320,2820.100080389,14307
2825,18,6059170284180,7103265,2850.100383318,14307
2855,18,6123363702240,7178520,2880.102376809,14307
2885,18,6187177529960,7253330,2910.10403699,14307
2914,18,6250522201080,7327590,2940.105134894,14307
2944,18,6313751715580,7401715,2970.107257839,14307
2974,18,6379275832360,7478530,3000.107655327,14307
3007,18,6450101418720,7561560,3030.108645514,14307
3038,18,6515578619840,7638320,3060.109638119,14307
3067,18,6578714303020,7712335,3090.110456007,14307
3097,18,6642003528360,7786530,3120.11246371,14307
3126,18,6705395115140,7860845,3150.11325735,14307
3155,18,6768479617600,7934800,3180.115332349,14307
3185,18,6832058867020,8009335,3210.115869213,14307
3215,18,6896542309160,8084930,3240.117064452,14307
3245,18,6959746233300,8159025,3270.119124501,14307
3274,18,7023112229720,8233310,3300.119462074,14307
3304,18,7087083864660,8308305,3330.120757084,14307
3334,18,7151247427300,8383525,3360.121928817,14307
3363,18,7214668869500,8457875,3390.123112902,14307
3393,18,7278508287580,8532715,3420.123777524,14307
3423,18,7342160043020,8607335,3450.125475418,14307
3453,18,7406020786400,8682200,3480.126007731,14307
3482,18,7469352662340,8756445,3510.126661946,14307
3512,18,7532390249140,8830345,3540.126801113,14307
3541,18,7595705064840,8904570,3570.127223563,14307
3571,18,7659105181740,8978895,3600.128823006,14307
3600,18,7722338961300,9053025,3630.130834297,14307
3630,18,7785594066160,9127180,3660.131799146,14307
3659,18,7849659532420,9202285,3690.133066217,14307
3689,18,7912876251740,9276395,3720.13358524,14307
3718,18,7975657934940,9349995,3750.134531005,14307
3748,18,8039186003640,9424470,3780.134763778,14307
3778,18,8103260000020,9499585,3810.136274878,14307
3807,18,8166864839800,9574150,3840.138124867,14307
3837,18,8230260691640,9648470,3870.138262493,14307
3866,18,8293153266400,9722200,3900.139781346,14307
3896,18,8356280419460,9796205,3930.140785967,14307
3925,18,8419292415900,9870075,3960.141525976,14307
3954,18,8482551785820,9944235,3990.142263883,14307
3984,18,8545644818400,10018200,4020.143208409,14307
4013,18,8608558718460,10091955,4050.143606263,14307
4043,18,8671566449840,10165820,4080.144174888,14307
4072,18,8734501675200,10239600,4110.144676403,14307
4101,18,8797680008980,10313665,4140.145262102,14307
4131,18,8860478752420,10387285,4170.146178635,14307
4160,18,8923213519960,10460830,4200.146516028,14307
4190,18,8987701227160,10536430,4230.148290576,14307
4221,18,9054129536660,10614305,4260.150011027,14307
4250,18,9117538183680,10688640,4290.150957143,14307
4280,18,9180848734320,10762860,4320.151232449,14307
4309,18,9244133694600,10837050,4350.152042206,14307
4339,18,9307273642840,10911070,4380.153148149,14307
4369,18,9371155711520,10985960,4410.155062583,14307
4398,18,9434295659760,11059980,4440.155278589,14307
4428,18,9497712836900,11134325,4470.156925579,14307
4457,18,9560601146600,11208050,4500.157032881,14307
4487,18,9624790299600,11283300,4530.158654633,14307
4517,18,9688834440560,11358380,4560.159029032,14307
4547,18,9752882846580,11433465,4590.159439971,14307
4577,18,9817131710420,11508785,4620.161138199,14307
4607,18,9881627947740,11584395,4650.161959337,14307
4636,18,9944401100820,11657985,4680.162854857,14307
4665,18,10007541049060,11732005,4710.163978521,14307
4695,18,10070881455120,11806260,4740.166183134,14307
4724,18,10134375403340,11880695,4770.166697617,14307
4754,18,10197447110620,11954635,4800.168575748,14307
4783,18,10261005034740,12029145,4830.169077393,14307
4813,18,10324021296240,12103020,4860.170966788,14307
4842,18,10387297726400,12177200,4890.172821222,14307
4872,18,10450604011980,12251415,4920.173791159,14307
4902,18,10514763309560,12326630,4950.173986484,14307
4931,18,10577084366280,12399690,4980.174115229,14307
4960,18,10640787302440,12474370,5010.174828742,14307
4990,18,10704537154260,12549105,5040.176644758,14307
5020,18,10768815873520,12624460,5070.177598311,14307
5049,18,10831687122980,12698165,5100.179096492,14307
5079,18,10894583962800,12771900,5130.179719553,14307
5109,18,10958696344720,12847060,5160.181270834,14307
5138,18,11022062341140,12921345,5190.18214537,14307
5168,18,11085513638760,12995730,5220.183089911,14307
5198,18,11149604695380,13070865,5250.183900905,14307
5227,18,11213405727920,13145660,5280.184309811,14307
5257,18,11276485965320,13219610,5310.186403345,14307
5287,18,11340670853260,13294855,5340.186911477,14307
5317,18,11405384608640,13370720,5370.188319543,14307
5346,18,11468831641200,13445100,5400.189984927,14307
5377,18,11534752408560,13522380,5430.190238978,14307
5407,18,11598446814600,13597050,5460.190310998,14307
5436,18,11661753100180,13671265,5490.190780175,14307
5466,18,11724927168900,13745325,5520.192170696,14307
5498,18,11794234393900,13826575,5550.193617896,14307
5530,18,11861609546720,13905560,5580.193962338,14307
5559,18,11925444699740,13980395,5610.194153908,14307
5589,18,11988465226300,14054275,5640.194899325,14307
5618,18,12051997560060,14128755,5670.196163846,14307
5648,18,12116139797400,14203950,5700.196847669,14307
5679,18,12181425070820,14280485,5730.198083493,14307
5709,18,12246514151480,14356790,5760.198891925,14307
5739,18,12310332244260,14431605,5790.199257848,14307
5769,18,12375318963480,14507790,5820.200902602,14307
5799,18,12440002863440,14583620,5850.202280343,14307
5829,18,12503130016500,14657625,5880.204005333,14307
5858,18,12566167603300,14731525,5910.206068436,14307
5887,18,12629260635880,14805490,5940.206417721,14307
5917,18,12692473090140,14879595,5970.207802106,14307
5946,18,12755369929960,14953330,6000.208450483,14307
5976,18,12818902263720,15027810,6030.21038827,14307
6005,18,12882037946900,15101825,6060.212448558,14307
6035,18,12945796328840,15176570,6090.214008784,14307
6064,18,13008407409640,15249970,6120.214241161,14307
6094,18,13071696634980,15324165,6150.21521448,14307
6123,18,13135224703680,15398640,6180.217209619,14307
6153,18,13199059856700,15473475,6210.21778317,14307
6183,18,13264191587960,15549830,6240.219829057,14307
6213,18,13327165198860,15623655,6270.221109965,14307
6243,18,13393073171040,15700920,6300.222763502,14307
6273,18,13456631095160,15775430,6330.224034062,14307
6303,18,13521148657780,15851065,6360.225186962,14307
6333,18,13585725931240,15926770,6390.226039602,14307
6363,18,13650687060100,16002925,6420.226440445,14307
6394,18,13717153755140,16080845,6450.22768801,14307
6424,18,13780238257600,16154800,6480.229383843,14307
6454,18,13844231217840,16229820,6510.230985965,14307
6483,18,13907635599800,16304150,6540.23240818,14307
6513,18,13972387740720,16380060,6570.233737599,14307
6543,18,14034815423940,16453245,6600.235034389,14307
6572,18,14097059709580,16526215,6630.235187594,14307
6601,18,14160417175880,16600490,6660.236432563,14307
6630,18,14223446232560,16674380,6690.236998278,14307
6660,18,14286471024180,16748265,6720.238212784,14307
6689,18,14349747454340,16822445,6750.239330884,14307
6719,18,14412537667660,16896055,6780.241031249,14307
6748,18,14475153013520,16969460,6810.242238756,14307
6777,18,14538126624420,17043285,6840.244317893,14307
6807,18,14601155681100,17117175,6870.245983272,14307
6836,18,14664142087180,17191015,6900.247507365,14307
6866,18,14727827963100,17265675,6930.248142563,14307
6895,18,14790648031840,17339320,6960.248333774,14307
6924,18,14853199401800,17412650,6990.249454126,14307
6953,18,14916198603060,17486505,7020.251480818,14307
6983,18,14980242744020,17561585,7050.251815979,14307
7013,18,15043293126000,17635500,7080.253679412,14307
7043,18,15107861869340,17711195,7110.254938127,14307
7072,18,15171492299480,17785790,7140.256984254,14307
7102,18,15235080079020,17860335,7170.259109584,14307
7132,18,15298399159780,17934565,7200.259336458,14307
7161,18,15361325855020,18008335,7230.261267348,14307
7190,18,15424572429760,18082480,7260.262087041,14307
7220,18,15488475823740,18157395,7290.263757104,14307
7250,18,15551483555120,18231260,7320.263994794,14307
7279,18,15614192732300,18304775,7350.26413809,14307
7308,18,15677545933540,18379045,7380.265562694,14307
7338,18,15740685881780,18453065,7410.267414971,14307
7367,18,15804469854080,18527840,7440.268478396,14307
7397,18,15867306983060,18601505,7470.268932343,14307
7426,18,15930626063820,18675735,7500.269596716,14307
7455,18,15993168903660,18749055,7530.270187336,14307
7485,18,16055988972400,18822700,7560.272210434,14307
7514,18,16118476366460,18895955,7590.273981003,14307
7544,18,16182226218280,18970690,7620.275178198,14307
7573,18,16245302190620,19044635,7650.276953056,14307
7602,18,16308480524400,19118700,7680.277109029,14307
7632,18,16372904255700,19194225,7710.27803223,14307
7661,18,16435033384720,19267060,7740.278811154,14307
7691,18,16497921694420,19340785,7770.280885175,14307
7720,18,16561722726960,19415580,7800.2822115,14307
7750,18,16624628096900,19489325,7830.282671333,14307
7779,18,16687469490940,19562995,7860.284216273,14307
7809,18,16751198017460,19637705,7890.285226982,14307
7838,18,16814755941580,19712215,7920.286412028,14307
7868,18,16877529094660,19785805,7950.288102929,14307
7897,18,16940980392280,19860190,7980.289152161,14307
7927,18,17004819810360,19935030,8010.289508844,14307
7957,18,17068744529640,20009970,8040.290727626,14307
7986,18,17132046550160,20084180,8070.291334666,14307
8016,18,17195190763460,20158205,8100.292394782,14307
8046,18,17259533458620,20233635,8130.293383916,14307
8075,18,17322259696040,20307170,8160.295169299,14307
8105,18,17386295306880,20382240,8190.296188672,14307
8134,18,17449682628600,20456550,8220.297569223,14307
8164,18,17512963323820,20530735,8250.297967658,14307
8193,18,17575770597380,20604365,8280.29819952,14307
8223,18,17639008642000,20678500,8310.298541814,14307
8252,18,17702140060120,20752510,8340.299151306,14307
8281,18,17765075285480,20826290,8370.301123825,14307
8311,18,17827784462660,20899805,8400.301970448,14307
8340,18,17890561880800,20973400,8430.302236927,14307
8369,18,17954030238660,21047805,8460.30342358,14307
8399,18,18016782066440,21121370,8490.304753192,14307
8429,18,18081056520640,21196720,8520.305420082,14307
8458,18,18144153818280,21270690,8550.306815029,14307
8488,18,18207536874940,21344995,8580.308150028,14307
8517,18,18270531811140,21418845,8610.309810878,14307
8546,18,18333936193100,21493175,8640.311825567,14307
8576,18,18397016430500,21567125,8670.311952875,14307
8606,18,18462519221980,21643915,8700.313966315,14307
8636,18,18526507917160,21718930,8730.315951276,14307
8666,18,18590138347300,21793525,8760.316308162,14307
8696,18,18654259259340,21868695,8790.317394768,14307
8726,18,18718802412320,21944360,8820.317894621,14307
8755,18,18781498794320,22017860,8850.319269056,14307
8785,18,18845551465400,22092950,8880.319489527,14307
8815,18,18910069028020,22168585,8910.320259902,14307
8844,18,18973196181080,22242590,8940.321319461,14307
8873,18,19035431936600,22315550,8970.322042842,14307
8903,18,19098972800480,22390040,9000.323171803,14307
8933,18,19163264314920,22465410,9030.323781878,14307
8962,18,19225619492120,22538510,9060.325772264,14307
8992,18,19288669874100,22612425,9090.32696043,14307
9021,18,19351225509120,22685760,9120.327338724,14307
9050,18,19414203385080,22759590,9150.328157455,14307
9079,18,19476938152620,22833135,9180.328367821,14307
9108,18,19539378631020,22906335,9210.328500868,14307
9138,18,19602006772060,22979755,9240.329251977,14307
9167,18,19665099804640,23053720,9270.330968129,14307
9196,18,19727557343280,23126940,9300.331802019,14307
9225,18,19789912520480,23200040,9330.333889549,14307
9254,18,19852267697680,23273140,9360.335152321,14307
9284,18,19915219983280,23346940,9390.337200937,14307
9313,18,19977865184560,23420380,9420.338196045,14307
9342,18,20040369638860,23493655,9450.339993593,14307
9371,18,20103309129280,23567440,9480.340801486,14307
9401,18,20166483198000,23641500,9510.342600792,14307
9430,18,20229559170340,23715445,9540.343000496,14307
9460,18,20292660733040,23789420,9570.344933429,14307
9489,18,20355386970460,23862955,9600.345885899,14307
9518,18,20418207039200,23936600,9630.346375775,14307
9547,18,20480570746520,24009710,9660.347426082,14307
9576,18,20543407875500,24083375,9690.347980114,14307
9606,18,20606790932160,24157680,9720.350198694,14307
9636,18,20670442687600,24232300,9750.351779677,14307
9665,18,20734333286400,24307200,9780.353466457,14307
9695,18,20798249475560,24382130,9810.354976439,14307
9725,18,20862204050260,24457105,9840.356700134,14307
9754,18,20925258697300,24531025,9870.357357267,14307
9784,18,20989127970800,24605900,9900.357915087,14307
9815,18,21054396183980,24682415,9930.358853765,14307
9844,18,21118269722540,24757295,9960.35955299,14307
9874,18,21182083550260,24832105,9990.360517682,14307
9904,18,21245807811720,24906810,10020.362095945,14307
9934,18,21310517302040,24982670,10050.363956253,14307
9964,18,21374872792380,25058115,10080.365841381,14307
9994,18,21438260114100,25132425,10110.367851597,14307
10023,18,21500871194900,25205825,10140.368091098,14307
10052,18,21563968492540,25279795,10170.369115913,14307
10082,18,21628072344340,25354945,10200.370360191,14307
10111,18,21691024629940,25428745,10230.372248024,14307
10141,18,21754352240820,25502985,10260.37338444,14307
10170,18,21817603080620,25577135,10290.375268648,14307
10200,18,21880768619220,25651185,10320.377225512,14307
10229,18,21943550302420,25724785,10350.378076644,14307
10258,18,22006067551900,25798075,10380.379765296,14307
10287,18,22068789524260,25871605,10410.380368835,14307
10317,18,22131767400220,25945435,10440.382313342,14307
10347,18,22195692119500,26020375,10470.383105547,14307
10377,18,22260047609840,26095820,10500.384551474,14307
10406,18,22323059606280,26169690,10530.384716051,14307
10435,18,22386080132840,26243570,10560.386304594,14307
10465,18,22449407743720,26317810,10590.386369671,14307
10494,18,22512368559440,26391620,10620.388113788,14307
10524,18,22575295254680,26465390,10650.389750307,14307
10553,18,22638435202920,26539410,10680.39002397,14307
10583,18,22703067922160,26615180,10710.391212199,14307
10613,18,22766553340260,26689605,10740.393283283,14307
10642,18,22829586662000,26763500,10770.394111185,14307
10671,18,22892248923520,26836960,10800.395055946,14307
10701,18,22955009281420,26910535,10830.39561945,14307
10730,18,23018737807940,26985245,10860.397102708,14307
10760,18,23082278671820,27059735,10890.398626591,14307
10789,18,23145700114020,27134085,10920.399912133,14307
10820,18,23210384013980,27209915,10950.402043658,14307
10850,18,23276479648800,27287400,10980.40235196,14307
10880,18,23339559886200,27361350,11010.404088604,14307
10909,18,23403198846460,27435955,11040.404860652,14307
10939,18,23466722650100,27510425,11070.405182314,14307
10969,18,23530826501900,27585575,11100.405315794,14307
10999,18,23595275823560,27661130,11130.406349627,14307
11028,18,23658198253740,27734895,11160.408227767,14307
11058,18,23721359527280,27808940,11190.409444494,14307
11087,18,23785028342960,27883580,11220.411153675,14307
11117,18,23849336917640,27958970,11250.411750247,14307
11147,18,23912229492400,28032700,11280.412890202,14307
11176,18,23975441946660,28106805,11310.414894355,14307
11206,18,24038761027420,28181035,11340.415018362,14307
11235,18,24101922300960,28255080,11370.415388489,14307
11265,18,24164959887760,28328980,11400.416807567,14307
11294,18,24229140510640,28404220,11430.417678303,14307
11324,18,24293129205820,28479235,11460.41812315,14307
11354,18,24356209443220,28553185,11490.418632989,14307
11383,18,24419579704700,28627475,11520.418895749,14307
11415,18,24487957146620,28707635,11550.420202234,14307
11445,18,24551826420120,28782510,11580.420403576,14307
11474,18,24615456850260,28857105,11610.421457592,14307
11504,18,24678703425000,28931250,11640.422834762,14307
11533,18,24741301710620,29004635,11670.424423555,14307
11562,18,24804211345620,29078385,11700.42592707,14307
11592,18,24867005824000,29152000,11730.427113716,14307
11621,18,24930103121640,29225970,11760.428102895,14307
11651,18,24993132178320,29299860,11790.428564146,14307
11680,18,25056071668740,29373645,11820.429037058,14307
11709,18,25118499351960,29446830,11850.429174492,14307
11739,18,25182121251980,29521415,11880.430532076,14307
11768,18,25245090597820,29595235,11910.430580163,14307
11797,18,25308401148460,29669455,11940.431494614,14307
11827,18,25371366229240,29743270,11970.433470097,14307
11856,18,25434954008780,29817815,12000.435264945,14307
11886,18,25498290149780,29892065,12030.435803528,14307
11916,18,25562312965440,29967120,12060.436078774,14307
11946,18,25627529997900,30043575,12090.437295443,14307
11976,18,25691271319600,30118300,12120.438580132,14307
12005,18,25754232135320,30192110,12150.439429266,14307
12035,18,25817047939000,30265750,12180.441081446,14307
12064,18,25879735790880,30339240,12210.443041539,14307
12093,18,25942773377680,30413140,12240.444158821,14307
12122,18,26005329012700,30486475,12270.444580066,14307
12152,18,26067888912780,30559815,12300.445846666,14307
12181,18,26130615150200,30633350,12330.447570674,14307
12210,18,26193861724940,30707495,12360.4480165,14307
12240,18,26256997408120,30781510,12390.448388692,14307
12270,18,26321050079200,30856600,12420.450272643,14307
12300,18,26385968557460,30932705,12450.451998129,14307
12329,18,26449552071940,31007245,12480.45230596,14307
12359,18,26513118526180,31081765,12510.452851565,14307
12389,18,26576979269560,31156630,12540.453359423,14307
12419,18,26642435145380,31233365,12570.453974312,14307
12450,18,26707592467000,31309750,12600.454719897,14307
12480,18,26772084439260,31385355,12630.456582748,14307
12509,18,26835011134500,31459125,12660.458444811,14307
12539,18,26898505082720,31533560,12690.460350413,14307
12570,18,26965155175340,31611695,12720.460760758,14307
12600,18,27029399774120,31687010,12750.462431755,14307
12629,18,27092787095840,31761320,12780.462660541,14307
12659,18,27156536947660,31836055,12810.463499436,14307
12689,18,27221562052420,31912285,12840.46462957,14307
12719,18,27284923783780,31986565,12870.466280795,14307
12749,18,27348972189800,32061650,12900.466671879,14307
12778,18,27412777487400,32136450,12930.467502678,14307
12808,18,27476693676560,32211380,12960.46905792,14307
12838,18,27540413672960,32286080,12990.469184287,14307
12869,18,27606377090920,32363410,13020.469503283,14307
12899,18,27670711255960,32438830,13050.469653347,14307
12930,18,27736922047400,32516450,13080.471297764,14307
12960,18,27801806405180,32592515,13110.472175794,14307
12990,18,27866835775000,32668750,13140.473695802,14307
13021,18,27933276879680,32746640,13170.473984652,14307
13053,18,28001001767420,32826035,13200.474441915,14307
13084,18,28068018655200,32904600,13230.476132522,14307
13113,18,28130540169740,32977895,13260.476599092,14307
13146,18,28201591804280,33061190,13290.476853276,14307
13177,18,28267892161980,33138915,13320.478669064,14307
13208,18,28334102953420,33216535,13350.480603239,14307
13238,18,28399341311180,33293015,13380.481611594,14307
13269,18,28464763066520,33369710,13410.482562174,14307
13300,18,28531630677200,33448100,13440.484160571,14307
13330,18,28597150528920,33524910,13470.484303846,14307
13361,18,28663600163720,33602810,13500.485707871,14307
13392,18,28729802425040,33680420,13530.486709033,14307
13423,18,28795817023720,33757810,13560.487176377,14307
13454,18,28861938248900,33835325,13590.488758842,14307
13484,18,28927543401820,33912235,13620.490326251,14307
13515,18,28993336217380,33989365,13650.490442891,14307
13546,18,29059414791960,34066830,13680.491656201,14307
13577,18,29124994354520,34143710,13710.492134113,14307
13608,18,29191448254380,34221615,13740.492507011,14307
13638,18,29256887069960,34298330,13770.494179023,14307
13669,18,29322820632500,34375625,13800.496004614,14307
13700,18,29390387713020,34454835,13830.496871512,14307
13732,18,29457605058620,34533635,13860.497853596,14307
13766,18,29531023801460,34619705,13890.498320132,14307
13798,18,29599789363840,34700320,13920.499631774,14307
13833,18,29675984660740,34789645,13950.499773483,14307
13879,18,29773965884120,34904510,13980.5002327,14307
13969,18,29967198692480,35131040,14010.500957453,14307
14016,18,30066864614560,35247880,14040.501044292,14307
14105,18,30259385157900,35473575,14070.501295938,14307
14252,18,30573617718460,35841955,14100.501820287,14307
31,19,64816116820,75985,30.001603402,14307
62,19,131572835940,154245,60.001724674,14307
93,19,197600229800,231650,90.003049122,14307
123,19,263435695960,308830,120.003188845,14307
154,19,328413885060,385005,150.003693701,14307
184,19,393110580200,460850,180.00548891,14307
214,19,458195395800,537150,210.006981737,14307
244,19,522657512640,612720,240.007437694,14307
274,19,587580255960,688830,270.008640157,14307
305,19,652443288440,764870,300.010065775,14307
335,19,718078296780,841815,330.011263928,14307
365,19,782757931680,917640,360.012724136,14307
396,19,847599638860,993655,390.014728073,14307
426,19,912449876160,1069680,420.015361605,14307
456,19,977120980940,1145495,450.016551588,14307
486,19,1042355073640,1221970,480.017909003,14307
516,19,1106676443500,1297375,510.019092999,14307
547,19,1171488295260,1373355,540.021014128,14307
577,19,1235907761500,1448875,570.021814906,14307
607,19,1300450914480,1524540,600.023660644,14307
637,19,1364977007220,1600185,630.024111221,14307
667,19,1430671726400,1677200,660.024178335,14307
698,19,1495368421540,1753045,690.025131679,14307
728,19,1560133357640,1828970,720.026773865,14307
758,19,1624309715460,1904205,750.026900965,14307
788,19,1688545784120,1979510,780.028622206,14307
817,19,1752393732320,2054360,810.028885594,14307
848,19,1817107487700,2130225,840.028999333,14307
879,19,1884081724880,2208740,870.030358277,14307
912,19,1956127118400,2293200,900.031828466,14307
943,19,2021497693020,2369835,930.032098419,14307
973,19,2086185858040,2445670,960.032526959,14307
1003,19,2150775926680,2521390,990.034067055,14307
1033,19,2215455561580,2597215,1020.035420102,14307
1063,19,2280305798880,2673240,1050.0354928,14307
1094,19,2345851240960,2750080,1080.036877305,14307
1124,19,2410377333700,2825725,1110.037581645,14307
1154,19,2474843715600,2901300,1140.038067412,14307
1185,19,2540606675740,2978395,1170.039554564,14307
1215,19,2605201009440,3054120,1200.040287999,14307
1245,19,2670678210560,3130880,1230.041418402,14307
1276,19,2735763026160,3207180,1260.042989656,14307
1306,19,2800242203240,3282770,1290.044463739,14307
1336,19,2864896247780,3358565,1320.04493496,14307
1366,19,2929597207980,3434415,1350.045007518,14307
1397,19,2995232216320,3511360,1380.047087206,14307
1427,19,3059498140400,3586700,1410.047637823,14307
1457,19,3124079678920,3662410,1440.048769593,14307
1487,19,3188797699360,3738280,1470.049846319,14307
1517,19,3253532780040,3814170,1500.051022859,14307
1548,19,3318920414900,3890825,1530.051303207,14307
1578,19,3383318555840,3966320,1560.053160394,14307
1608,19,3448185853380,4042365,1590.053360045,14307
1638,19,3512839897920,4118160,1620.054352116,14307
1668,19,3578338424340,4194945,1650.055607727,14307
1698,19,3642523312280,4270190,1680.056857103,14307
1729,19,3707237067660,4346055,1710.057164073,14307
1759,19,3772159810980,4422165,1740.05900044,14307
1789,19,3836267927840,4497320,1770.059526175,14307
1819,19,3900721514560,4572880,1800.061351267,14307
1849,19,3965793534980,4649165,1830.062321657,14307
1883,19,4038325145340,4734195,1860.062859652,14307
1913,19,4102974924820,4809985,1890.064746321,14307
1943,19,4168004294640,4886220,1920.065941333,14307
1974,19,4233805640320,4963360,1950.066139163,14307
2004,19,4298634552320,5039360,1980.068166055,14307
2034,19,4363015633020,5114835,2010.068395596,14307
2064,19,4427388183600,5190300,2040.070078263,14307
2094,19,4491905746220,5265935,2070.07157103,14307
2124,19,4556086369100,5341175,2100.073175032,14307
2154,19,4620399208840,5416570,2130.07405507,14307
2184,19,4685181205180,5492515,2160.075353548,14307
2215,19,4749937611160,5568430,2190.077334325,14307
2245,19,4814783583400,5644450,2220.079195891,14307
2275,19,4879245700240,5720020,2250.079301645,14307
2305,19,4944104467660,5796055,2280.081602546,14307
2336,19,5009769331420,5873035,2310.082631231,14307
2366,19,5074384990420,5948785,2340.084195076,14307
2396,19,5138305444640,6023720,2370.086055083,14307
2426,19,5202989344600,6099550,2400.086791185,14307
2456,19,5267558087940,6175245,2430.086893567,14307
2486,19,5332365674640,6251220,2460.087065035,14307
2517,19,5397731984200,6327850,2490.088492846,14307
2547,19,5462462799820,6403735,2520.090224008,14307
2577,19,5527500699760,6479980,2550.091578891,14307
2608,19,5594197708040,6558170,2580.092215868,14307
2638,19,5658868812820,6633985,2610.092637159,14307
2669,19,5725365363280,6711940,2640.093066015,14307
2699,19,5789780564460,6787455,2670.093219892,14307
2729,19,5854332247560,6863130,2700.093500987,14307
2759,19,5918576846340,6938445,2730.09419772,14307
2790,19,5983341782440,7014370,2760.094749746,14307
2821,19,6050665754540,7093295,2790.095428313,14307
2852,19,6116974642360,7171030,2820.096803537,14307
2882,19,6182217265180,7247515,2850.097049828,14307
2913,19,6248189213260,7324855,2880.09897422,14307
2943,19,6313022390320,7400860,2910.099321169,14307
2976,19,6382534338200,7482350,2940.100371624,14307
3007,19,6450596165680,7562140,2970.101124077,14307
3038,19,6515706571640,7638470,3000.101471806,14307
3068,19,6580607989660,7714555,3030.101880855,14307
3099,19,6646443455820,7791735,3060.102339462,14307
3129,19,6711212656980,7867665,3090.103236568,14307
3159,19,6776135400300,7943775,3120.103437919,14307
3189,19,6840546336420,8019285,3150.103830957,14307
3219,19,6904910356880,8094740,3180.104010276,14307
3250,19,6970494184500,8171625,3210.106150486,14307
3280,19,7036112132600,8248550,3240.107403744,14307
3311,19,7101064731340,8324695,3270.108020843,14307
3341,19,7165492727700,8400225,3300.108732548,14307
3372,19,7232006338400,8478200,3330.109487099,14307
3402,19,7296941876900,8554325,3360.110555134,14307
3432,19,7362188764780,8630815,3390.111423385,14307
3463,19,7427448447840,8707320,3420.112294394,14307
3493,19,7491825263480,8782790,3450.112833081,14307
3523,19,7556381211640,8858470,3480.114476561,14307
3553,19,7620804942940,8933995,3510.114893671,14307
3583,19,7684669951380,9008865,3540.115483339,14307
3613,19,7749208839300,9084525,3570.115946748,14307
3643,19,7813965245280,9160440,3600.116929963,14307
3673,19,7878504133200,9236100,3630.117417746,14307
3703,19,7943597478920,9312410,3660.118361436,14307
3734,19,8008733475240,9388770,3690.118756254,14307
3764,19,8074095519740,9465395,3720.12057541,14307
3794,19,8137883757100,9540175,3750.121152123,14307
3824,19,8202367199240,9615770,3780.121542222,14307
3854,19,8266432665500,9690875,3810.122423496,14307
3884,19,8331044059440,9766620,3840.124315313,14307
3914,19,8395629863020,9842335,3870.125095837,14307
3944,19,8459938437700,9917725,3900.126750776,14307
3974,19,8524332313580,9993215,3930.127478543,14307
4004,19,8588756044880,10068740,3960.12785138,14307
4034,19,8653427149660,10144555,3990.129030238,14307
4066,19,8720891868740,10223645,4020.129702099,14307
4095,19,8784829383200,10298600,4050.13122263,14307
4125,19,8848715716940,10373495,4080.132811584,14307
4155,19,8913126653060,10449005,4110.133134992,14307
4185,19,8977439492800,10524400,4140.133503655,14307
4215,19,9041509224120,10599510,4170.134622564,14307
4245,19,9105318786780,10674315,4200.135113195,14307
4275,19,9169930180720,10750060,4230.137071019,14307
4305,19,9234592755380,10825865,4260.138916887,14307
4335,19,9299438727620,10901885,4290.139391733,14307
4365,19,9363683326400,10977200,4320.141120278,14307
4395,19,9428098527580,11052715,4350.142005384,14307
4425,19,9492338861300,11128025,4380.143504759,14307
4455,19,9557091002220,11203935,4410.14360597,14307
4486,19,9621971094940,11279995,4440.14557764,14307
4516,19,9686684850320,11355860,4470.146855037,14307
4546,19,9751091521380,11431365,4500.147185553,14307
4576,19,9815711445440,11507120,4530.147364822,14307
4607,19,9881482935700,11584225,4560.149144158,14307
4638,19,9948303630720,11662560,4590.149911333,14307
4668,19,10012833988520,11738210,4620.149969061,14307
4698,19,10077091382480,11813540,4650.150402437,14307
4728,19,10141310390900,11888825,4680.151528054,14307
4758,19,10205695736660,11964305,4710.152353065,14307
4788,19,10269961660740,12039645,4740.152856931,14307
4818,19,10335605199200,12116600,4770.154006813,14307
4848,19,10400365870240,12192520,4800.154908404,14307
4879,19,10465480541260,12268855,4830.155850182,14307
4909,19,10530522706260,12345105,4860.15607466,14307
4939,19,10594980558040,12420670,4890.157429285,14307
4969,19,10659604747160,12496430,4920.158431082,14307
5000,19,10724702357940,12572745,4950.158484481,14307
5030,19,10790567679520,12649960,4980.159108817,14307
5061,19,10855609844520,12726210,5010.160019988,14307
5091,19,10920089021600,12801800,5040.161682128,14307
5120,19,10983877258960,12876580,5070.162119461,14307
5150,19,11047993905940,12951745,5100.163934146,14307
5180,19,11112562649280,13027440,5130.164306113,14307
5211,19,11177634669700,13103725,5160.166001542,14307
5241,19,11242557413020,13179835,5190.167499326,14307
5271,19,11307301023820,13255735,5220.168165404,14307
5302,19,11373230321300,13333025,5250.16839451,14307
5332,19,11438217040520,13409210,5280.169782818,14307
5362,19,11503007566980,13485165,5310.171007339,14307
5393,19,11567717057300,13561025,5340.171713738,14307
5423,19,11632268740400,13636700,5370.173314011,14307
5453,19,11697737411400,13713450,5400.174569453,14307
5483,19,11762493817380,13789365,5430.175901093,14307
5513,19,11826798127000,13864750,5460.177603511,14307
5543,19,11891204798060,13940255,5490.179378252,14307
5574,19,11955995324520,14016210,5520.180771424,14307
5604,19,12020346549800,14091650,5550.182037007,14307
5635,19,12086928401460,14169705,5580.182121805,14307
5665,19,12151829819480,14245790,5610.182647619,14307
5697,19,12221537960120,14327510,5640.182753478,14307
5728,19,12286375402240,14403520,5670.18298482,14307
5758,19,12350961205820,14479235,5700.183319071,14307
5788,19,12415508623860,14554905,5730.185067074,14307
5818,19,12480034716600,14630550,5760.186535003,14307
5848,19,12545319990020,14707085,5790.188502184,14307
5879,19,12610549817660,14783555,5820.189327354,14307
5909,19,12675220922440,14859370,5850.190932301,14307
5939,19,12739909087460,14935205,5880.192764499,14307
5969,19,12804341348880,15010740,5910.194298833,14307
5999,19,12868888766920,15086410,5940.194788216,14307
6029,19,12933436184960,15162080,5970.195471244,14307
6059,19,12998039048780,15237815,6000.196857757,14307
6090,19,13064177334200,15315350,6030.197627938,14307
6120,19,13128797258260,15391105,6060.198825554,14307
6151,19,13195362049680,15469140,6090.199481948,14307
6181,19,13260165371320,15545110,6120.199983579,14307
6212,19,13325135030300,15621275,6150.201039127,14307
6242,19,13390015123020,15697335,6180.202075726,14307
6272,19,13455010372360,15773530,6210.202569358,14307
6303,19,13520628320460,15850455,6240.202757802,14307
6333,19,13585653425220,15926685,6270.204536711,14307
6363,19,13650209373380,16002365,6300.206514111,14307
6394,19,13716650478060,16080255,6330.207568116,14307
6425,19,13781726763540,16156545,6360.20850921,14307
6455,19,13846508759880,16232490,6390.210251362,14307
6485,19,13911444298380,16308615,6420.210985278,14307
6515,19,13975624921260,16383855,6450.212785033,14307
6545,19,14039758628480,16459040,6480.214343838,14307
6575,19,14104770938060,16535255,6510.215709405,14307
6605,19,14169245850080,16610840,6540.215789239,14307
6635,19,14234006521120,16686760,6570.215876284,14307
6665,19,14298280975320,16762110,6600.215979168,14307
6695,19,14362235550020,16837085,6630.216356328,14307
6725,19,14427290510200,16913350,6660.217441201,14307
6756,19,14492051181240,16989270,6690.218166822,14307
6786,19,14556483442660,17064805,6720.21929136,14307
6816,19,14621069246240,17140520,6750.220557247,14307
6846,19,14685953604020,17216585,6780.221097246,14307
6877,19,14751285793100,17293175,6810.221119087,14307
6907,19,14815645548500,17368625,6840.222952668,14307
6937,19,14880214291840,17444320,6870.224674146,14307
6967,19,14944433300260,17519605,6900.225203639,14307
6997,19,15009663127900,17596075,6930.226413686,14307
7027,19,15073988762820,17671485,6960.227967799,14307
7057,19,15137717289340,17746195,6990.229672749,14307
7087,19,15202486490500,17822125,7020.229851629,14307
7117,19,15266991257940,17897745,7050.230163691,14307
7147,19,15331854290420,17973785,7080.231401216,14307
7178,19,15397412527680,18050640,7110.231497055,14307
7208,19,15462040981860,18126405,7140.231834706,14307
7239,19,15528729460020,18204585,7170.232555765,14307
7269,19,15593421890100,18280425,7200.233894476,14307
7299,19,15657875476820,18355985,7230.234247629,14307
7329,19,15722529521360,18431780,7260.235258127,14307
7359,19,15787170770720,18507560,7290.235340473,14307
7389,19,15851428164680,18582890,7320.236397986,14307
7420,19,15916240016440,18658870,7350.237669269,14307
7449,19,15980480350160,18734180,7380.239172362,14307
7480,19,16045386033240,18810270,7410.240754754,14307
7510,19,16109937716340,18885945,7440.241595324,14307
7540,19,16174433953660,18961555,7470.241671388,14307
7570,19,16238584721120,19036760,7500.241740523,14307
7600,19,16302773874120,19112010,7530.242613968,14307
7630,19,16367291436740,19187645,7560.243837912,14307
7660,19,16431634131900,19263075,7590.244489383,14307
7691,19,16499090320860,19342155,7620.246511421,14307
7721,19,16563241088320,19417360,7650.247667872,14307
7751,19,16627545397940,19492745,7680.248278397,14307
7781,19,16691640719620,19567885,7710.249248486,14307
7811,19,16755309535300,19642525,7740.250253116,14307
7841,19,16819895338880,19718240,7770.250959895,14307
7871,19,16883969335260,19793355,7800.25130059,14307
7901,19,16948239524400,19868700,7830.253003987,14307
7930,19,17012334846080,19943840,7860.254961888,14307
7961,19,17078558432700,20021475,7890.256212073,14307
7993,19,17147242958940,20101995,7920.258112584,14307
8023,19,17211483292660,20177305,7950.259055061,14307
8053,19,17275685240840,20252570,7980.259942356,14307
8083,19,17340475767300,20328525,8010.260143432,14307
8113,19,17405018920280,20404190,8040.2605692,14307
8144,19,17469980049140,20480345,8070.261200229,14307
8174,19,17534851611740,20556395,8100.261821265,14307
8206,19,17603024330780,20636315,8130.262236901,14307
8237,19,17670680977560,20715630,8160.262571093,14307
8268,19,17735411793180,20791515,8190.262857011,14307
8298,19,17801571403900,20869075,8220.263321031,14307
8328,19,17866067641220,20944685,8250.264042869,14307
8358,19,17930499902640,21020220,8280.265025956,14307
8388,19,17994936429120,21095760,8310.266275901,14307
8419,19,18059590473660,21171555,8340.26802067,14307
8448,19,18123139867660,21246055,8370.269029968,14307
8478,19,18187209598980,21321165,8400.270824973,14307
8508,19,18251914824240,21397020,8430.272718088,14307
8538,19,18316743736240,21473020,8460.27441599,14307
8569,19,18381329539820,21548735,8490.275062217,14307
8599,19,18446107271100,21624675,8520.275517161,14307
8629,19,18510663219260,21700355,8550.277216711,14307
8659,19,18575108275860,21775905,8580.277942923,14307
8689,19,18639212127660,21851055,8610.278842192,14307
8719,19,18703691304740,21926645,8640.279264983,14307
8749,19,18768208867360,22002280,8670.280030869,14307
8779,19,18832517442040,22077670,8700.281040499,14307
8809,19,18897145896220,22153435,8730.282453172,14307
8839,19,18961586687760,22228980,8760.282539013,14307
8869,19,19026236467240,22304770,8790.284098239,14307
8899,19,19090890511780,22380565,8820.284361617,14307
8930,19,19156316532180,22457265,8850.285193393,14307
8960,19,19220983371900,22533075,8880.28703759,14307
8990,19,19285599030900,22608825,8910.288824484,14307
9020,19,19350112328460,22684455,8940.290903093,14307
9050,19,19413810999560,22759130,8970.292118383,14307
9080,19,19478511959760,22834980,9000.29344293,14307
9110,19,19543050847680,22910640,9030.294245061,14307
9140,19,19607048072980,22985665,9060.295344566,14307
9170,19,19671825804260,23061605,9090.296507472,14307
9200,19,19735805969320,23136610,9120.298019753,14307
9230,19,19800353387360,23212280,9150.298919592,14307
9260,19,19864401793380,23287365,9180.300115828,14307
9290,19,19928561090960,23362580,9210.301139446,14307
9320,19,19992950701780,23438065,9240.301919685,14307
9350,19,20057080143940,23513245,9270.302451871,14307
9379,19,20120599682520,23587710,9300.303898808,14307
9409,19,20184242907840,23662320,9330.304978049,14307
9439,19,20248150566880,23737240,9360.305420137,14307
9469,19,20312736370460,23812955,9390.306070083,14307
9499,19,20377015089720,23888310,9420.307744436,14307
9529,19,20440982459600,23963300,9450.308500585,14307
9559,19,20505389130660,24038805,9480.309266499,14307
9589,19,20570047440260,24114605,9510.309602235,14307
9619,19,20634884882380,24190615,9540.309998389,14307
9649,19,20699918517260,24266855,9570.310424133,14307
9679,19,20764342248560,24342380,9600.312125908,14307
9709,19,20828910991900,24418075,9630.313089063,14307
9740,19,20893449879820,24493735,9660.315325007,14307
9770,19,20958031418340,24569445,9690.315621694,14307
9800,19,21022830474920,24645410,9720.31606478,14307
9830,19,21087203025500,24720875,9750.317061785,14307
9861,19,21154782901200,24800100,9780.318209996,14307
9892,19,21219863451740,24876395,9810.319106211,14307
9922,19,21284547351700,24952225,9840.321041711,14307
9952,19,21348958287820,25027735,9870.321804312,14307
9982,19,21413684838380,25103615,9900.323285513,14307
10012,19,21478744063620,25179885,9930.323817469,14307
10043,19,21543368252740,25255645,9960.325596792,14307
10073,19,21607971116560,25331380,9990.326246121,14307
10103,19,21672480149060,25407005,10020.326765505,14307
10133,19,21736673567120,25482260,10050.327051965,14307
10162,19,21800576961100,25557175,10080.328435844,14307
10193,19,21865371752620,25633135,10110.330160845,14307
10222,19,21929138664680,25707890,10140.331846717,14307
10252,19,21993801239340,25783695,10170.333205265,14307
10283,19,22058583235680,25859640,10200.334433784,14307
10313,19,22122985641680,25935140,10230.335488393,14307
10343,19,22187042577820,26010235,10260.336770527,14307
10372,19,22251223200700,26085475,10290.338282942,14307
10402,19,22315625606700,26160975,10320.339701947,14307
10432,19,22379494880200,26235850,10350.341017099,14307
10462,19,22443180756120,26310510,10380.342046745,14307
10492,19,22507058559740,26385395,10410.343892738,14307
10522,19,22571273303100,26460675,10440.344773807,14307
10552,19,22635748215120,26536260,10470.346366036,14307
10582,19,22700018404260,26611605,10500.347101267,14307
10612,19,22764309918700,26686975,10530.348268104,14307
10642,19,22828601433140,26762345,10560.349748979,14307
10672,19,22893374899360,26838280,10590.351192388,14307
10702,19,22957768775240,26913770,10620.351438056,14307
10732,19,23021714819820,26988735,10650.353450575,14307
10761,19,23085720575240,27063770,10680.354518555,14307
10791,19,23149781776440,27138870,10710.355414752,14307
10821,19,23213864302940,27213995,10740.356632534,14307
10851,19,23277887118600,27289050,10770.357581005,14307
10881,19,23341624175240,27363770,10800.357697125,14307
10911,19,23405885834260,27439105,10830.358379908,14307
10941,19,23470979179980,27515415,10860.358762149,14307
10971,19,23535633224520,27591210,10890.359020788,14307
11001,19,23600018570280,27666690,10920.360798872,14307
11031,19,23664693940120,27742510,10950.362524096,14307
11061,19,23729365044900,27818325,10980.362634823,14307
11092,19,23794274993040,27894420,11010.363161762,14307
11122,19,23859005808660,27970305,11040.363455711,14307
11152,19,23923600142360,28046030,11070.364232335,14307
11185,19,23994941800980,28129665,11100.365148561,14307
11216,19,24060320905720,28206310,11130.366470879,14307
11246,19,24125435576740,28282645,11160.368675493,14307
11276,19,24190196247780,28358565,11190.370691185,14307
11306,19,24254419521260,28433855,11220.370779719,14307
11336,19,24318920023640,28509470,11250.371194406,14307
11366,19,24383241393500,28584875,11280.372545567,14307
11396,19,24447712040460,28660455,11310.373771337,14307
11428,19,24516622614880,28741240,11340.37509805,14307
11458,19,24581101791960,28816830,11370.375886719,14307
11488,19,24645406101580,28892215,11400.376068753,14307
11518,19,24709825567820,28967735,11430.377998668,14307
11548,19,24774189588280,29043190,11460.379391666,14307
11578,19,24838267849720,29118310,11490.380583072,14307
11608,19,24902512448500,29193625,11520.3814484,14307
11638,19,24966731456920,29268910,11550.382098089,14307
11668,19,25030899284620,29344135,11580.38287275,14307
11698,19,25095288895440,29419620,11610.383599863,14307
11728,19,25159606000240,29495020,11640.384897675,14307
11758,19,25223462478560,29569880,11670.385130095,14307
11788,19,25287357342420,29644785,11700.386391835,14307
11817,19,25351179700260,29719605,11730.388043312,14307
11847,19,25415560780960,29795080,11760.389211889,14307
11877,19,25479732873720,29870310,11790.389541162,14307
11907,19,25544096894180,29945765,11820.390686791,14307
11937,19,25608448119460,30021205,11850.392616069,14307
11968,19,25673366597720,30097310,11880.393349605,14307
11998,19,25737679437460,30172705,11910.393409792,14307
12028,19,25803067072320,30249360,11940.394620668,14307
12058,19,25866970466300,30324275,11970.39467258,14307
12088,19,25931040197620,30399385,12000.395264962,14307
12118,19,25995408483140,30474845,12030.395775835,14307
12148,19,26059887660220,30550435,12060.396506433,14307
12178,19,26125369126400,30627200,12090.398401069,14307
12209,19,26190432616700,30703475,12120.398632199,14307
12239,19,26254677215480,30778790,12150.400012992,14307
12269,19,26318870633540,30854045,12180.400445487,14307
12298,19,26382701521500,30928875,12210.402285492,14307
12328,19,26446865084140,31004095,12240.403597811,14307
12358,19,26510640526320,31078860,12270.405725591,14307
12388,19,26574556715480,31153790,12300.406679877,14307
12418,19,26638566735960,31228830,12330.407530563,14307
12447,19,26702499985360,31303780,12360.408980439,14307
12478,19,26767235066040,31379670,12390.4094338,14307
12508,19,26832801833420,31456535,12420.41033762,14307
12538,19,26897954889980,31532915,12450.412238093,14307
12569,19,26962672910420,31608785,12480.41325249,14307
12599,19,27027497557360,31684780,12510.414595149,14307
12629,19,27092514132000,31761000,12540.415218234,14307
12659,19,27157573357240,31837270,12570.416218266,14307
12690,19,27222321233100,31913175,12600.417035709,14307
12720,19,27287423108940,31989495,12630.417337902,14307
12750,19,27352256286000,32065500,12660.417851312,14307
12780,19,27416901800420,32141285,12690.419422312,14307
12811,19,27482690350920,32218410,12720.420912988,14307
12841,19,27547664274960,32294580,12750.42195868,14307
12872,19,27612796006220,32370935,12780.423420975,14307
12902,19,27678209231440,32447620,12810.423999937,14307
12932,19,27742692673580,32523215,12840.425103923,14307
12962,19,27807611151840,32599320,12870.425265738,14307
12993,19,27872819654180,32675765,12900.42642462,14307
13023,19,27937866084240,32752020,12930.427231611,14307
13054,19,28004588682880,32830240,12960.428252855,14307
13085,19,28069737474380,32906615,12990.428790386,14307
13116,19,28137116892260,32985605,13020.429037874,14307
13147,19,28202572768080,33062340,13050.429227258,14307
13180,19,28274630956780,33146815,13080.429311557,14307
13211,19,28340457892820,33223985,13110.430372025,14307
13243,19,28410234274420,33305785,13140.430870784,14307
13275,19,28478466704300,33385775,13170.431112616,14307
13307,19,28545803471580,33464715,13200.432347934,14307
13338,19,28612858744900,33543325,13230.432957994,14307
13368,19,28678233584580,33619965,13260.433833557,14307
13399,19,28745084135020,33698335,13290.435425476,14307
13432,19,28815193191300,33780525,13320.43747506,14307
13464,19,28882632320020,33859585,13350.439468904,14307
13495,19,28950237786080,33938840,13380.441176156,14307
13526,19,29017638529260,34017855,13410.442000999,14307
13558,19,29085252525440,34097120,13440.443688175,14307
13589,19,29152324859000,34175750,13470.444701123,14307
13621,19,29219913264820,34254985,13500.444875083,14307
13652,19,29287493140520,34334210,13530.445732019,14307
13684,19,29355525112580,34413965,13560.446501747,14307
13715,19,29423087928040,34493170,13590.447052503,14307
13747,19,29491226526600,34573050,13620.447994655,14307
13779,19,29559181727580,34652715,13650.448548157,14307
13811,19,29628936783880,34734490,13680.450344765,14307
13843,19,29697079647500,34814375,13710.450811668,14307
13875,19,29764766149700,34893725,13740.452044659,14307
13906,19,29832576338640,34973220,13770.452585554,14307
13938,19,29899520720400,35051700,13800.453630471,14307
13970,19,29968354523740,35132395,13830.45445006,14307
14002,19,30037000664440,35212870,13860.455014223,14307
14033,19,30104192419680,35291640,13890.456253424,14307
14064,19,30171119741200,35370100,13920.456948339,14307
14098,19,30244653640660,35456305,13950.458593208,14307
14135,19,30323036913340,35548195,13980.459018385,14307
14189,19,30438658424880,35683740,14010.459904486,14307
14244,19,30557679189240,35823270,14040.460261289,14307
