suite,run,order,round,variant,devices,key_bytes,value_bytes,clients,operations,seconds,ops_per_second,logical_gib_s,physical_read_bytes,physical_gib_s,physical_reads,physical_iops,read_amplification,p50_us,p99_us,p999_us,cpu_cores,cpu_seconds,cpu_us_per_op,rss_mib,min_disk_iops,max_disk_iops
main,ablate-r1-control_before-v2-d20-k16-v100,1,1,control_before,20,16,100,160,14227375,5.000284465,2845313.121600573,0.264990434199625,58275328000,10.854008184816639,14227360,2845310.121771242,40.96,55.423,90.239,107.071,19.999013596119475,100.000757,7.028756675071825,11315.77734375,141934.72490769584,142598.28715564884
main,ablate-r1-control_before-v2-d20-k16-v100,1,1,control_before,20,16,100,640,50188159,5.000419134,10036790.447974475,0.934748952088363,205570699264,38.28731707753935,50184143,10035987.315298516,40.96,61.887,112.319,146.687,19.998445394317624,100.00060900000003,1.9925139911986018,11315.77734375,492624.9048306277,517587.4123035063
main,ablate-r1-control_before-v2-d20-k16-v100,1,1,control_before,20,16,100,2560,71201433,5.000371685,14239228.09850084,1.3261314573232867,291641069568,54.318344491961824,71184685,14235878.747481547,40.96,163.455,253.823,300.031,19.998602163910945,100.00044400000002,1.404472350998891,11315.77734375,662207.9734458779,910607.7081547988
main,ablate-r1-no_registered_buffers-v2-d20-k16-v100,2,1,no_registered_buffers,20,16,100,160,14189652,5.000260363,2837782.629280259,0.2642891024500372,58120814592,10.825281636353527,14189625,2837777.229561436,40.96,55.583,90.367,107.327,19.99865681794298,99.99849099999999,7.047282836816575,3726.87109375,141600.62648721717,142263.9919440531
main,ablate-r1-no_registered_buffers-v2-d20-k16-v100,2,1,no_registered_buffers,20,16,100,640,49252455,5.000352582,9849796.427815178,0.9173337768591175,201738055680,37.573991500149454,49247930,9848891.491628021,40.96,63.039,113.407,147.583,19.998193999352665,99.998021,2.030315463462684,3726.87109375,483885.27815217176,512681.44754997204
main,ablate-r1-no_registered_buffers-v2-d20-k16-v100,2,1,no_registered_buffers,20,16,100,2560,66196219,5.000333013,13238362.090665022,1.2329185465970096,271139713024,50.50034366861352,66180635,13235245.49823818,40.96,180.351,276.223,295.423,19.998638438683525,99.999852,1.5106580634159785,3726.87109375,627046.6370636503,760003.7817721242
main,ablate-r1-kernel_split-v2-d20-k16-v100,3,1,kernel_split,20,16,100,160,14224648,5.00028532,2844767.2662007217,0.26493959745398926,58264158208,10.8519259117154,14224629,2844763.4664175524,40.96,55.423,90.175,107.071,19.998575401293305,99.99858300000002,7.029951321115294,11314.5078125,141955.0994742036,142639.4604218305
main,ablate-r1-kernel_split-v2-d20-k16-v100,3,1,kernel_split,20,16,100,640,50132780,5.000436987,10025679.781653851,0.9337141906520213,205343866880,38.24493324910679,50128747,10024873.252142433,40.96,61.951,112.383,146.815,19.998019425097098,99.998836,1.9946796487248464,11314.5078125,493709.6510601425,515793.920952373
main,ablate-r1-kernel_split-v2-d20-k16-v100,3,1,kernel_split,20,16,100,2560,70795003,5.000416357,14157821.658369558,1.318549891781952,289976332288,54.007803567388756,70778357,14154492.73557362,40.96,163.839,253.823,300.287,19.998078931970024,99.99872099999999,1.4125110073093716,11314.5078125,665529.7804034442,835111.4590996448
main,ablate-r1-no_registered_files-v2-d20-k16-v100,4,1,no_registered_files,20,16,100,160,14222063,5.000288414,2844248.53578056,0.26489128691894565,58253570048,10.849947112200013,14222043,2844244.536011278,40.96,55.455,90.239,107.135,19.99898920230564,100.000714,7.031378921609333,11315.81640625,141936.61269875703,142463.3823132107
main,ablate-r1-no_registered_files-v2-d20-k16-v100,4,1,no_registered_files,20,16,100,640,49956320,5.000366592,9990531.510214522,0.9304407527870053,204621086720,38.11085323415574,49952184,9989704.370859057,40.96,62.175,112.575,147.071,19.99836495187911,99.999156,2.001731832929247,11315.81640625,492221.31112102274,517077.6886911895
main,ablate-r1-no_registered_files-v2-d20-k16-v100,4,1,no_registered_files,20,16,100,2560,70197901,5.00034806,14038602.944771808,1.3074467838529318,287530602496,53.55302026661609,70181399,14035302.77450326,40.96,166.527,257.535,299.775,19.99846406691938,99.99928100000002,1.4245337763019443,11315.81640625,658437.9648163932,894053.9631155195
main,ablate-r1-no_defer_taskrun-v2-d20-k16-v100,5,1,no_defer_taskrun,20,16,100,160,14186091,5.000292156,2837052.4276221907,0.2642210971212192,58106228736,10.822496138085139,14186067,2837047.627902644,40.96,55.583,90.367,107.391,19.998395469754623,99.99781999999999,7.049004549597207,11315.81640625,140746.5760086679,142374.8808648612
main,ablate-r1-no_defer_taskrun-v2-d20-k16-v100,5,1,no_defer_taskrun,20,16,100,640,49211936,5.000400971,9841597.9609248,0.916570235129893,201572089856,37.54271683092041,49207189,9840648.63705507,40.96,63.039,113.279,147.455,19.998352248140137,99.99977999999999,2.032022881603357,11315.81640625,484351.1578463774,501389.39147886186
main,ablate-r1-no_defer_taskrun-v2-d20-k16-v100,5,1,no_defer_taskrun,20,16,100,2560,69164028,5.000388979,13831729.54953431,1.2881801975457285,283295858688,52.763860891473044,69147790,13828482.202164296,40.96,166.783,257.535,306.175,19.99872738300426,100.001416,1.445858763460104,11315.81640625,653848.9332991549,778411.8428279577
main,ablate-r1-single_reap-v2-d20-k16-v100,6,1,single_reap,20,16,100,160,14226459,5.000292654,2845125.272541698,0.26497293939270994,58271576064,10.853291597525399,14226440,2845121.472764102,40.96,55.423,90.239,107.071,19.99878545508828,99.99977999999999,7.029140561259831,11315.67578125,141965.4906462601,142668.04952492687
main,ablate-r1-single_reap-v2-d20-k16-v100,6,1,single_reap,20,16,100,640,50108343,5.000438048,10020790.682536619,0.9332588578142802,205243772928,38.22628281607292,50104234,10019968.954527881,40.96,61.983,112.383,146.815,19.998119372760993,99.99935699999997,1.9956628180660447,11315.67578125,492407.0604143999,515057.6760030284
main,ablate-r1-single_reap-v2-d20-k16-v100,6,1,single_reap,20,16,100,2560,70695226,5.000330348,14138111.100654824,1.3167142030461527,289567645696,53.932613756770415,70678562,14134778.520837039,40.96,163.839,254.079,301.055,19.998224325318112,99.997728,1.4144905343396172,11315.67578125,669262.3821021194,807379.0567886695
main,ablate-r1-reuse_encoded_metadata-v2-d20-k16-v100,7,1,reuse_encoded_metadata,20,16,100,160,14226757,5.00024997,2845209.1566134244,0.26498075170567487,58272796672,10.853611589864443,14226721,2845201.956973363,40.96,55.423,90.239,107.135,19.99880717963386,99.99903499999999,7.028940959629801,11315.78515625,141789.31138516663,142725.46458312366
main,ablate-r1-reuse_encoded_metadata-v2-d20-k16-v100,7,1,reuse_encoded_metadata,20,16,100,640,50094032,5.000376755,10018051.529799178,0.9330037543363104,205185155072,38.21583377761527,50089983,10017241.79081382,40.96,61.983,112.447,146.943,19.998292108691317,99.99899499999998,1.996225718065577,11315.78515625,491976.5290765576,517237.02567287855
main,ablate-r1-reuse_encoded_metadata-v2-d20-k16-v100,7,1,reuse_encoded_metadata,20,16,100,2560,70977779,5.000299152,14194706.525030725,1.3219850626802747,290724982784,54.14850816738405,70961112,14191373.324457448,40.96,163.839,253.823,302.335,19.99864027335298,99.99918399999996,1.4088801510681246,11315.78515625,668912.1787167825,899041.0100167543
main,ablate-r1-no_huge_pages-v2-d20-k16-v100,8,1,no_huge_pages,20,16,100,160,14232504,5.000298654,2846330.7863850645,0.2650852116183438,58296336384,10.857890267887361,14232485,2846326.986612028,40.96,55.423,90.175,107.071,19.998744259006415,99.999694,7.026149017769466,11315.265625,142034.916140831,142776.4718471154
main,ablate-r1-no_huge_pages-v2-d20-k16-v100,8,1,no_huge_pages,20,16,100,640,50136209,5.000380238,10026479.310312001,0.9337886525608601,205357912064,38.247983208892826,50132180,10025673.571586497,40.96,61.951,112.319,146.815,19.99844596618055,99.99983400000004,1.9945631310097665,11315.265625,492193.96982985997,515497.79762968497
main,ablate-r1-no_huge_pages-v2-d20-k16-v100,8,1,no_huge_pages,20,16,100,2560,70758103,5.000354303,14150617.878726743,1.317878987521561,289825189888,53.980323328883145,70741436,14147284.71491673,40.96,163.711,254.079,300.543,19.998569289381013,99.999932,1.4132647394461664,11315.265625,668392.4373108567,810872.941056873
main,ablate-r1-control_after-v2-d20-k16-v100,9,1,control_after,20,16,100,160,14229821,5.000273767,2845808.3823153195,0.26503655894802136,58285346816,10.855897454510954,14229798,2845803.7825671714,40.96,55.423,90.175,107.007,19.998901992119663,99.999985,7.027494232007556,11315.80859375,141905.43019521833,142635.59021647464
main,ablate-r1-control_after-v2-d20-k16-v100,9,1,control_after,20,16,100,640,50124926,5.00034558,10024292.361009177,0.9335849770353339,205311696896,38.23964065936728,50120826,10023472.417680379,40.96,61.983,112.319,146.687,19.998537181104187,99.99959699999998,1.9950073741754748,11315.80859375,491969.39704315393,517035.06460447476
main,ablate-r1-control_after-v2-d20-k16-v100,9,1,control_after,20,16,100,2560,71039302,5.000364314,14206825.250933107,1.3231137069811214,290976980992,54.19473743794673,71022602,14203485.494277129,40.96,163.967,254.335,300.031,19.99849705350889,99.99977099999998,1.4076682650964107,11315.80859375,668534.2887198279,894701.4095501363
main,ablate-r1-control_before-v2-d20-k16-v1024,10,1,control_before,20,16,1024,160,13891438,5.000227056,2778161.4403552,2.649461212496948,56899330048,10.597844849987792,13891436,2778161.0403733635,4.0,55.487,84.415,105.087,19.99875923234475,99.998337,7.1985590692626635,11316.01171875,138574.70715625837,139270.87554241656
main,ablate-r1-control_before-v2-d20-k16-v1024,10,1,control_before,20,16,1024,640,49869458,5.000455265,9972983.52993065,9.510978250437402,204265299968,38.04391300174961,49868742,9972840.342968252,4.0,61.759,107.327,136.959,19.99803491892653,99.99927900000002,2.005220890910826,11316.01171875,488661.10594032076,513760.22059063456
main,ablate-r1-control_before-v2-d20-k16-v1024,10,1,control_before,20,16,1024,2560,72174569,5.000354091,14433891.617776634,13.765231721665034,295627034624,55.060926886660134,72171568,14433291.460278707,4.0,163.455,250.495,267.775,19.99853833951216,99.99977299999998,1.3855264310618878,11316.01171875,682058.2978590506,908520.860188019
main,ablate-r1-single_reap-v2-d20-k16-v1024,11,1,single_reap,20,16,1024,160,13886382,5.000235193,2777145.7669511265,2.6484925908576264,56878620672,10.593970363430506,13886377,2777144.766998163,4.0,55.487,84.479,105.151,19.998937077998363,99.99938900000001,7.2012558058679375,11315.82421875,138555.08256289337,139123.05584622527
main,ablate-r1-single_reap-v2-d20-k16-v1024,11,1,single_reap,20,16,1024,640,49742761,5.000402862,9947750.68585264,9.48691433511032,203746349056,37.94765734044128,49742023,9947603.097744169,4.0,61.919,107.455,137.087,19.998246093316467,99.99928699999998,2.010328437538881,11315.82421875,488935.00533317635,513559.82125265815
main,ablate-r1-single_reap-v2-d20-k16-v1024,11,1,single_reap,20,16,1024,2560,71855610,5.000340407,14370143.66050139,13.70443693208827,294320578560,54.81774772835308,71852607,14369543.101388296,4.0,164.351,251.647,268.543,19.99851927280998,99.999404,1.3916714923163271,11315.82421875,678215.4261442864,911114.9700172802
main,ablate-r1-no_defer_taskrun-v2-d20-k16-v1024,12,1,no_defer_taskrun,20,16,1024,160,13851690,5.000228847,2770211.2090950864,2.641879281134688,56736522240,10.567517124538751,13851681,2770209.4091774677,4.0,55.647,84.479,105.279,19.998988658288503,99.99951999999999,7.2193010383570515,11316.06640625,137463.90835939275,139086.03411567016
main,ablate-r1-no_defer_taskrun-v2-d20-k16-v1024,12,1,no_defer_taskrun,20,16,1024,640,48849947,5.000358218,9769289.492931284,9.316720478946003,200089382912,37.26688191578401,48849083,9769116.705310412,4.0,62.911,108.479,137.727,19.998508834832435,99.99970799999997,2.04707915036223,11316.06640625,480461.3780172179,497142.38292997435
main,ablate-r1-no_defer_taskrun-v2-d20-k16-v1024,12,1,no_defer_taskrun,20,16,1024,2560,70537665,5.00038367,14106450.555623066,13.452959590552393,288922275840,53.81183836220957,70534709,14105859.400984725,4.0,165.759,253.439,270.079,19.99832244872522,99.99928499999999,1.4176721755674786,11316.06640625,673180.1441948154,824310.1473851505
main,ablate-r1-no_registered_files-v2-d20-k16-v1024,13,1,no_registered_files,20,16,1024,160,13882153,5.00023574,2776299.703021602,2.647685721418001,56861298688,10.590742885672004,13882149,2776298.9030593187,4.0,55.519,84.479,105.151,19.998930490425238,99.999367,7.203447981015625,11314.79296875,138499.27003641633,139310.83177290356
main,ablate-r1-no_registered_files-v2-d20-k16-v1024,13,1,no_registered_files,20,16,1024,640,49636952,5.000436818,9926523.183199232,9.46667021102832,203312955392,37.86668084411328,49636252,9926383.195429068,4.0,62.047,107.583,137.087,19.998176287326107,99.999617,2.014620418272258,11314.79296875,486833.4684755935,514448.45593087544
main,ablate-r1-no_registered_files-v2-d20-k16-v1024,13,1,no_registered_files,20,16,1024,2560,71187528,5.000328203,14236571.102930862,13.577052214556563,291584114688,54.30820885822625,71184534,14235972.342233874,4.0,166.271,254.591,270.335,19.99864467696422,99.999787,1.4047374562577872,11314.79296875,670661.9773454099,897538.8850090648
main,ablate-r1-reuse_encoded_metadata-v2-d20-k16-v1024,14,1,reuse_encoded_metadata,20,16,1024,160,13889923,5.00022128,2777861.6629542443,2.6491753224890178,56893124608,10.596701289956071,13889921,2777861.262971946,4.0,55.487,84.415,105.151,19.998784133809373,99.998346,7.199344877577795,11314.5078125,138595.46631904258,139263.63674849205
main,ablate-r1-reuse_encoded_metadata-v2-d20-k16-v1024,14,1,reuse_encoded_metadata,20,16,1024,640,49851685,5.000434248,9969471.15541794,9.507628589075031,204192501760,38.030514356300124,49850977,9969329.567714775,4.0,61.791,107.327,136.959,19.99786199368499,99.99799399999998,2.005910010865229,11314.5078125,488809.14712109615,515735.60856869
main,ablate-r1-reuse_encoded_metadata-v2-d20-k16-v1024,14,1,reuse_encoded_metadata,20,16,1024,2560,72110650,5.000290943,14421290.84527552,13.753214688563842,295365222400,55.01285875425537,72107634,14420687.68037284,4.0,163.327,250.495,268.799,19.998834895795774,99.99999299999996,1.3867576148599403,11314.5078125,680362.6106521938,896562.8302640949
main,ablate-r1-no_huge_pages-v2-d20-k16-v1024,15,1,no_huge_pages,20,16,1024,160,13890144,5.00023363,2777898.999891331,2.6492109297669706,56894029824,10.596843719067882,13890138,2777897.7999473996,4.0,55.487,84.479,105.151,19.99891433072898,99.99924399999999,7.199294982111056,11316.0703125,138553.1259666361,139234.49412902733
main,ablate-r1-no_huge_pages-v2-d20-k16-v1024,15,1,no_huge_pages,20,16,1024,640,49830420,5.000441897,9965203.28131312,9.503558427155609,204105400320,38.014233708622434,49829690,9965057.294215372,4.0,61.823,107.327,136.959,19.99807498213192,99.99921199999999,2.0067904705599506,11316.0703125,488512.425564936,514435.93446077395
main,ablate-r1-no_huge_pages-v2-d20-k16-v1024,15,1,no_huge_pages,20,16,1024,2560,72096357,5.00035068,14418260.160905354,13.750324402718881,295306678272,55.001297610875525,72093352,14417659.203054134,4.0,163.711,250.879,267.519,19.99867237311444,100.00037500000002,1.3870378360448923,11316.0703125,680296.0867536594,911368.880232216
main,ablate-r1-no_registered_buffers-v2-d20-k16-v1024,16,1,no_registered_buffers,20,16,1024,160,13855466,5.000201767,2770981.3814799204,2.6426137747573093,56751988736,10.570455099029237,13855462,2770980.581512202,4.0,55.615,84.543,105.151,19.99913256700387,99.999698,7.217346424869434,3728.26953125,138189.62357884386,138883.59557471433
main,ablate-r1-no_registered_buffers-v2-d20-k16-v1024,16,1,no_registered_buffers,20,16,1024,640,48980044,5.000431703,9795163.079742597,9.34139545416126,200622260224,37.36558181664504,48979255,9795005.293365967,4.0,62.815,108.415,137.599,19.997919367643046,99.99823,2.0416116816881584,3728.26953125,478218.7103096206,513146.69460649963
main,ablate-r1-no_registered_buffers-v2-d20-k16-v1024,16,1,no_registered_buffers,20,16,1024,2560,67794328,5.000307527,13558031.707836596,12.929946620785328,277685567488,51.71978648314131,67791497,13557465.542658811,4.0,177.279,270.335,282.623,19.99892095836689,100.00075500000003,1.4750607897463048,3728.26953125,642148.1044239781,815942.0151599807
main,ablate-r1-kernel_split-v2-d20-k16-v1024,17,1,kernel_split,20,16,1024,160,13890391,5.000233851,2777948.274803598,2.649257921985243,56895041536,10.597031687940971,13890388,2777947.6748316586,4.0,55.487,84.415,105.151,19.998923846331923,99.999296,7.199170707289666,11314.91796875,138516.5215545836,139147.2920533212
main,ablate-r1-kernel_split-v2-d20-k16-v1024,17,1,kernel_split,20,16,1024,640,49796886,5.000455148,9958470.684396988,9.497137722393978,203968045056,37.98855088957591,49796211,9958335.696684865,4.0,61.855,107.391,137.087,19.998057184853682,99.999388,2.0081454089317954,11314.91796875,489189.0693146959,516746.3607854762
main,ablate-r1-kernel_split-v2-d20-k16-v1024,17,1,kernel_split,20,16,1024,2560,71980924,5.000336221,14395216.80516211,13.728348546182737,294833864704,54.91339418473095,71977904,14394612.845774874,4.0,164.095,251.263,268.287,19.998152840210782,99.997488,1.3892220666686634,11314.91796875,680943.2105185632,918637.826934238
main,ablate-r1-control_after-v2-d20-k16-v1024,18,1,control_after,20,16,1024,160,13893120,5.000236516,2778492.568410338,2.649777000818575,56906219520,10.5991080032743,13893119,2778492.368419798,4.0,55.455,84.479,105.151,19.998843590701863,99.99894800000001,7.19773153906394,11315.67578125,138614.04311219585,139304.81043669095
main,ablate-r1-control_after-v2-d20-k16-v1024,18,1,control_after,20,16,1024,640,49911535,5.000423312,9981461.945476187,9.519063897587001,204437647360,38.076255590348005,49910843,9981323.557192473,4.0,61.727,107.263,136.831,19.998124710766486,99.999089,2.0035266196481434,11315.67578125,491143.6186025045,514967.4016238568
main,ablate-r1-control_after-v2-d20-k16-v1024,18,1,control_after,20,16,1024,2560,72223269,5.000370803,14443582.655244138,13.774473815197123,295826509824,55.09789526078849,72220238,14442976.50019696,4.0,163.199,250.111,267.007,19.99822651952237,99.99854799999997,1.3845752121798858,11315.67578125,683334.1235313985,911267.2198762137
main,ablate-r1-control_before-v2-d20-k16-v4096,19,1,control_before,20,16,4096,160,12544853,5.000239609,2508850.3713742727,9.570504651543704,102767435776,19.141009303087408,12544853,2508850.3713742727,2.0,61.503,96.831,115.071,19.998913616061476,99.99936000000001,7.971345698510777,11320.7265625,125055.80710062328,125739.77432368281
main,ablate-r1-control_before-v2-d20-k16-v4096,19,1,control_before,20,16,4096,640,43511036,5.000416694,8701482.028929487,33.19351970264239,356442406912,66.38703940528478,43510814,8701437.632629422,2.0,69.951,123.647,158.079,19.99827356787878,99.99970099999999,2.2982606297859696,11320.7265625,426199.4810466889,453368.41682018427
main,ablate-r1-control_before-v2-d20-k16-v4096,19,1,control_before,20,16,4096,2560,49607151,5.000472123,9920493.461373108,37.843679280750685,406381780992,75.68735856150137,49606402,9920343.675516577,2.0,264.191,328.191,424.959,19.998291469327334,100.00089900000003,2.015856524395042,11320.7265625,434236.7973641036,738396.4772079983
main,ablate-r1-kernel_split-v2-d20-k16-v4096,20,1,kernel_split,20,16,4096,160,12545700,5.000245939,2509016.586993922,9.571138713813484,102774374400,19.14227742762697,12545699,2509016.3870037594,2.0,61.471,96.831,115.071,19.99893589634092,99.99959800000002,7.970826498322135,11317.0546875,125038.24964358417,125719.8161188287
main,ablate-r1-kernel_split-v2-d20-k16-v4096,20,1,kernel_split,20,16,4096,640,43505859,5.000451084,8700386.87893702,33.18934203696068,356399996928,66.37868407392136,43505644,8700343.882815992,2.0,69.951,123.711,157.823,19.998147031168916,99.99975599999998,2.2985353765799674,11317.0546875,426784.8968323195,453762.2630206695
main,ablate-r1-kernel_split-v2-d20-k16-v4096,20,1,kernel_split,20,16,4096,2560,49977335,5.000474363,9994518.794016263,38.12606351477151,409414328320,76.25212702954302,49976584,9994368.608264774,2.0,261.887,323.839,420.607,19.998366502974108,100.001319,2.0009334031116306,11317.0546875,440472.0112750631,739227.867530215
main,ablate-r1-single_reap-v2-d20-k16-v4096,21,1,single_reap,20,16,4096,160,12543785,5.000274389,2508619.3324899953,9.569623308143598,102758686720,19.139246616287195,12543785,2508619.3324899953,2.0,61.471,96.831,115.199,19.998847507246268,99.99972500000001,7.972053491031616,11325.03515625,125030.93857715894,125701.50177812572
main,ablate-r1-single_reap-v2-d20-k16-v4096,21,1,single_reap,20,16,4096,640,43490182,5.000366436,8697398.991980596,33.17794415275801,356271570944,66.35588830551602,43489950,8697352.59538087,2.0,69.951,123.711,158.079,19.99844636986121,99.99956000000003,2.29935942783592,11325.03515625,425071.8476744851,452978.6024665653
main,ablate-r1-single_reap-v2-d20-k16-v4096,21,1,single_reap,20,16,4096,2560,49942065,5.000473262,9987467.66221585,38.09916558157291,409125396480,76.19833116314582,49941317,9987318.076374508,2.0,262.399,323.583,421.375,19.998345308620518,100.00119100000003,2.0023439359185495,11325.03515625,438093.133433497,733515.1710286258
main,ablate-r1-no_registered_buffers-v2-d20-k16-v4096,22,1,no_registered_buffers,20,16,4096,160,12532100,5.000215468,2506311.9939934555,9.560821510289976,102662963200,19.121643020579953,12532098,2506311.594010692,2.0,61.567,96.831,115.199,19.999051968854076,99.99956900000001,7.979474230176907,3731.71484375,125144.20708559753,125555.7893490361
main,ablate-r1-no_registered_buffers-v2-d20-k16-v4096,22,1,no_registered_buffers,20,16,4096,640,44168802,5.000339684,8833160.303355103,33.69583245603601,361830825984,67.39166491207202,44168619,8833123.70584142,2.0,68.927,122.559,157.183,19.998432170513322,99.99895400000001,2.2640178015242527,3731.71484375,435235.83147036453,454084.9509215062
main,ablate-r1-no_registered_buffers-v2-d20-k16-v4096,22,1,no_registered_buffers,20,16,4096,2560,60894469,5.00044479,12177810.486334756,46.454660363520645,498847490048,92.90932072704129,60893553,12177627.302630411,2.0,197.247,303.103,325.631,19.99817520233035,99.99977100000001,1.6421815091285223,3731.71484375,568041.2681848648,753319.1862318311
main,ablate-r1-reuse_encoded_metadata-v2-d20-k16-v4096,23,1,reuse_encoded_metadata,20,16,4096,160,12548614,5.000203045,2509620.8868054077,9.573443934651976,102798245888,19.146887869303953,12548612,2509620.4868216505,2.0,61.471,96.767,115.135,19.9990330592665,99.99922600000002,7.9689458931480415,11315.77734375,125160.91734030773,125749.09345506388
main,ablate-r1-reuse_encoded_metadata-v2-d20-k16-v4096,23,1,reuse_encoded_metadata,20,16,4096,640,43549322,5.000405129,8709158.733446296,33.222804006371675,356756045824,66.44560801274335,43549085,8709111.337286608,2.0,69.887,123.647,157.823,19.998341218404107,99.999808,2.2962425913312727,11315.77734375,427614.95215640956,452966.49802712415
main,ablate-r1-reuse_encoded_metadata-v2-d20-k16-v4096,23,1,reuse_encoded_metadata,20,16,4096,2560,49838562,5.000415287,9966884.576480977,38.02064734070197,408277499904,76.04129468140394,49837816,9966735.388872113,2.0,262.655,324.863,421.887,19.998452780508035,100.00056900000004,2.0064898541815883,11315.77734375,437972.62313265144,730099.5598288195
main,ablate-r1-no_defer_taskrun-v2-d20-k16-v4096,24,1,no_defer_taskrun,20,16,4096,160,12515690,5.00028466,2502995.4994602245,9.5481700876626,102528532480,19.0963401753252,12515690,2502995.4994602245,2.0,61.663,96.895,115.519,19.99886982434316,100.00004200000001,7.989974344203158,11315.77734375,124177.53032484354,125559.0516720702
main,ablate-r1-no_defer_taskrun-v2-d20-k16-v4096,24,1,no_defer_taskrun,20,16,4096,640,42915460,5.000418695,8582373.320640504,32.73915603882028,351563448320,65.47831207764057,42915199,8582321.125011314,2.0,70.911,124.607,158.719,19.998218169208727,99.99946399999997,2.330150113735236,11315.77734375,421731.28464395524,442496.7457650064
main,ablate-r1-no_defer_taskrun-v2-d20-k16-v4096,24,1,no_defer_taskrun,20,16,4096,2560,49222272,5.000490491,9843488.771469798,37.54992970073623,403228852224,75.09985940147246,49221533,9843340.985967292,2.0,262.655,329.983,422.655,19.99831260153076,100.00137200000003,2.0316285278339046,11315.77734375,439388.49677936523,684819.8204082936
main,ablate-r1-no_registered_files-v2-d20-k16-v4096,25,1,no_registered_files,20,16,4096,160,12534770,5.000287375,2506809.921099785,9.562720951460971,102684835840,19.125441902921942,12534768,2506809.5211227736,2.0,61.535,96.895,115.711,19.998761771167203,99.99955600000001,7.977773505217887,11316.5546875,124317.05487727093,125713.17463528784
main,ablate-r1-no_registered_files-v2-d20-k16-v4096,25,1,no_registered_files,20,16,4096,640,43414131,5.000399819,8682131.943737676,33.11970498557158,355648561152,66.23940997114316,43413901,8682085.947415719,2.0,70.079,123.839,158.335,19.998369254400615,99.999842,2.30339384197279,11316.5546875,424400.26334222214,451699.0804250727
main,ablate-r1-no_registered_files-v2-d20-k16-v4096,25,1,no_registered_files,20,16,4096,2560,49694093,5.000465305,9937893.769667901,37.910056189223866,407094009856,75.82011237844773,49693346,9937744.38356992,2.0,262.655,325.375,422.143,19.998268941094075,100.00065000000001,2.012324684143043,11316.5546875,437392.89577972586,726652.5769845333
main,ablate-r1-no_huge_pages-v2-d20-k16-v4096,26,1,no_huge_pages,20,16,4096,160,12545368,5.000220821,2508962.793665388,9.570933508550217,102771654656,19.141867017100434,12545368,2508962.793665388,2.0,61.471,96.831,115.199,19.998818768168157,99.99850999999998,7.970950712645495,11326.546875,125081.87585901818,125740.64676492814
main,ablate-r1-no_huge_pages-v2-d20-k16-v4096,26,1,no_huge_pages,20,16,4096,640,43526590,5.000337975,8704729.603802431,33.205908217630125,356569825280,66.41181643526025,43526344,8704680.40712788,2.0,69.887,123.647,157.951,19.998521999905414,99.99936899999999,2.297431730810982,11326.546875,427410.3092001496,452977.98095337744
main,ablate-r1-no_huge_pages-v2-d20-k16-v4096,26,1,no_huge_pages,20,16,4096,2560,49888873,5.00042464,9976927.279520005,38.05895721252443,408689647616,76.11791442504887,49888120,9976776.692309074,2.0,262.399,325.119,421.375,19.99849596773445,100.00097199999999,2.0044744646767225,11326.546875,439565.0686178524,732688.3742417523
main,ablate-r1-control_after-v2-d20-k16-v4096,27,1,control_after,20,16,4096,160,12544998,5.000289461,2508854.3569017993,9.570519855124662,102768623616,19.141039710249323,12544998,2508854.3569017993,2.0,61.503,96.767,115.071,19.99880902494817,99.99983400000002,7.9712913465590045,11316.8203125,125101.95757245182,125738.72070883297
main,ablate-r1-control_after-v2-d20-k16-v4096,27,1,control_after,20,16,4096,640,43521570,5.000380856,8703651.032456478,33.201793794465935,356528701440,66.40358758893187,43521362,8703609.435624957,2.0,69.951,123.647,157.951,19.99842729579477,99.999753,2.297705551523072,11316.8203125,426722.8960049439,452873.30409697903
main,ablate-r1-control_after-v2-d20-k16-v4096,27,1,control_after,20,16,4096,2560,49800869,5.000427433,9959322.411388747,37.991799970202436,407968718848,75.98359994040487,49800123,9959173.224142257,2.0,262.911,325.887,422.655,19.998436401666712,100.00073000000003,2.008011747746812,11316.8203125,437162.8284361506,737689.7374124938
main,ablate-r1-control_before-v2-d20-k16-v65536,28,1,control_before,20,16,65536,160,5560004,5.00047534,1111895.0943571695,67.86469081769833,387154198528,72.10623399380448,5560004,1111895.0943571695,1.0625,140.543,263.935,394.751,19.998467185721587,100.00184200000001,17.98592986623751,10390.70703125,54010.065371105295,56138.26304760858
main,ablate-r1-control_before-v2-d20-k16-v65536,28,1,control_before,20,16,65536,640,15341313,5.000706421,3067829.1642107978,187.24543238591295,1068246306816,198.9482719100325,15341313,3067829.1642107978,1.0625,183.423,549.887,824.319,19.997963003795384,100.00394200000002,6.518603850922019,10390.70703125,151343.2175945767,154107.62702720155
main,ablate-r1-control_before-v2-d20-k16-v65536,28,1,control_before,20,16,65536,2560,17949622,5.003377603,3587500.9691927903,218.9636822017084,1249868079104,232.6489123393152,17949622,3587500.9691927903,1.0625,453.119,3680.255,6021.119,19.990193212686858,100.01848500000003,5.572177787365106,10390.70703125,178506.21537428664,179700.2088071265
main,ablate-r1-no_registered_buffers-v2-d20-k16-v65536,29,1,no_registered_buffers,20,16,65536,160,5573637,5.00138796,1114418.0464656455,68.01867959385044,388103491584,72.26984706846609,5573637,1114418.0464656455,1.0625,140.287,263.679,392.959,19.9949495619612,100.00250000000001,17.94205471221036,2941.40625,54897.36093178423,56200.79910777408
main,ablate-r1-no_registered_buffers-v2-d20-k16-v65536,29,1,no_registered_buffers,20,16,65536,640,15396442,5.000618922,3078907.2793097747,187.9215868719345,1072085049344,199.66668605143042,15396442,3078907.2793097747,1.0625,182.655,550.399,822.271,19.997807383411725,100.00141399999998,6.495098932597544,2941.40625,152539.11803679727,155188.99002398326
main,ablate-r1-no_registered_buffers-v2-d20-k16-v65536,29,1,no_registered_buffers,20,16,65536,2560,17965778,5.002227925,3591555.2568508764,219.21113628240212,1250993053696,232.91183230005225,17965778,3591555.2568508764,1.0625,451.071,3700.735,6029.311,19.996116230549415,100.02513100000002,5.567536846998778,2941.40625,178994.84258306763,179830.07041807278
main,ablate-r1-no_huge_pages-v2-d20-k16-v65536,30,1,no_huge_pages,20,16,65536,160,5573263,5.000431529,1114556.4073176214,68.02712447006967,388077449216,72.27881974944901,5573263,1114556.4073176214,1.0625,140.415,260.991,364.287,19.998592805449054,100.00159400000001,17.943096171847625,10394.45703125,54895.66218595851,56226.74730559239
main,ablate-r1-no_huge_pages-v2-d20-k16-v65536,30,1,no_huge_pages,20,16,65536,640,15362398,5.000625571,3072095.2372620665,187.50581282117105,1069714497536,199.22492612249422,15362398,3072095.2372620665,1.0625,183.423,547.327,807.935,19.99827413193061,100.00388100000004,6.509653050259473,10394.45703125,152036.97801512523,154368.88626029066
main,ablate-r1-no_huge_pages-v2-d20-k16-v65536,30,1,no_huge_pages,20,16,65536,2560,17930177,5.00241876,3584301.486987067,218.76840130536297,1248514084864,232.44142638694814,17930177,3584301.486987067,1.0625,453.375,3680.255,5984.255,19.99473670612894,100.02204600000002,5.578419331833702,10394.45703125,178057.6642488043,179737.851454883
main,ablate-r1-reuse_encoded_metadata-v2-d20-k16-v65536,31,1,reuse_encoded_metadata,20,16,65536,160,5570251,5.000392519,1113962.7496910908,67.99089048407536,387867717632,72.24032113933008,5570251,1113962.7496910908,1.0625,140.287,262.399,374.271,19.998811617292557,100.001908,17.952854907256423,10389.26171875,54608.51302421525,56355.97584174371
main,ablate-r1-reuse_encoded_metadata-v2-d20-k16-v65536,31,1,reuse_encoded_metadata,20,16,65536,640,15358265,5.000700718,3071222.587810143,187.45255052552142,1069426708480,199.1683349333665,15358265,3071222.587810143,1.0625,183.423,547.839,812.031,19.998035203353673,100.004189,6.511424890767284,10389.26171875,151611.15266726507,154712.1180868077
main,ablate-r1-reuse_encoded_metadata-v2-d20-k16-v65536,31,1,reuse_encoded_metadata,20,16,65536,2560,17953829,5.002545915,3588938.373592119,219.05141440381587,1250161020928,232.74212780405438,17953829,3588938.373592119,1.0625,453.375,3670.015,5971.967,19.99492512404056,100.02553099999997,5.571264547523538,10389.26171875,178746.1854810382,179724.88714279
main,ablate-r1-single_reap-v2-d20-k16-v65536,32,1,single_reap,20,16,65536,160,5569658,5.000473785,1113826.0571842995,67.98254743556515,387826425856,72.23145665028798,5569658,1113826.0571842995,1.0625,140.415,261.631,371.455,19.998568595635586,100.002318,17.954839956061935,10390.70703125,54645.62194480138,56287.46636854932
main,ablate-r1-single_reap-v2-d20-k16-v65536,32,1,single_reap,20,16,65536,640,15362498,5.000675047,3072084.8396690474,187.5051782024565,1069721460736,199.22425184011004,15362498,3072084.8396690474,1.0625,183.423,546.815,807.423,19.998147062164033,100.00423500000004,6.50963371972449,10390.70703125,151763.11055350205,154621.72461373295
main,ablate-r1-single_reap-v2-d20-k16-v65536,32,1,single_reap,20,16,65536,2560,17952094,5.002262948,3588794.548910626,219.04263604190834,1250040209408,232.7328007945276,17952094,3588794.548910626,1.0625,454.143,3651.583,5922.815,19.995675365284697,100.02362600000001,5.571696872799351,10390.70703125,178703.9204641187,179743.0501648231
main,ablate-r1-no_registered_files-v2-d20-k16-v65536,33,1,no_registered_files,20,16,65536,160,5564147,5.00050653,1112716.6751245097,67.91483612820494,387442683904,72.15951338621775,5564147,1112716.6751245097,1.0625,140.543,263.423,381.695,19.998359046238463,100.001925,17.97255266620382,10395.32421875,54668.26177707241,56388.68748762538
main,ablate-r1-no_registered_files-v2-d20-k16-v65536,33,1,no_registered_files,20,16,65536,640,15350983,5.000685253,3069775.885373044,187.36425081622582,1068919648256,199.07451649223995,15350983,3069775.885373044,1.0625,183.423,548.351,814.591,19.998185036741802,100.004629,6.514542358622897,10395.32421875,151733.60481841947,154677.60134192952
main,ablate-r1-no_registered_files-v2-d20-k16-v65536,33,1,no_registered_files,20,16,65536,2560,17954194,5.002558929,3589001.9997403612,219.0552978357154,1250186436608,232.74625395044762,17954194,3589001.9997403612,1.0625,453.375,3667.967,5976.063,19.995178551548843,100.02705899999995,5.57123639189818,10395.32421875,178764.1110664066,179734.61437659358
main,ablate-r1-kernel_split-v2-d20-k16-v65536,34,1,kernel_split,20,16,65536,160,5567030,5.000453508,1113305.0214532663,67.95074593830971,387643432960,72.19766755945406,5567030,1113305.0214532663,1.0625,140.415,263.167,379.391,19.9983179205673,100.00065900000001,17.963017803029626,10385.015625,54746.43441080465,56323.69135107655
main,ablate-r1-kernel_split-v2-d20-k16-v65536,34,1,kernel_split,20,16,65536,640,15351705,5.000748247,3069881.594061378,187.37070276253527,1068969922560,199.08137168519372,15351705,3069881.594061378,1.0625,183.423,548.863,813.055,19.99790412564634,100.00448399999999,6.514226530538464,10385.015625,151989.6548393471,154498.279425183
main,ablate-r1-kernel_split-v2-d20-k16-v65536,34,1,kernel_split,20,16,65536,2560,17954675,5.002159712,3589384.5926045473,219.07864945096114,1250219929600,232.7710650416462,17954675,3589384.5926045473,1.0625,451.839,3684.351,5988.351,19.996193196319915,100.02415199999999,5.570925232564777,10385.015625,179013.07666203522,179737.3638117055
main,ablate-r1-no_defer_taskrun-v2-d20-k16-v65536,35,1,no_defer_taskrun,20,16,65536,160,5557096,5.000404635,1111329.2634566962,67.83015524027687,386951708672,72.06953994279418,5557096,1111329.2634566962,1.0625,140.671,264.447,386.303,19.998750361129527,100.001844,17.99534217152268,10399.45703125,54654.57696904963,56271.6461044957
main,ablate-r1-no_defer_taskrun-v2-d20-k16-v65536,35,1,no_defer_taskrun,20,16,65536,640,15340008,5.000576446,3067647.9333238853,187.23437093041292,1068155437056,198.93651911356372,15340008,3067647.9333238853,1.0625,183.551,548.863,814.079,19.998449594744983,100.00377600000002,6.519147578019517,10399.45703125,151621.51967629374,154626.97317996365
main,ablate-r1-no_defer_taskrun-v2-d20-k16-v65536,35,1,no_defer_taskrun,20,16,65536,2560,17947186,5.002388113,3587723.6221155236,218.97727185763694,1249698455552,232.66335134873924,17947186,3587723.6221155236,1.0625,453.631,3672.063,5943.295,19.995592852953035,100.02571600000002,5.573337012275909,10399.45703125,178664.6657178317,179738.3529005679
main,ablate-r1-control_after-v2-d20-k16-v65536,36,1,control_after,20,16,65536,160,5558107,5.000470788,1111516.7422511897,67.84159803779234,387022106624,72.08169791515436,5558107,1111516.7422511897,1.0625,140.671,264.959,391.167,19.99851538778752,100.001992,17.99209551021598,10386.09375,54671.65224843625,56318.49718546941
main,ablate-r1-control_after-v2-d20-k16-v65536,36,1,control_after,20,16,65536,640,15342490,5.000669039,3068087.4659659714,187.26119787389962,1068328263680,198.96502274101834,15342490,3068087.4659659714,1.0625,183.423,549.887,818.687,19.998198285083507,100.00437099999999,6.518131737416807,10386.09375,151938.0695011838,154589.3147438906
main,ablate-r1-control_after-v2-d20-k16-v65536,36,1,control_after,20,16,65536,2560,17950564,5.002806729,3588098.6359007517,219.00016088261424,1249933672448,232.68767093777763,17950564,3588098.6359007517,1.0625,453.631,3670.015,5935.103,19.993502131551164,100.023627,5.572171827024488,10386.09375,178688.49396440477,179722.51352186908
main,ablate-r1-control_before-v2-d20-k16-v4194304,37,1,control_before,20,16,4194304,160,296577,5.002219349,59289.08336642396,231.5979819000936,1245148876800,231.8241518042929,9787041,1956539.7510919909,1.0009765625,2643.967,4673.535,5582.847,19.996425590572397,100.026507,337.26994001557773,10329.91796875,97709.2298237,97933.53026350864
main,ablate-r1-control_before-v2-d20-k16-v4194304,37,1,control_before,20,16,4194304,640,298474,5.007697621,59603.03967802212,232.8243737422739,1253113241600,233.0517412947566,9849642,1966900.30937473,1.0009765625,10280.959,18628.607,23445.503,19.99385517610509,100.123181,335.45026032418235,10329.91796875,98294.27358709124,98445.8402465511
main,ablate-r1-control_before-v2-d20-k16-v4194304,37,1,control_before,20,16,4194304,2560,298051,5.013312319,59451.91143795564,232.23402905451422,1251337318400,232.46082009851276,9835683,1961913.0774525362,1.0009765625,42500.095,50724.863,55443.455,19.994835075424714,100.240353,336.3194654606091,10329.91796875,97618.09535489265,98421.15723171645
main,ablate-r1-single_reap-v2-d20-k16-v4194304,38,1,single_reap,20,16,4194304,160,296709,5.002336212,59314.085944129656,231.69564821925647,1245703065600,231.9219135007206,9791397,1957364.8361562786,1.0009765625,2643.967,4657.151,5545.983,19.99610537173546,100.02724200000003,337.12237242550793,10329.7421875,97706.94717150691,98003.80846532351
main,ablate-r1-single_reap-v2-d20-k16-v4194304,38,1,single_reap,20,16,4194304,640,298515,5.007684607,59611.38199133395,232.85696090364823,1253285376000,233.0843602795307,9850995,1967175.6057140203,1.0009765625,10289.151,18743.295,23625.727,19.99348258874883,100.12105500000001,335.39706547409685,10329.7421875,98274.75941916883,98446.09608817563
main,ablate-r1-single_reap-v2-d20-k16-v4194304,38,1,single_reap,20,16,4194304,2560,298116,5.013589919,59461.58437694114,232.27181397242632,1251610214400,232.49864191575878,9837828,1962232.2844390576,1.0009765625,42500.095,50659.327,54886.399,19.99401199928891,100.24177699999993,336.2509123965165,10329.7421875,97546.8691898014,98448.61825046285
main,ablate-r1-no_defer_taskrun-v2-d20-k16-v4194304,39,1,no_defer_taskrun,20,16,4194304,160,296704,5.002429315,59311.98250224552,231.68743164939656,1245682073600,231.91368890686667,9791232,1957295.422574102,1.0009765625,2643.967,4669.439,5607.423,19.99617639774686,100.02945899999999,337.1355256417169,10337.41796875,97764.49984681094,97962.40369265468
main,ablate-r1-no_defer_taskrun-v2-d20-k16-v4194304,39,1,no_defer_taskrun,20,16,4194304,640,298551,5.007884977,59616.1855496227,232.87572480321367,1253436518400,233.10314250321682,9852183,1967334.123137549,1.0009765625,10280.959,18776.063,24821.759,19.993336799836,100.12433099999997,335.36759548619824,10337.41796875,98310.36500661225,98435.56756275715
main,ablate-r1-no_defer_taskrun-v2-d20-k16-v4194304,39,1,no_defer_taskrun,20,16,4194304,2560,298105,5.01525761,59439.61869587792,232.18601053077313,1251564032000,232.4127546816821,9837465,1961507.4169639712,1.0009765625,42500.095,50626.559,55017.471,19.98823326644631,100.24613900000003,336.2779523993225,10337.41796875,97632.8711457755,98422.4616928501
main,ablate-r1-reuse_encoded_metadata-v2-d20-k16-v4194304,40,1,reuse_encoded_metadata,20,16,4194304,160,296762,5.002262364,59325.55679920351,231.7404562468887,1245925580800,231.9667652861923,9793146,1957743.3743737156,1.0009765625,2639.871,4714.495,5849.087,19.996546506611825,100.027972,337.0646241769499,10340.84375,97767.76274664029,98011.85230275539
main,ablate-r1-reuse_encoded_metadata-v2-d20-k16-v4194304,40,1,reuse_encoded_metadata,20,16,4194304,640,298592,5.008160626,59621.09091506604,232.8948863869767,1253608652800,233.12232279946397,9853536,1967496.0001971791,1.0009765625,10256.383,19120.127,27475.967,19.992049871604905,100.12339700000003,335.31841777408647,10340.84375,98278.59702517457,98449.9174088591
main,ablate-r1-reuse_encoded_metadata-v2-d20-k16-v4194304,40,1,reuse_encoded_metadata,20,16,4194304,2560,298153,5.01497715,59452.514155523124,232.2363834200122,1251765555200,232.4631767631958,9839049,1961932.9671322631,1.0009765625,42500.095,50692.095,55312.383,19.989141326396663,100.24508699999996,336.22028622888234,10340.84375,97625.17063512444,98414.80533964148
main,ablate-r1-no_registered_buffers-v2-d20-k16-v4194304,41,1,no_registered_buffers,20,16,4194304,160,296844,5.002278487,59341.75811511552,231.80374263717,1246269849600,232.0301134795891,9795852,1958278.017798812,1.0009765625,2635.775,4759.551,5984.255,19.995872332967135,100.024922,336.96123889989354,7788.70703125,97793.83560337951,97998.34241015938
main,ablate-r1-no_registered_buffers-v2-d20-k16-v4194304,41,1,no_registered_buffers,20,16,4194304,640,298747,5.007699519,59657.53313802213,233.03723882039895,1254259404800,233.2648142489345,9858651,1968698.5935547305,1.0009765625,10239.999,19775.487,28065.791,19.994652558545422,100.12721200000003,335.15721329419216,7788.70703125,98327.18559326163,98498.52175205962
main,ablate-r1-no_registered_buffers-v2-d20-k16-v4194304,41,1,no_registered_buffers,20,16,4194304,2560,299015,5.014208259,59633.54223736082,232.94352436469072,1255384576000,233.17100827520312,9867495,1967906.8938329073,1.0009765625,42369.023,50659.327,55541.759,19.992062120689024,100.24436299999996,335.2486096015249,7788.70703125,98278.5266478498,98469.38429686791
main,ablate-r1-no_huge_pages-v2-d20-k16-v4194304,42,1,no_huge_pages,20,16,4194304,160,296674,5.002579724,59304.20230520248,231.6570402546972,1245556121600,231.8832678330709,9790242,1957038.6760716818,1.0009765625,2635.775,4759.551,6135.807,19.995247156205046,100.02781800000002,337.1640858315863,10341.53515625,97708.78765909298,97959.45832686544
main,ablate-r1-no_huge_pages-v2-d20-k16-v4194304,42,1,no_huge_pages,20,16,4194304,640,298561,5.008391298,59612.15532804401,232.85998175017193,1253478502400,233.08738407609985,9852513,1967201.1258254526,1.0009765625,10256.383,19496.959,29294.591,19.992118834641424,100.12835400000002,335.3698373196768,10341.53515625,98287.24848167803,98425.61626461799
main,ablate-r1-no_huge_pages-v2-d20-k16-v4194304,42,1,no_huge_pages,20,16,4194304,2560,297595,5.014675162,59344.82102751206,231.81570713871898,1249422848000,232.04208966522162,9820635,1958379.0939078978,1.0009765625,42565.631,50855.935,55803.903,19.98952788798806,100.24098900000004,336.8369394647089,10341.53515625,97091.43349692409,98447.05470475697
main,ablate-r1-no_registered_files-v2-d20-k16-v4194304,43,1,no_registered_files,20,16,4194304,160,296608,5.002242053,59295.011488321514,231.6211386262559,1245279027200,231.84733114444563,9788064,1956735.3791146101,1.0009765625,2637.823,4796.415,6168.575,19.99652214750592,100.02744399999999,337.2378492825547,10340.85546875,97688.99521904044,97959.47393351779
main,ablate-r1-no_registered_files-v2-d20-k16-v4194304,43,1,no_registered_files,20,16,4194304,640,298559,5.008855271,59606.234128700184,232.8368520652351,1253470105600,233.06423180358004,9852447,1967005.726247106,1.0009765625,10239.999,19677.183,28573.695,19.989820744014068,100.126119,335.36459795216354,10340.85546875,98291.32074357355,98409.9107143078
main,ablate-r1-no_registered_files-v2-d20-k16-v4194304,43,1,no_registered_files,20,16,4194304,2560,298096,5.014088476,59451.68327739735,232.2331378023334,1251526246400,232.4599279759685,9837168,1961905.5481541127,1.0009765625,42467.327,50855.935,55705.599,19.991837096573793,100.24083999999996,336.2703290215232,10340.85546875,97530.58852884908,98419.08501656044
main,ablate-r1-kernel_split-v2-d20-k16-v4194304,44,1,kernel_split,20,16,4194304,160,278369,5.005000558,55618.175617394205,217.2584985054461,1168704409600,217.47066500789285,9186177,1835399.7953740088,1.0009765625,2717.695,6156.287,7360.511,19.96319917293404,99.915823,358.93300978198005,10340.140625,91371.41838456514,92301.08861058793
main,ablate-r1-kernel_split-v2-d20-k16-v4194304,44,1,kernel_split,20,16,4194304,640,294846,5.009201465,58860.878736886654,229.9253075659635,1237881446400,230.1498439991334,9729918,1942408.9983172596,1.0009765625,10207.231,22364.159,33587.199,19.992540866990264,100.14666500000001,339.65753308506817,10340.140625,95379.27418936422,98297.70342447187
main,ablate-r1-kernel_split-v2-d20-k16-v4194304,44,1,kernel_split,20,16,4194304,2560,289161,5.017820311,57626.8144489162,225.1047439410789,1214013542400,225.32457279258387,9542313,1901684.8768142345,1.0009765625,43876.351,58949.631,65306.623,19.952704719322103,100.11908700000001,346.2399389959227,10340.140625,89973.92732662961,98398.50161984008
main,ablate-r1-control_after-v2-d20-k16-v4194304,45,1,control_after,20,16,4194304,160,296657,5.002348394,59303.54638149979,231.65447805273357,1245484748800,231.88070312895692,9789681,1957017.030589493,1.0009765625,2637.823,4763.647,5992.447,19.99595332463763,100.026725,337.17972271006585,10329.1796875,97713.30613163205,97983.77909621462
main,ablate-r1-control_after-v2-d20-k16-v4194304,45,1,control_after,20,16,4194304,640,298522,5.007444822,59615.634442631504,232.87357204152931,1253314764800,233.10098763922613,9851226,1967315.9366068398,1.0009765625,10256.383,19136.511,25886.719,19.994934055011743,100.12352900000002,335.3974882923202,10329.1796875,98312.4163120334,98424.44949860698
main,ablate-r1-control_after-v2-d20-k16-v4194304,45,1,control_after,20,16,4194304,2560,298134,5.013733946,59463.46639271791,232.27916559655435,1251685785600,232.50600071920724,9838422,1962294.3909596913,1.0009765625,42500.095,50790.399,55410.687,19.993128490587836,100.24022699999998,336.22541206303197,10329.1796875,97596.7223770194,98439.2082459335
main,ablate-r2-control_before-v2-d20-k16-v100,46,2,control_before,20,16,100,640,50143351,5.000338935,10027990.432612544,0.9339293867920101,205387165696,38.25374768300073,50139361,10027192.486702904,40.96,61.951,112.383,147.071,19.99853015963607,99.999429,1.9942709652571884,11315.03125,493168.5695821737,516286.80246652116
main,ablate-r2-kernel_split-v2-d20-k16-v100,47,2,kernel_split,20,16,100,640,50112779,5.000369897,10021814.392184356,0.9333541982047591,205261942784,38.230187958466935,50108815,10021021.650830885,40.96,61.983,112.383,146.943,19.998344934440755,99.99912199999999,1.9954814719016079,11315.80859375,490952.4796301285,517152.14139487094
main,ablate-r2-no_huge_pages-v2-d20-k16-v100,48,2,no_huge_pages,20,16,100,640,50049529,5.000365901,10009173.326694118,0.932176907238934,205002870784,38.181966120506736,50045495,10008366.585731583,40.96,62.047,112.447,146.943,19.99836051597777,99.99912,1.998003217972341,11315.78515625,493134.91228849173,518228.8759072153
main,ablate-r2-no_registered_files-v2-d20-k16-v100,49,2,no_registered_files,20,16,100,640,49949034,5.000341675,9989124.193198258,0.9303096861763167,204591243264,38.10548474578193,49944918,9988301.049447786,40.96,62.175,112.575,147.199,19.997440674891486,99.99403600000002,2.001921318438311,11315.77734375,491736.59717963176,515628.9644947113
main,ablate-r2-reuse_encoded_metadata-v2-d20-k16-v100,50,2,reuse_encoded_metadata,20,16,100,640,50127950,5.000317309,10024953.798387038,0.9336465781915037,205324083200,38.24216384272399,50123926,10024149.049457854,40.96,61.951,112.383,146.943,19.998126482896772,99.99697800000001,1.9948347778036009,11315.80859375,492917.3185797118,516009.45311128855
main,ablate-r2-no_registered_buffers-v2-d20-k16-v100,51,2,no_registered_buffers,20,16,100,640,49278099,5.000326802,9854975.6748479,0.9178161318272261,201843093504,37.59374875964318,49273588,9854073.5338122,40.96,63.007,113.343,147.455,19.99795432570609,99.996307,2.0292241184060287,3726.87109375,484648.7231655944,513389.64464747
main,ablate-r2-single_reap-v2-d20-k16-v100,52,2,single_reap,20,16,100,640,50100660,5.000421873,10019286.626698587,0.9331187816987362,205212303360,38.22054529838023,50096549,10018464.49606553,40.96,62.015,112.383,146.815,19.998010875831557,99.998491,1.9959515702986748,11315.77734375,492053.08321792475,515019.54543186206
main,ablate-r2-no_defer_taskrun-v2-d20-k16-v100,53,2,no_defer_taskrun,20,16,100,640,49212696,5.000385277,9841780.837640842,0.916587266851295,201575202816,37.543414450229044,49207973,9840836.310421765,40.96,63.039,113.215,147.455,19.998181632115063,99.998613,2.0319677873368285,11315.77734375,485410.59649232303,499838.4847456225
main,ablate-r2-control_after-v2-d20-k16-v100,54,2,control_after,20,16,100,640,50104639,5.000374061,10020178.168426828,0.9332018129925084,205228601344,38.22394626017314,50100638,10019378.028287074,40.96,62.015,112.383,146.815,19.998198090804795,99.99847100000001,1.9957926650264861,11314.79296875,492454.7583761255,516439.56402004865
main,ablate-r2-control_before-v2-d20-k16-v1024,55,2,control_before,20,16,1024,640,49813967,5.000303885,9962187.928104293,9.500682762245457,204038008832,38.00273104898183,49813288,9962052.13635731,4.0,61.855,107.391,137.087,19.99851715012317,99.99866300000002,2.0074422701568824,11319.23828125,490252.40392964636,515205.48735609493
main,ablate-r2-no_registered_buffers-v2-d20-k16-v1024,56,2,no_registered_buffers,20,16,1024,640,48927553,5.000436415,9784656.565820964,9.331375661679234,200407257088,37.325502646716934,48926765,9784498.979575565,4.0,62.879,108.479,137.727,19.998157700801404,99.99951600000001,2.043828269932077,3728.03515625,478503.4347847017,513036.82060718694
main,ablate-r2-reuse_encoded_metadata-v2-d20-k16-v1024,57,2,reuse_encoded_metadata,20,16,1024,640,49805173,5.000264531,9960507.627391364,9.499080302611699,204001988608,37.996321210446794,49804476,9960368.234766098,4.0,61.855,107.391,137.471,19.99863154839958,99.99844800000002,2.00779240341159,11315.80859375,483785.8047314577,513606.62702506926
main,ablate-r2-kernel_split-v2-d20-k16-v1024,58,2,kernel_split,20,16,1024,640,49728340,5.000312963,9945045.513744177,9.484334481949022,203687280640,37.93733792779609,49727652,9944907.92235638,4.0,61.919,107.519,137.599,19.99855463846894,99.99903200000001,2.010906296087905,11315.77734375,487391.69288672385,515592.5277231493
main,ablate-r2-no_defer_taskrun-v2-d20-k16-v1024,59,2,no_defer_taskrun,20,16,1024,640,48816641,5.000437184,9762474.600460855,9.310221291027885,199952961536,37.24088516411154,48815825,9762311.414729293,4.0,62.943,108.479,137.727,19.99814162649023,99.999451,2.048470541018994,11315.78515625,482425.6182477024,496663.9732915001
main,ablate-r2-single_reap-v2-d20-k16-v1024,60,2,single_reap,20,16,1024,640,49709069,5.000433796,9940951.331015281,9.4804299650338,203608346624,37.9217198601352,49708341,9940805.743646326,4.0,61.951,107.455,137.087,19.998270966009606,100.00003000000001,2.0117059524892733,11315.81640625,489445.7360794943,516598.58032045024
main,ablate-r2-no_huge_pages-v2-d20-k16-v1024,61,2,no_huge_pages,20,16,1024,640,49802904,5.000448619,9959687.179019487,9.498297862071501,203992694784,37.993191448286005,49802187,9959543.791884726,4.0,61.855,107.391,136.959,19.99799810361775,99.998962,2.0078941982981555,11315.82421875,490780.365320658,515393.15696746286
main,ablate-r2-no_registered_files-v2-d20-k16-v1024,62,2,no_registered_files,20,16,1024,640,49632359,5.000396203,9925685.282742783,9.4658711268833,203294142464,37.8634845075332,49631672,9925547.893629579,4.0,62.047,107.583,137.343,19.997555781681328,99.99570200000001,2.0147279721280227,11314.79296875,486644.8379710523,515185.77636996895
main,ablate-r2-control_after-v2-d20-k16-v1024,63,2,control_after,20,16,1024,640,49813959,5.000457334,9961880.61865783,9.500389689119176,204037976064,38.001558756476705,49813273,9961743.431205926,4.0,61.823,107.391,137.087,19.997564286786897,99.99696700000001,2.007408545865628,11316.01953125,490802.9078285902,515009.0937662223
main,ablate-r2-control_before-v2-d20-k16-v4096,64,2,control_before,20,16,4096,640,43459719,5.000417357,8691218.331838137,33.15436680541281,356022018048,66.30873361082563,43459506,8691175.735393722,2.0,70.015,123.711,157.951,19.99812772828114,99.99898499999999,2.300957928421028,11323.74609375,426706.18223758,453303.5621170451
main,ablate-r2-no_huge_pages-v2-d20-k16-v4096,65,2,no_huge_pages,20,16,4096,640,43470628,5.000373611,8693476.00434731,33.16297914256023,356111384576,66.32595828512046,43470398,8693430.007784273,2.0,70.015,123.711,157.951,19.998347079509852,99.99920699999998,2.300385607495709,11319.75,426557.326698123,453400.72090065276
main,ablate-r2-reuse_encoded_metadata-v2-d20-k16-v4096,66,2,reuse_encoded_metadata,20,16,4096,640,43389339,5.000454191,8677079.589708814,33.10043178447271,355445465088,66.20086356894542,43389083,8677028.394359307,2.0,70.015,124.159,162.431,19.99800441727514,99.99910499999999,2.304692979996768,11320.24609375,422530.21811554075,452536.2924177621
main,ablate-r2-single_reap-v2-d20-k16-v4096,67,2,single_reap,20,16,4096,640,43445905,5.000376406,8688526.917267436,33.1440998736093,355908853760,66.2881997472186,43445655,8688476.921031212,2.0,70.015,123.775,157.951,19.998342700763477,99.999241,2.3016954302137336,11316.5546875,426123.9208798875,452997.89777465805
main,ablate-r2-no_defer_taskrun-v2-d20-k16-v4096,68,2,no_defer_taskrun,20,16,4096,640,42882154,5.000394407,8575754.332492197,32.71390660282973,351290605568,65.42781320565946,42881888,8575701.136688357,2.0,70.911,124.607,158.719,19.998282307493987,99.99929899999998,2.3319560626548745,11328.78125,421754.7313963308,442475.8968817877
main,ablate-r2-no_registered_files-v2-d20-k16-v4096,69,2,no_registered_files,20,16,4096,640,43382334,5.000372661,8675820.172035774,33.095627487319085,355388080128,66.19125497463817,43382093,8675771.975627959,2.0,70.143,123.903,157.951,19.998333280224294,99.99911900000001,2.3050654443811163,11316.8203125,425910.4559567145,452707.05874695606
main,ablate-r2-kernel_split-v2-d20-k16-v4096,70,2,kernel_split,20,16,4096,640,43420688,5.000413192,8683420.016063346,33.12461859155024,355702276096,66.24923718310048,43420465,8683375.419748712,2.0,70.079,123.775,158.079,19.998146985130184,99.998998,2.3030265665067304,11321.19140625,426049.79192687484,452771.1837138118
main,ablate-r2-no_registered_buffers-v2-d20-k16-v4096,71,2,no_registered_buffers,20,16,4096,640,44139557,5.000366246,8827264.809914486,33.67334293332858,361591250944,67.34668586665715,44139347,8827222.812990727,2.0,68.991,122.623,157.311,19.997828975025847,99.99646900000002,2.265461545071692,3731.71484375,435797.07821265864,454588.10178521473
main,ablate-r2-control_after-v2-d20-k16-v4096,72,2,control_after,20,16,4096,640,43470264,5.000408817,8693342.002800487,33.16246796722598,356108402688,66.32493593445196,43470045,8693298.206381433,2.0,70.015,123.711,157.951,19.998117885888043,99.99876499999998,2.300394701996748,11320.24609375,427189.2715527143,453076.5549204094
main,ablate-r2-control_before-v2-d20-k16-v65536,73,2,control_before,20,16,65536,640,15295505,5.001383868,3058254.555876854,186.66104467021813,1065056604160,198.32735996210675,15295505,3058254.555876854,1.0625,183.423,558.591,861.695,19.995487576919583,100.005109,6.538202498054167,10394.45703125,150638.90712737432,154163.13171504796
main,ablate-r2-no_registered_files-v2-d20-k16-v65536,74,2,no_registered_files,20,16,65536,640,15292545,5.00145778,3057617.533262472,186.62216389541456,1064850493440,198.28604913887796,15292545,3057617.533262472,1.0625,183.423,558.591,863.743,19.994892968985535,100.003613,6.5393701963930795,10386.9921875,150809.03072223873,154579.1315267286
main,ablate-r2-single_reap-v2-d20-k16-v65536,75,2,single_reap,20,16,65536,640,15274282,5.001556829,3053905.5182651808,186.39560048005254,1063578804224,198.04532551005582,15274282,3053905.5182651808,1.0625,183.551,561.151,879.615,19.99465114944913,100.004384,6.547239601835294,10391.4921875,151003.3827109395,154186.19169307454
main,ablate-r2-no_huge_pages-v2-d20-k16-v65536,76,2,no_huge_pages,20,16,65536,640,15266633,5.001739217,3052264.8898030305,186.295464465517,1063046189056,197.9389309946118,15266633,3052264.8898030305,1.0625,183.551,562.687,887.295,19.994410476278937,100.006827,6.550679969840108,10399.45703125,151016.26998719235,154155.57799961965
main,ablate-r2-no_defer_taskrun-v2-d20-k16-v65536,77,2,no_defer_taskrun,20,16,65536,640,15240974,5.000689251,3047774.663653061,186.02140281085576,1061259501568,197.64774048653425,15240974,3047774.663653061,1.0625,183.679,565.247,908.799,19.99827863329075,100.00517700000002,6.561600131330191,10386.03515625,150717.8235178845,154134.55252110807
main,ablate-r2-reuse_encoded_metadata-v2-d20-k16-v65536,78,2,reuse_encoded_metadata,20,16,65536,640,15255204,5.001673243,3050020.1150385304,186.15845428701968,1062250364928,197.7933576799584,15255204,3050020.1150385304,1.0625,183.423,565.247,906.751,19.99442829256409,100.005597,6.555507025668093,10385.85546875,151040.65445644307,154238.7842067995
main,ablate-r2-kernel_split-v2-d20-k16-v65536,79,2,kernel_split,20,16,65536,640,15256554,5.00188597,3050160.297836618,186.16701036600452,1062344368128,197.8024485138798,15256554,3050160.297836618,1.0625,183.551,564.223,898.047,19.993602932935318,100.00572200000002,6.554935144594252,10388.85546875,151119.5985941279,154160.25167802855
main,ablate-r2-no_registered_buffers-v2-d20-k16-v65536,80,2,no_registered_buffers,20,16,65536,640,15301573,5.000663417,3059908.60092314,186.76199956806275,1065479131136,198.43462454106668,15301573,3059908.60092314,1.0625,182.911,564.735,886.783,19.998032992989174,100.00343199999998,6.535500108387548,2937.1953125,151244.9323081486,154900.24730852625
main,ablate-r2-control_after-v2-d20-k16-v65536,81,2,control_after,20,16,65536,640,15270023,5.000821305,3053503.0285390294,186.37103445672787,1063282241536,198.01922411027337,15270023,3053503.0285390294,1.0625,183.423,563.199,878.591,19.997514188321915,100.003995,6.549040233927611,10388.13671875,151168.36893255077,154558.21211352004
main,ablate-r2-control_before-v2-d20-k16-v4194304,82,2,control_before,20,16,4194304,640,298539,5.007634518,59616.77093783465,232.8780114759166,1253386137600,233.10543140899856,9851787,1967353.4409485434,1.0009765625,10289.151,18792.447,23986.175,19.995073250671293,100.12801900000002,335.39342933419096,10337.61328125,98288.9222907142,98440.49086011993
main,ablate-r2-reuse_encoded_metadata-v2-d20-k16-v4194304,83,2,reuse_encoded_metadata,20,16,4194304,640,298579,5.007509283,59626.24992301986,232.91503876179632,1253554073600,233.14249485433714,9853107,1967666.2474596554,1.0009765625,10280.959,18874.367,24510.463,19.994674466188105,100.123518,335.33342264526306,10342.14453125,98317.74085200432,98456.1330068332
main,ablate-r2-no_huge_pages-v2-d20-k16-v4194304,84,2,no_huge_pages,20,16,4194304,640,298495,5.007965507,59604.04471292219,232.8282996598523,1253201408000,233.05567104623884,9850335,1966933.475526432,1.0009765625,10272.767,19120.127,25722.879,19.994024092227033,100.12938299999996,335.44743798053554,10337.09765625,98242.88911580956,98453.753187961
main,ablate-r2-no_registered_files-v2-d20-k16-v4194304,85,2,no_registered_files,20,16,4194304,640,298602,5.008108606,59623.70697038354,232.9051053530607,1253650636800,233.13255174500705,9853866,1967582.3300226566,1.0009765625,10280.959,18694.143,24150.015,19.992832599525293,100.12627699999999,335.31683310895437,10340.34765625,98319.15374400727,98444.35070943426
main,ablate-r2-no_registered_buffers-v2-d20-k16-v4194304,86,2,no_registered_buffers,20,16,4194304,640,298731,5.007562869,59655.965948892015,233.03111698785943,1254192230400,233.25868643804287,9858123,1968646.8763134365,1.0009765625,10289.151,18382.847,23232.511,19.99394088885277,100.12091599999998,335.15408846085603,7788.7265625,98382.58907339143,98501.20965101357
main,ablate-r2-kernel_split-v2-d20-k16-v4194304,87,2,kernel_split,20,16,4194304,640,294837,5.008445123,58867.97054958966,229.95300995933462,1237843660800,230.17757344562304,9729621,1942643.028136459,1.0009765625,10289.151,21020.671,26329.087,19.96928498641353,100.01506799999999,339.2215631009676,10339.6640625,95347.55563298601,98220.30349118392
main,ablate-r2-single_reap-v2-d20-k16-v4194304,88,2,single_reap,20,16,4194304,640,298560,5.008435116,59611.4341276414,232.8571645610992,1253474304000,233.0845641358659,9852480,1967177.326212166,1.0009765625,10280.959,18530.303,23298.047,19.99200761933161,100.12867299999999,335.3720290728831,10339.1796875,98312.7441198142,98418.16627020072
main,ablate-r2-no_defer_taskrun-v2-d20-k16-v4194304,89,2,no_defer_taskrun,20,16,4194304,640,298497,5.008494063,59598.153905209096,232.80528869222303,1253209804800,233.03263760696152,9850401,1966739.0788719002,1.0009765625,10289.151,18481.151,23166.975,19.991579652592275,100.12770800000001,335.4395789572425,10340.85546875,98285.23180980758,98397.2415262899
main,ablate-r2-control_after-v2-d20-k16-v4194304,90,2,control_after,20,16,4194304,640,298491,5.008305759,59599.1966871446,232.8093620591586,1253184614400,233.0367149517945,9850203,1966773.4906757718,1.0009765625,10280.959,18710.527,23855.103,19.991896824604392,100.12553199999999,335.43903166259616,10334.921875,98295.51622628878,98400.94109957076
main,ablate-r3-control_before-v2-d20-k16-v100,91,3,control_before,20,16,100,640,50044866,5.000357889,10008256.830994202,0.932091551925447,204983771136,38.17846996686631,50040845,10007452.68855295,40.96,62.079,112.383,146.815,19.9983083650835,99.99869899999997,1.9981809722499801,11314.671875,491205.6405808996,517413.3646896649
main,ablate-r3-reuse_encoded_metadata-v2-d20-k16-v100,92,3,reuse_encoded_metadata,20,16,100,640,50040924,5.0003417,10007500.887389356,0.9320211491910141,204967624704,38.17558627086394,50036966,10006709.341483604,40.96,62.079,112.447,146.815,19.998361311987942,99.99864000000002,1.9983372009677525,11315.80078125,493134.4991883255,517605.0268724635
main,ablate-r3-no_registered_buffers-v2-d20-k16-v100,93,3,no_registered_buffers,20,16,100,640,49247730,5.000357712,9848841.390249724,0.9172448320546861,201718702080,37.570348320959944,49243269,9847949.254075287,40.96,63.039,113.343,147.327,19.998235278252427,99.99832999999998,2.0305165334524045,3726.87109375,484090.7669847121,512795.71336395625
main,ablate-r3-single_reap-v2-d20-k16-v100,94,3,single_reap,20,16,100,640,50028135,5.000369712,10004887.21462762,0.9317777319464479,204915240960,38.165615900526504,50024084,10004077.074531324,40.96,62.079,112.383,146.815,19.998337674916304,99.99908199999999,1.9988568832318052,11315.67578125,492814.1601382454,514745.7384647081
main,ablate-r3-kernel_split-v2-d20-k16-v100,95,3,kernel_split,20,16,100,640,50028922,5.000409903,10004964.187032968,0.9317849005603202,204918464512,38.16590952695071,50024810,10004141.854448287,40.96,62.079,112.383,146.815,19.998114142603715,99.99876799999998,1.998819163043329,11315.83203125,491215.3298725278,517682.7600567209
main,ablate-r3-no_defer_taskrun-v2-d20-k16-v100,96,3,no_defer_taskrun,20,16,100,640,49224779,5.000402406,9844163.529906116,0.9168091723607962,201624694784,37.55250369989821,49220028,9843213.4063732,40.96,63.007,113.151,147.327,19.998177522675164,99.998935,2.0314755501492447,11315.77734375,487334.17876049236,498349.09226703545
main,ablate-r3-no_registered_files-v2-d20-k16-v100,97,3,no_registered_files,20,16,100,640,49958608,5.000387208,9990947.885010269,0.9304795307116832,204630458368,38.11244157795055,49954594,9990145.14717557,40.96,62.175,112.511,146.815,19.99821530620954,99.99882,2.0016334322205296,11315.77734375,490802.3914775201,517836.89788208896
main,ablate-r3-no_huge_pages-v2-d20-k16-v100,98,3,no_huge_pages,20,16,100,640,50058347,5.00038467,10010899.221479295,0.9323376437164187,205038989312,38.18854988662451,50054278,10010085.484083368,40.96,62.079,112.383,146.815,19.99815686179999,99.99847699999998,1.9976384158270346,11314.91796875,491569.7815704247,517343.1987183498
main,ablate-r3-control_after-v2-d20-k16-v100,99,3,control_after,20,16,100,640,50075952,5.000361104,10014467.147171058,0.9326699326905477,205111099392,38.20216044300483,50071959,10013668.604842424,40.96,62.047,112.383,146.943,19.99781374189331,99.99628999999999,1.9968924405071717,11315.03125,490877.14845963655,515064.8016079761
main,ablate-r3-control_before-v2-d20-k16-v1024,100,3,control_before,20,16,1024,640,49791034,5.000423787,9957362.839814842,9.496081199469415,203944075264,37.98432479787766,49790299,9957215.852273123,4.0,61.855,107.391,137.087,19.997868632649155,99.997818,2.0083498968910747,11314.671875,491617.93174231215,514632.18111437245
main,ablate-r3-no_registered_files-v2-d20-k16-v1024,101,3,no_registered_files,20,16,1024,640,49630417,5.000303604,9925480.716870487,9.465676037664878,203286188032,37.86270415065951,49629724,9925342.125285879,4.0,62.079,107.583,137.087,19.998560071433616,99.998872,2.0148706790031605,11315.9140625,489719.8638180931,515222.91525240755
main,ablate-r3-no_registered_buffers-v2-d20-k16-v1024,102,3,no_registered_buffers,20,16,1024,640,48903006,5.000445879,9779729.084835077,9.326676449618413,200306712576,37.30670579847365,48902246,9779577.09838859,4.0,62.911,108.479,137.727,19.997819078485417,99.99801199999999,2.044823420466218,3728.03515625,477771.9943001907,511947.146703635
main,ablate-r3-reuse_encoded_metadata-v2-d20-k16-v1024,103,3,reuse_encoded_metadata,20,16,1024,640,49813059,5.000274647,9962064.589769322,9.500565137643168,204034289664,38.00226055057267,49812355,9961923.797502957,4.0,61.823,107.391,136.959,19.998727081920627,99.99912800000001,2.0074881970207854,11315.82421875,490182.4745707813,514273.95124042267
main,ablate-r3-single_reap-v2-d20-k16-v1024,104,3,single_reap,20,16,1024,640,49680329,5.000426941,9935217.449665366,9.474961709657064,203490627584,37.89984683862826,49679628,9935077.26163577,4.0,61.983,107.519,137.343,19.998147394190674,99.999275,2.012854524373218,11314.91796875,488808.2615424018,514277.2867881803
main,ablate-r3-no_huge_pages-v2-d20-k16-v1024,105,3,no_huge_pages,20,16,1024,640,49727958,5.000456746,9944683.161148975,9.483988915585494,203685715968,37.935955662341975,49727307,9944552.973041555,4.0,61.919,107.519,137.983,19.99788160951327,99.99854199999999,2.0109118898467537,11316.03515625,480999.2611022977,515287.5288964653
main,ablate-r3-kernel_split-v2-d20-k16-v1024,106,3,kernel_split,20,16,1024,640,49772492,5.000444902,9953612.723558413,9.492504809912122,203868127232,37.97001923964849,49771797,9953473.735925589,4.0,61.887,107.455,137.471,19.99699585930964,99.99387599999999,2.009018877334894,11315.78515625,489978.40152584086,515222.1553265302
main,ablate-r3-no_defer_taskrun-v2-d20-k16-v1024,107,3,no_defer_taskrun,20,16,1024,640,48843351,5.000384672,9767918.711034717,9.315413199457852,200062365696,37.26165279783141,48842535,9767755.523589445,4.0,62.911,108.479,137.983,19.99736611463639,99.99452299999999,2.047249440358832,11315.80859375,481929.32305668824,497261.7434661235
main,ablate-r3-control_after-v2-d20-k16-v1024,108,3,control_after,20,16,1024,640,49830528,5.000445888,9965216.925871072,9.503571439620087,204105842688,38.01428575848035,49829861,9965083.537766302,4.0,61.823,107.327,137.087,19.99796442952729,99.998739,2.006776628977321,11315.81640625,490500.4583463258,513849.97609237203
main,ablate-r3-control_before-v2-d20-k16-v4096,109,3,control_before,20,16,4096,640,43479535,5.000395657,8695218.935152354,33.16962789593641,356184350720,66.33925579187282,43479303,8695172.538823761,2.0,69.951,123.711,157.951,19.998240511230804,99.99911499999999,2.2999122460716284,11319.47265625,425832.90324620006,453298.12988436484
main,ablate-r3-no_huge_pages-v2-d20-k16-v4096,110,3,no_huge_pages,20,16,4096,640,43444948,5.000411394,8688274.73918039,33.14313789055019,355901014016,66.28627578110039,43444699,8688224.943277536,2.0,70.015,123.775,157.951,19.998095780676877,99.99870599999998,2.3017338172438366,11316.8203125,426367.91895926953,452846.74031362304
main,ablate-r3-kernel_split-v2-d20-k16-v4096,111,3,kernel_split,20,16,4096,640,43453199,5.000436832,8689880.59641586,33.14926374975533,355968606208,66.29852749951066,43452972,8689835.20038195,2.0,70.015,123.775,158.207,19.997840860636234,99.99794,2.301279130220079,11315.77734375,425851.9948442776,453531.17661381146
main,ablate-r3-reuse_encoded_metadata-v2-d20-k16-v4096,112,3,reuse_encoded_metadata,20,16,4096,640,43464224,5.000390492,8692165.955746321,33.157981703744206,356058923008,66.31596340748841,43464005,8692122.159166764,2.0,70.015,123.775,157.951,19.998270167097186,99.99916000000002,2.300723463968896,11319.99609375,425789.7465020618,452597.65284746885
main,ablate-r3-no_registered_buffers-v2-d20-k16-v4096,113,3,no_registered_buffers,20,16,4096,640,44163546,5.000427402,8831954.241018696,33.69123169333914,361787768832,67.38246338667828,44163332,8831911.444676945,2.0,68.927,122.559,157.311,19.99719663163305,99.99453,2.264187074108587,3731.71484375,436100.92191875406,454349.56201769895
main,ablate-r3-single_reap-v2-d20-k16-v4096,114,3,single_reap,20,16,4096,640,43439162,5.000352933,8687219.198733306,33.139111323292944,355853615104,66.27822264658589,43438946,8687176.001782432,2.0,70.079,123.839,158.207,19.998328585979433,99.99870100000001,2.3020402879779316,11324.26953125,424974.60248772404,453109.8165186253
main,ablate-r3-no_registered_files-v2-d20-k16-v4096,115,3,no_registered_files,20,16,4096,640,43371415,5.000465941,8673474.734501747,33.08668035317134,355298631680,66.17336070634268,43371180,8673427.738881184,2.0,70.143,123.903,158.079,19.997865634897643,99.998646,2.3056348518949634,11320.24609375,424264.6635396811,452603.2227203605
main,ablate-r3-no_defer_taskrun-v2-d20-k16-v4096,116,3,no_defer_taskrun,20,16,4096,640,42892620,5.000370364,8577888.611772439,32.72204823216415,351376343040,65.4440964643283,42892381,8577840.815312855,2.0,70.911,124.607,158.591,19.99823367483665,99.998575,2.3313701751023834,11316.5546875,422085.5349425873,442435.0275986877
main,ablate-r3-control_after-v2-d20-k16-v4096,117,3,control_after,20,16,4096,640,43493969,5.000411124,8698078.602226548,33.180536660104934,356302594048,66.36107332020987,43493763,8698037.40561393,2.0,69.951,123.711,157.951,19.998141256834785,99.998928,2.299144692911332,11320.95703125,427021.28825997707,452894.96080242697
main,ablate-r3-control_before-v2-d20-k16-v65536,118,3,control_before,20,16,65536,640,15301124,5.000823828,3059720.663289081,186.7505287652027,1065447866368,198.42243681302787,15301124,3059720.663289081,1.0625,183.551,556.031,851.455,19.997367121807756,100.00331,6.535683914462754,10387.20703125,151039.3139168189,154456.35090666907
main,ablate-r3-no_registered_buffers-v2-d20-k16-v65536,119,3,no_registered_buffers,20,16,65536,640,15286781,5.001211815,3056615.389524349,186.56099789577326,1064449134592,198.22106026425908,15286781,3056615.389524349,1.0625,183.039,565.759,912.383,19.995410852239623,100.00128500000001,6.541683628489217,2943.01171875,147672.20972023558,154730.09914897996
main,ablate-r3-reuse_encoded_metadata-v2-d20-k16-v65536,120,3,reuse_encoded_metadata,20,16,65536,640,15271267,5.001428634,3053380.9672270534,186.36358442547933,1063368863744,198.0113084520718,15271267,3053380.9672270534,1.0625,183.679,561.151,873.983,19.995167044904793,100.00440099999999,6.548533333874654,10394.45703125,151053.4399839644,154475.86210624315
main,ablate-r3-no_defer_taskrun-v2-d20-k16-v65536,121,3,no_defer_taskrun,20,16,65536,640,15269647,5.000725032,3053486.6248970754,186.37003325787813,1063256059904,198.01816033649553,15269647,3053486.6248970754,1.0625,183.679,560.127,868.351,19.997858582519243,100.00379200000002,6.549188203237443,10385.375,151067.09430449645,154191.04131218707
main,ablate-r3-single_reap-v2-d20-k16-v65536,122,3,single_reap,20,16,65536,640,15266493,5.000588429,3052939.3123946697,186.33662795377623,1063036440576,197.98266720088725,15266493,3052939.3123946697,1.0625,183.551,561.663,883.711,19.998572651978595,100.004631,6.550596197830111,10385.85546875,150763.85723485023,154368.43302746443
main,ablate-r3-kernel_split-v2-d20-k16-v65536,123,3,kernel_split,20,16,65536,640,15253578,5.000807229,3050223.154282678,186.1708468190111,1062137143296,197.8065247451993,15253578,3050223.154282678,1.0625,183.551,563.199,919.039,19.997387505776214,100.00307999999998,6.556040818750852,10392.26171875,146700.11588243127,154222.7013925955
main,ablate-r3-no_huge_pages-v2-d20-k16-v65536,124,3,no_huge_pages,20,16,65536,640,15282416,5.001130267,3055792.427732017,186.51076829419048,1064145190912,198.1676913125774,15282416,3055792.427732017,1.0625,183.551,559.103,861.695,19.99629017061954,100.00405199999999,6.543733137482973,10386.08984375,150970.87252096567,154196.94325670722
main,ablate-r3-no_registered_files-v2-d20-k16-v65536,125,3,no_registered_files,20,16,65536,640,15283051,5.000789028,3056127.925898977,186.5312454772325,1064189407232,198.18944831955952,15283051,3056127.925898977,1.0625,183.551,558.591,857.087,19.99783442973911,100.00495099999998,6.543520073315202,10382.85546875,151240.73336532686,154240.45999166675
main,ablate-r3-control_after-v2-d20-k16-v65536,126,3,control_after,20,16,65536,640,15289799,5.001536268,3057020.5194401285,186.5857250634844,1064659283968,198.24733287995218,15289799,3057020.5194401285,1.0625,183.679,557.567,855.551,19.994976471497214,100.00559999999999,6.540674602720414,10383.08984375,151072.78234376287,153912.50982727055
main,ablate-r3-control_before-v2-d20-k16-v4194304,127,3,control_before,20,16,4194304,640,298583,5.008183541,59619.02105935618,232.88680101311007,1253570867200,233.11422952972444,9853239,1967427.694958754,1.0009765625,10280.959,18726.911,23756.799,19.993168017961025,100.12945500000001,335.3488142325584,10336.95703125,98291.32578110519,98436.28851940272
main,ablate-r3-no_registered_buffers-v2-d20-k16-v4194304,128,3,no_registered_buffers,20,16,4194304,640,298726,5.007464684,59656.13715749173,233.03178577145206,1254171238400,233.2593558747445,9857958,1968652.526197227,1.0009765625,10280.959,18497.535,23576.575,19.99544087049222,100.12646400000003,335.17827038824885,7788.73046875,98358.1574871073,98496.55087452634
main,ablate-r3-reuse_encoded_metadata-v2-d20-k16-v4194304,129,3,reuse_encoded_metadata,20,16,4194304,640,298565,5.00763845,59621.916194848294,232.89811013612615,1253495296000,233.12554969680596,9852645,1967523.2344299937,1.0009765625,10289.151,18743.295,24182.783,19.994478834629124,100.125121,335.3545157670859,10337.09765625,98321.79477733662,98447.00349722733
main,ablate-r3-no_huge_pages-v2-d20-k16-v4194304,130,3,no_huge_pages,20,16,4194304,640,298485,5.008334384,59597.65804646801,232.80335174401566,1253159424000,233.03069876720315,9850005,1966722.7155334442,1.0009765625,10297.343,18595.839,23494.655,19.992576837497353,100.12950999999998,335.4591017974102,10340.85546875,98209.29720095142,98439.91279317104
main,ablate-r3-single_reap-v2-d20-k16-v4194304,131,3,single_reap,20,16,4194304,640,298547,5.007761945,59616.85145558571,232.87832599838168,1253419724800,233.10574623861447,9852051,1967356.0980343285,1.0009765625,10289.151,18513.919,23511.039,19.993947216274876,100.12492800000001,335.37408850197795,10340.85546875,98293.01101092975,98431.39618331038
main,ablate-r3-no_registered_files-v2-d20-k16-v4194304,132,3,no_registered_files,20,16,4194304,640,298575,5.007976511,59619.88826109333,232.89018851989582,1253537280000,233.11762034462225,9852975,1967456.3126160798,1.0009765625,10280.959,18825.215,24313.855,19.993211585572467,100.12553399999999,335.34466716905297,10340.85546875,98301.9786372157,98427.17890495314
main,ablate-r3-kernel_split-v2-d20-k16-v4194304,133,3,kernel_split,20,16,4194304,640,294512,5.009083799,58795.58254920702,229.67024433283993,1236479180800,229.89453168082122,9718896,1940254.2241238316,1.0009765625,10305.535,21037.055,26148.863,19.962703762305335,99.994856,339.52727223338945,10340.85546875,95131.16951549725,98247.30823993149
main,ablate-r3-no_defer_taskrun-v2-d20-k16-v4194304,134,3,no_defer_taskrun,20,16,4194304,640,298508,5.008036562,59605.79486679874,232.83513619843256,1253255987200,233.06251426112635,9850764,1966991.2306043583,1.0009765625,10289.151,18530.303,23363.583,19.993640773263987,100.128884,335.43115762391625,10340.75,98281.03167909739,98412.81985432917
main,ablate-r3-control_after-v2-d20-k16-v4194304,135,3,control_after,20,16,4194304,640,298555,5.007878097,59617.06619393376,232.87916482005375,1253453312000,233.10658587944832,9852315,1967363.1843998139,1.0009765625,10272.767,18939.903,24690.687,19.99448450232514,100.129941,335.3818927835742,10338.4921875,98297.32083432541,98442.29241429157
long_write,long-r1-control_before-v2-d20-k16-v100,1,1,control_before,20,16,100,640,10010378,1.000411961,10006255.812849084,0.9319051925883706,41002508288,38.17083668841966,10009569,10005447.145988291,40.96,62.079,112.447,146.687,19.993659392083178,20.001896,1.9981159552616294,16669.32421875,492196.2343471022,517329.8802651961
long_write,long-r1-reuse_encoded_metadata-v2-d20-k16-v100,2,1,reuse_encoded_metadata,20,16,100,640,10023867,1.000422959,10019629.10769224,0.9331506777268126,41057759232,38.221851759690246,10023036,10018798.45902257,40.96,61.983,112.383,146.815,19.993005778269026,20.001461999999997,1.9953838174429086,16670.25390625,491467.1295543508,516617.4919822087
long_write,long-r1-single_reap-v2-d20-k16-v100,3,1,single_reap,20,16,100,640,10012216,1.000320569,10009007.422499577,0.9321614562067739,41010036736,38.181333246229464,10011393,10008184.686243314,40.96,62.079,112.447,146.815,19.995387098753138,20.001797,1.9977392617178855,16669.671875,489641.03626264626,518587.75684137706
long_write,long-r1-control_after-v2-d20-k16-v100,4,1,control_after,20,16,100,640,10008694,1.000241539,10006277.093837032,0.9319071745348193,40995610624,38.1709178689462,10007895,10005478.286780091,40.96,62.079,112.447,146.815,19.996770000170926,20.001599999999996,1.99842257141641,16669.32421875,488408.03041274217,515930.3826912952
long_write,long-r1-control_before-v2-d20-k16-v1024,5,1,control_before,20,16,1024,640,9943423,1.000342275,9940020.779387735,9.479542521846518,40728260608,37.91817008738607,9943272,9939869.831053577,4.0,61.919,107.583,137.983,19.990578724667007,19.997420999999992,2.011120415977475,14544.06640625,489603.420989081,515806.4523465231
long_write,long-r1-reuse_encoded_metadata-v2-d20-k16-v1024,6,1,reuse_encoded_metadata,20,16,1024,640,9951625,1.000388592,9947759.380286897,9.486922626768967,40761856000,37.94769050707587,9951477,9947611.437776173,4.0,61.887,107.519,137.983,19.985994602385468,19.993760999999996,2.009095097534322,14551.28515625,489470.79556461,515024.86545748217
long_write,long-r1-single_reap-v2-d20-k16-v1024,7,1,single_reap,20,16,1024,640,9948618,1.000359921,9945038.571772208,9.48432786156865,40749539328,37.9373114462746,9948469,9944889.625381142,4.0,61.887,107.519,138.111,19.986331499580338,19.993524999999998,2.0096786307404706,14562.25,487356.59012872423,516020.2734671534
long_write,long-r1-control_after-v2-d20-k16-v1024,8,1,control_after,20,16,1024,640,9944018,1.000428137,9939762.419936815,9.479296131073776,40730697728,37.9171845242951,9943874,9939618.481562158,4.0,61.919,107.583,138.111,19.985712377060025,19.994269000000006,2.010683106164933,14433.16015625,488987.6462960777,514708.63418948394
long_write,long-r1-control_before-v2-d20-k16-v4096,9,1,control_before,20,16,4096,640,8683707,1.000394956,8680278.671856878,33.11263531439544,71136927744,66.22527062879088,8683657,8680228.69159688,2.0,70.015,123.839,158.335,19.99394227253582,20.00183900000001,2.3033756205731044,12004.5078125,423550.71610337065,452769.1760972853
long_write,long-r1-single_reap-v2-d20-k16-v4096,10,1,single_reap,20,16,4096,640,8687438,1.000329545,8684576.04138844,33.12902847819687,71167492096,66.25805695639374,8687393,8684531.056213079,2.0,70.015,123.775,158.463,19.99512670596969,20.00171600000001,2.302372229879512,12061.546875,426684.3882932599,451934.06738776265
long_write,long-r1-reuse_encoded_metadata-v2-d20-k16-v4096,11,1,reuse_encoded_metadata,20,16,4096,640,8697209,1.000339773,8694254.926920714,33.16595049637113,71247536128,66.33190099274226,8697168,8694213.940846676,2.0,69.951,123.711,158.335,19.99485128939283,20.001644999999982,2.2997774343470394,12058.47265625,426910.94718674145,453265.9924539459
long_write,long-r1-control_after-v2-d20-k16-v4096,12,1,control_after,20,16,4096,640,8684208,1.000387979,8680840.016371287,33.11477667377963,71141031936,66.22955334755926,8684161,8680793.034599228,2.0,70.079,123.839,158.719,19.994126698717547,20.00188399999999,2.303247918520605,12074.984375,425863.77379890525,452216.54947535106
long_write,long-r2-control_before-v2-d20-k16-v100,13,2,control_before,20,16,100,640,10006117,1.000443548,10001680.774495834,0.9314791089385593,40985055232,38.15338430212339,10005300,10000864.136713888,40.96,62.079,112.575,147.839,19.992285461767995,20.00115299999999,1.9988925774103974,16670.25390625,490763.32290965004,515407.3920820568
long_write,long-r2-single_reap-v2-d20-k16-v100,14,2,single_reap,20,16,100,640,10012500,1.000377157,10008725.139252655,0.9321351665307447,41011200000,38.1802564210993,10011719,10007944.433701219,40.96,62.047,112.447,146.815,19.994226037690304,20.001767,1.9976796004993758,16669.27734375,491845.4970278775,516319.2665743766
long_write,long-r2-reuse_encoded_metadata-v2-d20-k16-v100,15,2,reuse_encoded_metadata,20,16,100,640,10016005,1.000410905,10011891.063902387,0.9324300162403273,41025556480,38.19233346520381,10015198,10011084.395366522,40.96,62.047,112.447,146.815,19.993522561611815,20.001737999999996,1.9969776372915145,16669.32421875,492267.7247305696,517256.456735645
long_write,long-r2-control_after-v2-d20-k16-v100,16,2,control_after,20,16,100,640,10007022,1.000389984,10003120.942882212,0.9316132350715075,40988762112,38.158878108528945,10006223,10002322.254357958,40.96,62.079,112.447,146.815,19.993815731765658,20.001612999999992,1.9987577722922956,16669.17578125,493175.66937975265,516272.661922213
long_write,long-r2-control_before-v2-d20-k16-v1024,17,2,control_before,20,16,1024,640,9952726,1.000349723,9949246.519659406,9.488340873393446,40766365696,37.95336349357378,9952578,9949098.571400315,4.0,61.855,107.519,137.855,19.982403693832982,19.989392000000002,2.0084338702783544,14525.79296875,490203.56453879876,515283.7934059187
long_write,long-r2-reuse_encoded_metadata-v2-d20-k16-v1024,18,2,reuse_encoded_metadata,20,16,1024,640,9909930,1.000482429,9905151.467682596,9.446288554842564,40591073280,37.785154219370256,9909791,9905012.534707893,4.0,61.919,108.159,150.527,19.984562867320484,19.994204000000003,2.017592858879932,14473.05078125,469745.3812054904,513115.4582226051
long_write,long-r2-single_reap-v2-d20-k16-v1024,19,2,single_reap,20,16,1024,640,9941800,1.0003323,9938497.437301585,9.478089749623857,40721612800,37.91235899849543,9941666,9938363.481814994,4.0,61.951,107.647,137.727,19.989948340166563,19.996591,2.0113652457301496,14602.46875,487372.04626902484,514579.00539650675
long_write,long-r2-control_after-v2-d20-k16-v1024,20,2,control_after,20,16,1024,640,9948444,1.000342559,9945037.237988792,9.484326589573662,40748826624,37.93730635829465,9948301,9944894.286957955,4.0,61.887,107.583,138.111,19.982521807312214,19.989367,2.0092958255582483,14682.0234375,487742.9192733167,514501.75279406464
long_write,long-r2-control_before-v2-d20-k16-v4096,21,2,control_before,20,16,4096,640,8688956,1.000326427,8686120.615705777,33.13492056162177,71179927552,66.26984112324354,8688918,8686082.628105955,2.0,70.015,123.711,157.951,19.9952700039984,20.001796999999996,2.3019793171929974,12038.3203125,426703.7123872765,452472.3008242588
long_write,long-r2-reuse_encoded_metadata-v2-d20-k16-v4096,22,2,reuse_encoded_metadata,20,16,4096,640,8697565,1.000393794,8694141.299321175,33.16551704147787,71250452480,66.33103408295574,8697520,8694096.317034928,2.0,69.951,123.775,158.079,19.993753579802792,20.001627,2.299681232620854,12054.79296875,426431.07400164456,452443.8303342773
long_write,long-r2-single_reap-v2-d20-k16-v4096,23,2,single_reap,20,16,4096,640,8689115,1.000374392,8685863.082348874,33.13393814982938,71181230080,66.26787629965877,8689064,8685812.10143572,2.0,70.015,123.775,158.463,19.99372850799644,20.001214000000004,2.30187009839322,12103.7265625,426290.40028445673,452705.51067844615
long_write,long-r2-control_after-v2-d20-k16-v4096,24,2,control_after,20,16,4096,640,8685860,1.000346311,8682853.032483468,33.122455720838424,71154565120,66.24491144167685,8685814,8682807.048408259,2.0,70.015,123.903,158.847,19.994507682050116,20.001431999999994,2.3027578155761192,12046.7265625,426163.4149216151,452194.40010510525
long_write,long-r3-control_before-v2-d20-k16-v100,25,3,control_before,20,16,100,640,10016077,1.00028821,10013191.098193591,0.9325510913686446,41025851392,38.197292702459684,10015277,10012391.328695158,40.96,62.015,112.447,146.943,19.99553808596825,20.001301000000005,1.9969196522750379,16670.03125,491958.212723511,514623.68030909816
long_write,long-r3-reuse_encoded_metadata-v2-d20-k16-v100,26,3,reuse_encoded_metadata,20,16,100,640,10022020,1.000399898,10018013.816310886,0.9330002419940089,41050193920,38.21568991207461,10021172,10017166.155288832,40.96,62.015,112.447,146.687,19.99328372582461,20.001279,1.9957332952837852,16669.17578125,491734.35641433863,517951.87208225805
long_write,long-r3-single_reap-v2-d20-k16-v100,27,3,single_reap,20,16,100,640,10015090,1.000409326,10010992.240590129,0.9323463067961977,41021808640,38.18890472637226,10014287,10010189.56914442,40.96,62.047,112.447,146.687,19.993606097190654,20.001789999999993,1.9971652775961066,16669.30078125,490037.4149450902,516548.5632428021
long_write,long-r3-control_after-v2-d20-k16-v100,28,3,control_after,20,16,100,640,9993448,1.000283197,9990618.686759766,0.9304488717354616,40933163008,38.11118578628451,9992632,9989802.917783093,40.96,62.047,112.767,150.911,19.996036182541218,20.001699000000002,2.001481270528451,16669.41015625,473176.9976937842,517677.39531467913
long_write,long-r3-control_before-v2-d20-k16-v1024,29,3,control_before,20,16,1024,640,9934290,1.000374424,9930571.75560098,9.470531230545978,40690851840,37.88212492218391,9934154,9930435.806503585,4.0,61.983,107.647,138.239,19.986567549431882,19.994051000000013,2.0126300923367464,14624.0,488572.0668924258,513988.5503510233
long_write,long-r3-single_reap-v2-d20-k16-v1024,30,3,single_reap,20,16,1024,640,9932818,1.000359783,9929245.626220861,9.469266535015928,40684822528,37.87706614006371,9932670,9929097.679449596,4.0,61.951,107.775,140.543,19.98784771218658,19.995039000000013,2.0130278235240002,14656.4140625,487539.5915431359,513832.1319340764
long_write,long-r3-reuse_encoded_metadata-v2-d20-k16-v1024,31,3,reuse_encoded_metadata,20,16,1024,640,9948864,1.000377271,9945111.997651534,9.484397885943922,40750546944,37.93759154377569,9948717,9944965.053089455,4.0,61.887,107.519,138.367,19.987352351590964,19.994893,2.009766441676155,14455.1875,489379.3713551894,514494.89599609264
long_write,long-r3-control_after-v2-d20-k16-v1024,32,3,control_after,20,16,1024,640,9942961,1.000309022,9939889.355511582,9.479417186271268,40726368256,37.917668745085074,9942795,9939723.406793386,4.0,61.919,107.583,137.983,19.986811635494778,19.992988,2.0107680197076103,14655.9296875,488677.9877508693,514146.11753846606
long_write,long-r3-control_before-v2-d20-k16-v4096,33,3,control_before,20,16,4096,640,8680588,1.000385678,8677241.378899468,33.101048961255906,71111376896,66.20209792251181,8680539,8677192.397790406,2.0,70.079,123.903,158.847,19.993896793872345,20.00160800000001,2.304176629509431,12054.23828125,425854.7571889569,452588.44659309485
long_write,long-r3-reuse_encoded_metadata-v2-d20-k16-v4096,34,3,reuse_encoded_metadata,20,16,4096,640,8696621,1.000380437,8693313.74180001,33.162360160064736,71242719232,66.32472032012947,8696573,8693265.760054043,2.0,69.951,123.775,158.463,19.993632682363216,20.001238999999998,2.2998862431742166,12087.0234375,426237.8433535881,452499.85231368535
long_write,long-r3-single_reap-v2-d20-k16-v4096,35,3,single_reap,20,16,4096,640,8684146,1.000483453,8679949.652300747,33.11138020439433,71140524032,66.22276040878866,8684096,8679899.676461715,2.0,70.079,123.967,159.231,19.991768919340636,20.001433999999996,2.303212543870174,12065.234375,422877.5585756739,452907.0407324368
long_write,long-r3-control_after-v2-d20-k16-v4096,36,3,control_after,20,16,4096,640,8676501,1.000342685,8673528.711813394,33.08688626027448,71077896192,66.17377252054897,8676455,8673482.727571502,2.0,70.143,123.903,158.335,19.994144306658274,20.000996,2.3051914590916316,11956.21484375,425078.3320317877,451698.2097989751
prepared_write,prepared-r1-control_before-v2-d20-k16-v65536,1,1,control_before,20,16,65536,640,3061947,1.000637335,3059996.7569668987,186.76738018596794,213209493504,198.44034144759092,3061947,3059996.7569668987,1.0625,183.423,556.543,853.503,19.992751919455408,20.00549399999999,6.533585983036281,10566.18359375,149533.69694125996,154760.36580226143
prepared_write,prepared-r1-reuse_encoded_metadata-v2-d20-k16-v65536,2,1,reuse_encoded_metadata,20,16,65536,640,3058994,1.000661543,3056971.6817827183,186.5827442494335,213003870208,198.24416576502307,3058994,3056971.6817827183,1.0625,183.679,557.055,831.487,19.99289983706309,20.006126000000002,6.540099784438937,10563.08984375,151541.74861699465,154084.0667642206
prepared_write,prepared-r1-control_after-v2-d20-k16-v65536,3,1,control_after,20,16,65536,640,3063713,1.000654241,3061709.9038507943,186.8719423737057,213332463616,198.5514387720623,3063713,3061709.9038507943,1.0625,183.679,552.447,815.615,19.992562046214335,20.005642000000016,6.5298681697665595,10562.85546875,151915.61057901915,153963.27091567285
prepared_write,prepared-r2-control_before-v2-d20-k16-v65536,4,2,control_before,20,16,65536,640,3048650,1.001576931,3043850.0584834255,185.78186392110752,212283596800,197.39323041617675,3048650,3043850.0584834255,1.0625,183.807,563.711,905.727,19.976586301786543,20.008088000000008,6.562933757564826,10563.09375,150142.23605355783,153855.3806806878
prepared_write,prepared-r2-reuse_encoded_metadata-v2-d20-k16-v65536,5,2,reuse_encoded_metadata,20,16,65536,640,3058484,1.000657107,3056475.5685086036,186.5524638982302,212968357888,198.21199289186958,3058484,3056475.5685086036,1.0625,183.551,556.543,861.183,19.99230691517989,20.005444000000004,6.540967355068721,10568.18359375,150159.3292536321,154331.58763344493
prepared_write,prepared-r2-control_after-v2-d20-k16-v65536,6,2,control_after,20,16,65536,640,3055314,1.000557628,3053611.2208821224,186.3776379932936,212747624448,198.02624036787444,3055314,3053611.2208821224,1.0625,183.679,558.591,859.647,19.994709390192174,20.005859000000008,6.547889676805725,10562.85546875,150501.07638577715,153896.18317916617
prepared_write,prepared-r3-control_before-v2-d20-k16-v65536,7,3,control_before,20,16,65536,640,3056111,1.000965278,3053163.848107027,186.35033252606365,212803121152,197.99722830894262,3056111,3053163.848107027,1.0625,183.807,556.543,839.167,19.986666310716913,20.00595899999999,6.546214780811296,10574.45703125,151080.16563987147,154905.47315468418
prepared_write,prepared-r3-reuse_encoded_metadata-v2-d20-k16-v65536,8,3,reuse_encoded_metadata,20,16,65536,640,3047128,1.002115043,3040696.795527497,185.58940402389507,212177616896,197.1887417753885,3047128,3040696.795527497,1.0625,183.935,563.711,877.567,19.96604795004559,20.008277,6.5662738815041575,10565.70703125,149697.38359670545,153859.5803715522
prepared_write,prepared-r3-control_after-v2-d20-k16-v65536,9,3,control_after,20,16,65536,640,3038224,1.001783967,3032813.5606905757,185.10824955386815,211557613568,196.6775151509849,3038224,3032813.5606905757,1.0625,183.935,570.367,1052.671,19.970340571441792,20.005967000000005,6.584757081768824,10570.70703125,134788.54168964757,154173.95874533895
buffer_reads,buffer-r1-control_before-v2-d20-k16-v4096,1,1,control_before,20,16,4096,2560,49967975,5.000425811,9992743.99593727,38.11929319739254,409337651200,76.23858639478507,49967226,9992594.20869348,2.0,262.399,323.839,421.375,19.9985314810623,100.001173,2.001305296042115,11316.5546875,438831.62813311856,734919.0126800583
buffer_reads,buffer-r1-no_registered_buffers-v2-d20-k16-v4096,2,1,no_registered_buffers,20,16,4096,2560,61041865,5.000456485,12207258.513919454,46.56699567382604,500054958080,93.13399134765208,61040940,12207073.530807858,2.0,196.479,301.311,327.935,19.99813183055827,99.99978800000001,1.638216460129454,3731.71484375,571386.2341509807,771800.3369446379
buffer_reads,buffer-r1-control_after-v2-d20-k16-v4096,3,1,control_after,20,16,4096,2560,50047031,5.0004825,10008440.385502798,38.179170171748346,409985277952,76.35834034349669,50046283,10008290.799937805,2.0,261.887,323.839,422.655,19.998122381190214,100.000261,1.9981257429636534,11315.77734375,437735.1585571992,735885.5870408505
buffer_reads,buffer-r2-control_before-v2-d20-k16-v4096,4,2,control_before,20,16,4096,2560,50018639,5.000464064,10002799.412178718,38.15765156623351,409752690688,76.31530313246702,50017884,10002648.42619215,2.0,262.015,324.095,420.863,19.99812151834714,99.99988799999998,1.9992524786610044,11325.7890625,439423.61586382554,736867.2092910776
buffer_reads,buffer-r2-no_registered_buffers-v2-d20-k16-v4096,5,2,no_registered_buffers,20,16,4096,2560,61051838,5.000402311,12209385.206005678,46.575108360312186,500136656896,93.15021672062437,61050911,12209199.820922168,2.0,196.735,302.079,325.375,19.998377486551,99.999933,1.6379512276108705,3731.71484375,571478.8175570859,773746.5426509358
buffer_reads,buffer-r2-control_after-v2-d20-k16-v4096,6,2,control_after,20,16,4096,2560,49979590,5.000461064,9994996.333402108,38.127885182960924,409432801280,76.25577036592185,49978846,9994847.547122108,2.0,262.399,323.839,421.375,19.998238106469138,100.000411,2.000824956747344,11316.8203125,436491.7498735673,734218.8956198221
buffer_reads,buffer-r3-control_before-v2-d20-k16-v4096,7,3,control_before,20,16,4096,2560,49926682,5.000458379,9984421.070210852,38.08754375538197,408999378944,76.17508751076394,49925928,9984270.284034295,2.0,262.911,324.607,422.399,19.998249044520247,100.00041200000001,2.002945278839079,11316.8203125,437015.93621443474,742846.6989345978
buffer_reads,buffer-r3-no_registered_buffers-v2-d20-k16-v4096,8,3,no_registered_buffers,20,16,4096,2560,61105805,5.000404265,12220172.962355474,46.61626038496198,500578754560,93.23252076992397,61104882,12219988.37727973,2.0,196.479,302.079,328.191,19.99844546568876,100.000312,1.6365108355908249,3731.71484375,569278.9720872698,761369.2410127564
buffer_reads,buffer-r3-control_after-v2-d20-k16-v4096,9,3,control_after,20,16,4096,2560,49844073,5.000444619,9967928.213945089,38.02462850168262,408322646016,76.04925700336524,49843325,9967778.627246907,2.0,263.167,324.863,422.655,19.998263678400317,100.00021,2.0062608045694823,11320.95703125,436827.15566937474,737744.59694701
final,final-r1-control_before-v2-d20-k16-v100,1,1,control_before,20,16,100,160,14223219,5.000318427,2844462.649258397,0.26491122779048953,58258305024,10.85076389029845,14223194,2844457.6495768037,40.96,55.423,90.239,107.071,19.99886156450172,100.000676,7.030804770706266,11314.41015625,141795.3697051622,142553.3214347031
final,final-r1-control_before-v2-d20-k16-v100,1,1,control_before,20,16,100,640,50088136,5.000385364,10016855.172924627,0.9328923349198538,205161005056,38.21127003831721,50084118,10016051.634855555,40.96,62.015,112.447,146.815,19.998610851065603,100.00076100000004,1.9964959566472995,11314.41015625,492453.04526493285,518599.2301052579
final,final-r1-control_before-v2-d20-k16-v100,1,1,control_before,20,16,100,2560,71510052,5.000361472,14300976.51948311,1.3318822271640516,292905172992,54.55389602463955,71493241,14297614.562533772,40.96,162.431,251.775,302.079,19.998398227799157,99.99921999999998,1.398393892931304,11314.41015625,671876.2271112867,916956.9091504272
final,final-r1-cleaned-v2-d20-k16-v100,2,1,cleaned,20,16,100,160,14222358,5.00028113,2844311.67573172,0.2648971672851332,58254778368,10.850187971999054,14222334,2844306.87600159,40.96,55.423,90.303,107.263,19.998484765195588,99.99804599999999,7.031045484862636,11315.78515625,141774.8285684889,142468.3895723279
final,final-r1-cleaned-v2-d20-k16-v100,2,1,cleaned,20,16,100,640,50106689,5.000398296,10020539.57183414,0.9332354713076855,205236998144,38.2253249047628,50102724,10019746.634998852,40.96,61.983,112.447,146.943,19.998231756856832,99.999124,1.9957240439495014,11315.78515625,491519.4459541508,517991.5372085392
final,final-r1-cleaned-v2-d20-k16-v100,2,1,cleaned,20,16,100,2560,71482724,5.000336455,14295582.835935386,1.3313799012392187,292793237504,54.5333207547584,71465942,14292226.661775703,40.96,162.431,251.391,302.847,19.99884385779796,100.000948,1.3989526756143205,11315.78515625,672801.7264990221,906113.8266944878
final,final-r1-control_after-v2-d20-k16-v100,3,1,control_after,20,16,100,160,14224121,5.000279184,2844665.3629890596,0.2649301069778446,58261999616,10.851537181812514,14224099,2844660.963234728,40.96,55.423,90.303,107.199,19.99865813892523,99.998874,7.0302322371976445,11315.67578125,141935.2747884487,142557.84002639801
final,final-r1-control_after-v2-d20-k16-v100,3,1,control_after,20,16,100,640,50121211,5.000373779,10023492.88577053,0.9335105201015742,205296480256,38.23659090336048,50117197,10022690.145779999,40.96,61.983,112.383,146.815,19.99834820748108,99.99921600000005,1.99514764318045,11315.67578125,493667.0955213406,517808.89078212244
final,final-r1-control_after-v2-d20-k16-v100,3,1,control_after,20,16,100,2560,71245879,5.000375237,14248106.516651003,1.3269583244482988,291823120384,54.35221296940232,71229121,14244755.168160994,40.96,162.559,252.159,299.775,19.998328777420895,99.99914799999993,1.4035779950163847,11315.67578125,671555.2015281689,813327.5618811324
final,final-r1-control_before-v2-d20-k16-v1024,4,1,control_before,20,16,1024,160,13888743,5.000229298,2777621.2194019267,2.648946017648627,56888291328,10.595784070594508,13888740,2777620.619429441,4.0,55.455,84.479,105.215,19.999146247152762,100.00031699999998,7.200098453834158,11315.83203125,138541.24655384955,139155.6183790034
final,final-r1-control_before-v2-d20-k16-v1024,4,1,control_before,20,16,1024,640,49854241,5.000385523,9970079.46101119,9.50820871449584,204202971136,38.03283485798336,49853555,9969942.271589125,4.0,61.791,107.391,136.959,19.9982554425134,99.99898699999997,2.005827087007502,11315.83203125,491376.11264138523,515308.46734674857
final,final-r1-control_before-v2-d20-k16-v1024,4,1,control_before,20,16,1024,2560,72451393,5.000357181,14489243.543500377,13.818019431591393,296760905728,55.27207772636557,72448355,14488635.986901913,4.0,162.431,248.703,267.007,19.998139208927842,99.997839,1.380205885068352,11315.83203125,688918.9862455147,892876.0163303223
final,final-r1-cleaned-v2-d20-k16-v1024,5,1,cleaned,20,16,1024,160,13880329,5.000282661,2775908.8717644797,2.647312995686035,56853827584,10.58925198274414,13880324,2775907.8718210086,4.0,55.519,84.543,105.215,19.998635233153273,99.998829,7.204355818943485,11314.1328125,138318.98052372923,139150.73350290346
final,final-r1-cleaned-v2-d20-k16-v1024,5,1,cleaned,20,16,1024,640,49763979,5.000422835,9951954.193089753,9.490923112001184,203833257984,37.963692448004736,49763258,9951810.005283283,4.0,61.919,107.455,136.959,19.998342000212062,100.00016599999998,2.009488951838035,11314.1328125,488899.05527359265,515414.81291551614
final,final-r1-cleaned-v2-d20-k16-v1024,5,1,cleaned,20,16,1024,2560,72494566,5.000332496,14497949.097983342,13.826321695311872,296937742336,55.30528678124749,72491534,14497342.738305775,4.0,162.815,249.727,268.031,19.99861990777503,99.99974900000001,1.3794102719367962,11314.1328125,679742.9976344516,922337.8652698298
final,final-r1-control_after-v2-d20-k16-v1024,6,1,control_after,20,16,1024,160,13878291,5.000278744,2775503.469012207,2.646926373493392,56845479936,10.587705493973568,13878288,2775502.8690456543,4.0,55.455,84.607,105.279,19.998873486801752,99.99994199999998,7.205493961756528,11315.81640625,136514.38948660338,139204.83949724384
final,final-r1-control_after-v2-d20-k16-v1024,6,1,control_after,20,16,1024,640,49832369,5.000447619,9965581.643262085,9.503919261228642,204113383424,38.01567704491457,49831677,9965443.25565107,4.0,61.759,107.391,137.087,19.998079495930824,99.99934900000001,2.0067147319446126,11315.81640625,487361.1695761271,515021.49331883644
final,final-r1-control_after-v2-d20-k16-v1024,6,1,control_after,20,16,1024,2560,72542743,5.000388638,14507420.972985579,13.835354779229716,297135075328,55.341419116918864,72539697,14506811.820333553,4.0,162.303,248.831,267.007,19.998455568044985,100.00004999999999,1.3784983289093435,11315.81640625,684563.9904839732,907864.033907518
final,final-r1-control_before-v2-d20-k16-v4096,7,1,control_before,20,16,4096,160,12540368,5.000267498,2507939.4262438715,9.567029671645628,102730694656,19.134059343291256,12540365,2507938.8262759694,2.0,61.503,96.895,115.263,19.998755874560214,99.99912900000001,7.974178189986133,11323.5078125,124941.91565748908,125731.8733950661
final,final-r1-control_before-v2-d20-k16-v4096,7,1,control_before,20,16,4096,640,43530291,5.000367794,8705417.839910198,33.208533630028526,356600143872,66.41706726005705,43530076,8705374.843072994,2.0,69.887,123.647,157.951,19.998418140359703,99.99944600000002,2.2972381691636294,11323.5078125,426025.26209295075,453396.24871601997
final,final-r1-control_before-v2-d20-k16-v4096,7,1,control_before,20,16,4096,2560,49862338,5.000438281,9971593.52800339,38.03861056519848,408472272896,76.07722113039696,49861596,9971445.14101043,2.0,262.399,326.655,422.399,19.99832682266437,100.00039900000002,2.005529684548687,11323.5078125,437299.46799037396,735641.3164776346
final,final-r1-cleaned-v2-d20-k16-v4096,8,1,cleaned,20,16,4096,160,12540928,5.000275672,2508047.320315823,9.567441254866878,102735282176,19.134882509733757,12540928,2508047.320315823,2.0,61.503,96.895,115.199,19.998916971712113,100.000098,7.973899379695028,11325.03515625,125016.30730090674,125624.6737589871
final,final-r1-cleaned-v2-d20-k16-v4096,8,1,cleaned,20,16,4096,640,43492477,5.00032507,8697929.91278465,33.1799694548975,356290371584,66.359938909795,43492244,8697883.315814106,2.0,69.951,123.711,158.079,19.99856961299518,99.999349,2.299233244406843,11325.03515625,427697.99364264135,453336.7267660461
final,final-r1-cleaned-v2-d20-k16-v4096,8,1,cleaned,20,16,4096,2560,49920329,5.000487014,9983093.418748353,38.082479166978274,408947335168,76.16495833395655,49919579,9982943.433357349,2.0,262.911,324.863,422.399,19.99814512467006,100.00046500000005,2.00320124092131,11325.03515625,437459.79019154795,741216.0034858556
final,final-r1-control_after-v2-d20-k16-v4096,9,1,control_after,20,16,4096,160,12538350,5.000231318,2507553.991525158,9.565559354878074,102714163200,19.131118709756148,12538349,2507553.79153441,2.0,61.535,96.895,115.199,19.999031972784422,99.999786,7.975514003038677,11318.97265625,124964.41869611922,125703.58449964815
final,final-r1-control_after-v2-d20-k16-v4096,9,1,control_after,20,16,4096,640,43474871,5.000394593,8694288.05895839,33.16607688506466,356146143232,66.33215377012932,43474642,8694242.262572577,2.0,70.015,123.711,158.079,19.99850954562457,100.000439,2.3001894358697466,11318.97265625,426161.5679256855,453142.2386489249
final,final-r1-control_after-v2-d20-k16-v4096,9,1,control_after,20,16,4096,2560,50054675,5.000435891,10010062.340783242,38.18535744012162,410047897600,76.37071488024324,50053921,10009911.553928569,2.0,262.015,323.327,421.119,19.9983123831234,100.000279,1.9978209627772032,11318.97265625,437776.2354557901,739710.9133340551
final,final-r1-control_before-v2-d20-k16-v65536,10,1,control_before,20,16,65536,160,5566251,5.000458668,1113148.0869186537,67.94116741446861,387589189632,72.1874903778729,5566251,1113148.0869186537,1.0625,140.415,263.423,383.231,19.99855566049446,100.00195099999999,17.96576385074981,10387.35546875,54600.591291198725,56445.62203988604
final,final-r1-control_before-v2-d20-k16-v65536,10,1,control_before,20,16,65536,640,15348609,5.000695432,3069294.9028214286,187.33489397103446,1068754341888,199.04332484422412,15348609,3069294.9028214286,1.0625,183.423,549.375,818.175,19.998084938359035,100.00433200000002,6.515530625609136,10387.35546875,151613.11267796485,154336.3339149266
final,final-r1-control_before-v2-d20-k16-v65536,10,1,control_before,20,16,65536,2560,17954513,5.003111651,3588669.2627399852,219.0349891809073,1250208649216,232.72467600471398,17954513,3588669.2627399852,1.0625,454.911,3665.919,5967.871,19.991369966730332,100.019056,5.570691669554056,10387.35546875,178809.92118598634,179714.95795427333
final,final-r1-cleaned-v2-d20-k16-v65536,11,1,cleaned,20,16,65536,160,5566185,5.000446064,1113137.6938695444,67.94053307309231,387584593920,72.18681639016057,5566185,1113137.6938695444,1.0625,140.543,262.911,378.879,19.998578670800754,100.00181399999998,17.965952263534177,10390.35546875,54584.330379050756,56514.55817802418
final,final-r1-cleaned-v2-d20-k16-v65536,11,1,cleaned,20,16,65536,640,15352176,5.000671168,3070023.0997472377,187.379339584182,1069002719232,199.09054830819335,15352176,3070023.0997472377,1.0625,183.423,548.351,814.591,19.998154975664264,100.00419700000003,6.514007981669832,10390.35546875,151468.66781543192,154494.66162538924
final,final-r1-cleaned-v2-d20-k16-v65536,11,1,cleaned,20,16,65536,2560,17956610,5.002686405,3589393.487077869,219.0791923265301,1250354667520,232.77164184693822,17956610,3589393.487077869,1.0625,454.143,3674.111,5988.351,19.993950430318844,100.02346399999999,5.570286596412128,10390.35546875,178792.33827369995,179721.6389780882
final,final-r1-control_after-v2-d20-k16-v65536,12,1,control_after,20,16,65536,160,5561675,5.000466119,1112231.3135704699,67.88521200991637,387270553600,72.12803776053615,5561675,1112231.3135704699,1.0625,140.543,264.191,388.351,19.99847266638384,100.001685,17.980497781693465,10385.85546875,54553.3143327353,56358.14607946151
final,final-r1-control_after-v2-d20-k16-v65536,12,1,control_after,20,16,65536,640,15346328,5.00079352,3068778.5725654196,187.30337967318235,1068595511296,199.00984090275622,15346328,3068778.5725654196,1.0625,183.423,549.375,815.103,19.997878656665666,100.00526199999997,6.516559661698875,10385.85546875,151462.3623172508,154245.7205871599
final,final-r1-control_after-v2-d20-k16-v65536,12,1,control_after,20,16,65536,2560,17953012,5.002424736,3588861.9914260716,219.04675240637644,1250104131584,232.73717443177495,17953012,3588861.9914260716,1.0625,453.887,3667.967,5988.351,19.995417478281073,100.02557099999999,5.5715203109093885,10385.85546875,178814.4844164628,179732.83906294836
final,final-r1-control_before-v2-d20-k16-v4194304,13,1,control_before,20,16,4194304,160,296795,5.002389074,59330.65093688872,231.76035522222156,1246064128000,231.98668369411828,9794235,1957911.4809173278,1.0009765625,2641.919,4673.535,5599.231,19.996075978955332,100.028152,337.0277531629576,10335.015625,97785.07684306525,97956.59488920434
final,final-r1-control_before-v2-d20-k16-v4194304,13,1,control_before,20,16,4194304,640,298626,5.00793638,59630.54985934146,232.93183538805258,1253751398400,233.15930788354873,9854658,1967808.1453582682,1.0009765625,10280.959,18546.687,23953.407,19.993951081303475,100.12843500000001,335.29711076731434,10335.015625,98302.76637819428,98454.32581154315
final,final-r1-control_before-v2-d20-k16-v4194304,13,1,control_before,20,16,4194304,2560,298240,5.014031693,59481.075960562346,232.34795297094666,1252130816000,232.57485526876985,9841920,1962875.5066985574,1.0009765625,42500.095,50561.023,55017.471,19.99240015573631,100.242528,336.11362660944206,10335.015625,97683.06823504556,98446.52571485053
final,final-r1-cleaned-v2-d20-k16-v4194304,14,1,cleaned,20,16,4194304,160,296691,5.002194543,59312.167379652434,231.68815382676732,1245627494400,231.91441178948875,9790803,1957301.5235285303,1.0009765625,2646.015,4673.535,5640.191,19.996281060274626,100.02528799999999,337.1362393871064,10338.1015625,97802.07382869875,97973.59854502564
final,final-r1-cleaned-v2-d20-k16-v4194304,14,1,cleaned,20,16,4194304,640,298553,5.008440074,59609.977475793195,232.85147451481717,1253444915200,233.07886853289804,9852249,1967129.2567011754,1.0009765625,10280.959,18759.679,24068.095,19.991378057965758,100.125619,335.3696630079081,10338.1015625,98273.11352991941,98457.60211046503
final,final-r1-cleaned-v2-d20-k16-v4194304,14,1,cleaned,20,16,4194304,2560,298176,5.015024129,59456.5434442798,232.25212282921797,1251862118400,232.4789315429184,9839808,1962065.9336612334,1.0009765625,42500.095,50692.095,55345.151,19.989517581840534,100.24791300000001,336.2038292820348,10338.1015625,97637.41657164018,98427.04387913423
final,final-r1-control_after-v2-d20-k16-v4194304,15,1,control_after,20,16,4194304,160,296689,5.002398864,59309.34498948823,231.6771288651884,1245619097600,231.9033760613458,9790737,1957208.3846531115,1.0009765625,2643.967,4657.151,5529.599,19.995487309066366,100.025403,337.1388996558686,10327.45703125,97692.52978144768,97956.40318216737
final,final-r1-control_after-v2-d20-k16-v4194304,15,1,control_after,20,16,4194304,640,298585,5.008279312,59618.28033124683,232.88390754393293,1253579264000,233.1113332348938,9853305,1967403.2509311454,1.0009765625,10280.959,18710.527,23986.175,19.991913342392273,100.125086,335.3319356297202,10327.45703125,98296.03529109241,98440.9952573348
final,final-r1-control_after-v2-d20-k16-v4194304,15,1,control_after,20,16,4194304,2560,298167,5.015115532,59453.66524409711,232.24087985975433,1251824332800,232.46767759399236,9839511,1961970.9530552046,1.0009765625,42500.095,50593.791,54919.167,19.988650383099486,100.24539099999998,336.2055190547579,10327.45703125,97550.09568142486,98412.08978154404
final,final-r2-control_before-v2-d20-k16-v100,16,2,control_before,20,16,100,640,50123272,5.000440191,10023771.925162498,0.9335365076700689,205304922112,38.23765535416602,50119330,10022983.594565704,40.96,61.983,112.319,146.815,19.998085604539927,99.99923099999998,1.995065904715877,11315.78515625,491715.31026917143,517856.80881869385
final,final-r2-cleaned-v2-d20-k16-v100,17,2,cleaned,20,16,100,640,50126225,5.000403719,10024435.58897769,0.9335983161793733,205317017600,38.24018703070713,50122208,10023632.253842022,40.96,61.951,112.319,146.815,19.998229266975713,99.99922000000001,1.9949481533867754,11315.80078125,492975.39529327746,514997.2171676964
final,final-r2-control_after-v2-d20-k16-v100,18,2,control_after,20,16,100,640,50137092,5.000372889,10026670.632962868,0.9338064708712388,205361528832,38.24871304688594,50133116,10025875.492262712,40.96,61.951,112.319,146.815,19.998248774602537,99.998701,1.9945054052995335,11315.80078125,493670.7831190707,515281.97140419297
final,final-r2-control_before-v2-d20-k16-v1024,19,2,control_before,20,16,1024,640,49841499,5.000400407,9967501.58851829,9.505750263708391,204150779904,38.023001054833564,49840866,9967374.998655783,4.0,61.791,107.327,137.087,19.998203515864965,99.999025,2.0063406399554715,11314.5390625,488561.2753290859,513994.8385737343
final,final-r2-cleaned-v2-d20-k16-v1024,20,2,cleaned,20,16,1024,640,49803571,5.000421424,9959874.733950024,9.49847672839167,203995426816,37.99390691356668,49802886,9959737.745496068,4.0,61.823,107.391,137.727,19.99804386887212,99.99864699999999,2.007860982498624,11315.78515625,482581.52571262163,514246.4568402345
final,final-r2-control_after-v2-d20-k16-v1024,21,2,control_after,20,16,1024,640,49836349,5.000344935,9966582.235391326,9.504873500243498,204129685504,38.01949400097399,49835654,9966443.244979858,4.0,61.791,107.327,136.959,19.99846636580082,99.99923,2.0065520851055925,11314.79296875,491483.4940281974,514127.931856365
final,final-r2-control_before-v2-d20-k16-v4096,22,2,control_before,20,16,4096,640,43517859,5.000442722,8702801.215688039,33.19855200076309,356498300928,66.39710400152617,43517633,8702756.01968989,2.0,69.951,123.647,157.951,19.998076282334434,99.99923500000003,2.2978895859743473,11317.05859375,427207.1731971736,452848.3028187359
final,final-r2-cleaned-v2-d20-k16-v4096,23,2,cleaned,20,16,4096,640,43498197,5.000345882,8699037.63189316,33.18419506795181,356337229824,66.36839013590362,43497972,8698992.635005884,2.0,69.951,123.711,157.951,19.99840218253126,99.998928,2.298921217355285,11320.7265625,426985.26269667357,452692.48436362465
final,final-r2-control_after-v2-d20-k16-v4096,24,2,control_after,20,16,4096,640,43468717,5.000453819,8692954.394425936,33.160989358619446,356095729664,66.32197871723889,43468491,8692909.198528087,2.0,70.015,123.711,158.079,19.998051500853194,99.99933300000004,2.3004896371797683,11329.5234375,426152.7207596835,452919.69128772395
final,final-r2-control_before-v2-d20-k16-v65536,25,2,control_before,20,16,65536,640,15321173,5.000581895,3063878.0289388704,187.00427422722598,1066843918336,198.6920413664276,15321173,3063878.0289388704,1.0625,183.423,553.983,837.631,19.998300017842226,100.00313700000001,6.52712014935149,10382.85546875,151588.5582751765,154458.42428304037
final,final-r2-cleaned-v2-d20-k16-v65536,26,2,cleaned,20,16,65536,640,15322980,5.001152772,3063889.6067700447,187.00498088196073,1066969743360,198.69279218708328,15322980,3063889.6067700447,1.0625,183.423,553.983,838.143,19.996350153488173,100.004802,6.526459083024321,10387.7109375,151793.4033629637,154303.02475870858
final,final-r2-control_after-v2-d20-k16-v65536,27,2,control_after,20,16,65536,640,15327378,5.000673341,3065062.833505325,187.07658895906525,1067275984896,198.76887576900683,15327378,3065062.833505325,1.0625,183.423,551.935,829.439,19.997974708742326,100.00333899999998,6.524490946853401,10399.45703125,151878.54678948526,154294.42144799358
final,final-r2-control_before-v2-d20-k16-v4194304,28,2,control_before,20,16,4194304,640,298565,5.007708996,59621.07627230023,232.8948291886728,1253495296000,233.12226554530233,9852645,1967495.5169859077,1.0009765625,10289.151,18399.231,23019.519,19.994782460398383,100.128052,335.36433272486727,10340.828125,98294.05031186441,98432.43694746036
final,final-r2-cleaned-v2-d20-k16-v4194304,29,2,cleaned,20,16,4194304,640,298506,5.008072167,59604.97174281235,232.83192087036073,1253247590400,233.0592957930857,9850698,1966964.0675128074,1.0009765625,10289.151,18644.991,23822.335,19.993901777174607,100.13090299999998,335.44016870682657,10337.73828125,98280.33294792575,98425.29891003466
final,final-r2-control_after-v2-d20-k16-v4194304,30,2,control_after,20,16,4194304,640,298524,5.007577624,59614.45281831542,232.8689563215446,1253323161600,233.09636741170235,9851292,1967276.9430044089,1.0009765625,10280.959,18923.519,24199.167,19.9948714764047,100.12587100000002,335.4030865190069,10329.23046875,98303.2190336347,98435.01928708196
final,final-r3-control_before-v2-d20-k16-v100,31,3,control_before,20,16,100,640,50083105,5.00038222,10015855.347953781,0.9327992189632526,205140398080,38.20745600873482,50079094,10015053.20927247,40.96,62.047,112.319,146.687,19.99843723946367,99.99983,1.9966779216264647,11315.67578125,491562.42300213606,515886.16359810997
final,final-r3-cleaned-v2-d20-k16-v100,32,3,cleaned,20,16,100,640,50085676,5.000464988,10016203.7170932,0.9328316633676365,205150928896,38.20878493153839,50081704,10015409.390963623,40.96,62.015,112.319,146.687,19.99799823415942,99.99929000000002,1.9965646465468494,11314.1328125,493743.68302246375,515501.859564265
final,final-r3-control_after-v2-d20-k16-v100,33,3,control_after,20,16,100,640,50079973,5.000399948,10015193.488678917,0.9327375785148626,205127569408,38.20493121596877,50076035,10014405.951673688,40.96,62.047,112.383,146.815,19.998309943186968,99.99954799999999,1.9967971628099717,11315.83203125,488250.34505019954,516255.7049126663
final,final-r3-control_before-v2-d20-k16-v1024,34,3,control_before,20,16,1024,640,49856399,5.000425887,9970430.544649327,9.508543533944442,204211810304,38.03417413577777,49855696,9970289.956624249,4.0,61.791,107.263,136.703,19.998035819303805,99.998696,2.005734429395914,11315.83203125,489660.09202647745,514013.01770758553
final,final-r3-cleaned-v2-d20-k16-v1024,35,3,cleaned,20,16,1024,640,49820998,5.000287198,9963627.293233728,9.50205544780133,204066807808,38.00822179120532,49820322,9963492.100999117,4.0,61.823,107.327,136.959,19.998587689122573,99.998682,2.007159350762102,11315.67578125,491080.19255017204,514808.8295867521
final,final-r3-control_after-v2-d20-k16-v1024,36,3,control_after,20,16,1024,640,49808420,5.000298887,9961088.552025191,9.499634315514747,204015288320,37.99853726205899,49807743,9960953.160118567,4.0,61.855,107.391,136.959,19.99856273791579,99.998791,2.0076684022500615,11315.91015625,489142.9603056047,514547.44169175904
final,final-r3-control_before-v2-d20-k16-v4096,37,3,control_before,20,16,4096,640,43436723,5.000403324,8686643.893607652,33.13691670840321,355833634816,66.27383341680643,43436484,8686596.097463118,2.0,70.015,123.839,159.871,19.99813725425802,99.99875200000002,2.3021707231459434,11316.8203125,422299.93526018225,452847.07118157257
final,final-r3-cleaned-v2-d20-k16-v4096,38,3,cleaned,20,16,4096,640,43441028,5.000413163,8687487.730301376,33.1401356899314,355868901376,66.2802713798628,43440802,8687442.534036063,2.0,70.079,123.711,158.079,19.998226494549368,99.999395,2.3019573800141195,11317.0625,425575.6335789007,452375.6190264232
final,final-r3-control_after-v2-d20-k16-v4096,39,3,control_after,20,16,4096,640,43473464,5.000398462,8693999.954278044,33.16497785292833,356134617088,66.32995570585666,43473224,8693951.958102975,2.0,70.015,123.711,158.079,19.99828828841041,99.99941000000003,2.3002402109019893,11319.4921875,425595.08330638317,452941.70398854907
final,final-r3-control_before-v2-d20-k16-v65536,40,3,control_before,20,16,65536,640,15289748,5.001784622,3056858.532602366,186.57583817153113,1064655732736,198.23682805725184,15289748,3056858.532602366,1.0625,183.551,557.567,867.839,19.9938778971279,100.00507100000002,6.540661821241267,10386.9453125,151165.04550683152,154057.81300752697
final,final-r3-cleaned-v2-d20-k16-v65536,41,3,cleaned,20,16,65536,640,15292963,5.002479208,3057076.7741609775,186.58915857916122,1064879599616,198.25098099035878,15292963,3057076.7741609775,1.0625,183.551,557.567,867.327,19.99131067652805,100.00611599999999,6.539355126929947,10387.35546875,150636.3082518983,154207.53748787995
final,final-r3-control_after-v2-d20-k16-v65536,42,3,control_after,20,16,65536,640,15279896,5.000657354,3055577.480784139,186.4976489736413,1063969718272,198.1537520344939,15279896,3055577.480784139,1.0625,183.679,558.591,868.863,19.998095234421047,100.00362199999998,6.544784205337522,10387.20703125,150718.7848807767,154121.13757074665
final,final-r3-control_before-v2-d20-k16-v4194304,43,3,control_before,20,16,4194304,640,298607,5.008000592,59625.991354116035,232.91402872701576,1253671628800,233.14148383319448,9854031,1967657.7146858291,1.0009765625,10280.959,18726.911,23691.263,19.99310127078356,100.12546300000001,335.3084924331982,10328.04296875,98321.27431984936,98439.88452947051
final,final-r3-cleaned-v2-d20-k16-v4194304,44,3,cleaned,20,16,4194304,640,298565,5.008317236,59613.8355322027,232.8665450476668,1253495296000,233.0939537830649,9852645,1967256.572562689,1.0009765625,10272.767,18890.751,24461.311,19.99253447450748,100.12895500000002,335.3673571919013,10341.09375,98301.88001293775,98413.89368411007
final,final-r3-control_after-v2-d20-k16-v4194304,45,3,control_after,20,16,4194304,640,298595,5.00852185,59617.38990916052,232.88042933265828,1253621248000,233.10785162692846,9853635,1967373.8670022972,1.0009765625,10280.959,18644.991,23379.967,19.991926759788413,100.13000199999996,335.33716907516856,10335.57421875,98284.68652882086,98423.05070506979
